Sembol,Alis_Tarihi,Satis_Tarihi,Alis_Fiyati,Satis_Fiyati,Sonuc,Net_PNL,Kasa_Etkisi
AAPL,2024-04-11,2024-04-16,173.62,168.01,ZARAR (SL),-326.35,9670.65
AAPL,2024-04-29,2024-05-03,172.1,181.9,KAR (TP),566.45,10234.1
AAPL,2024-05-06,2024-05-20,180.24,189.75,KAR (TP),524.71,10755.81
AAPL,2024-06-05,2024-06-11,194.55,205.75,KAR (TP),572.89,11325.71
AAPL,2024-06-20,2024-07-02,208.27,218.78,KAR (TP),502.06,11824.76
AAPL,2024-09-03,2024-10-18,221.52,233.68,KAR (TP),546.0,12367.76
AAPL,2024-10-23,2024-11-01,229.47,221.66,ZARAR (SL),-343.18,12021.58
AAPL,2025-02-21,2025-02-27,244.71,236.49,ZARAR (SL),-338.98,11679.6
AAPL,2025-05-02,2025-05-05,204.65,198.21,ZARAR (SL),-317.58,11359.01
AAPL,2025-05-16,2025-05-21,210.82,201.67,ZARAR (SL),-437.06,10918.95
AAPL,2025-06-23,2025-07-02,201.08,211.99,KAR (TP),539.93,11455.88
AAPL,2025-08-06,2025-08-08,212.8,228.87,KAR (TP),751.98,12204.86
AAPL,2025-08-11,2025-09-04,226.96,239.55,KAR (TP),551.63,12753.49
AAPL,2025-09-05,2025-09-10,239.46,226.57,ZARAR (SL),-541.2,12209.29
AAPL,2025-10-20,2025-11-11,261.99,275.25,KAR (TP),503.29,12709.58
AAPL,2025-11-21,2025-12-02,271.49,286.19,KAR (TP),538.46,13245.03
MSFT,2024-01-31,2024-02-09,391.74,414.37,KAR (TP),574.75,13815.28
MSFT,2024-02-13,2024-03-21,400.35,423.84,KAR (TP),583.83,14396.11
MSFT,2024-03-28,2024-04-18,415.31,399.07,ZARAR (SL),-394.0,13999.11
MSFT,2024-05-15,2024-06-17,418.39,443.4,KAR (TP),594.76,14590.87
MSFT,2024-07-10,2024-07-16,461.08,444.54,ZARAR (SL),-361.82,14226.05
MSFT,2024-08-30,2024-09-06,413.26,397.96,ZARAR (SL),-373.14,13849.91
MSFT,2024-09-17,2024-10-01,431.1,416.78,ZARAR (SL),-335.3,13511.61
MSFT,2024-11-06,2024-12-05,416.27,439.38,KAR (TP),552.14,14060.75
MSFT,2024-12-18,2024-12-31,434.19,418.41,ZARAR (SL),-366.29,13691.46
MSFT,2025-01-22,2025-01-30,442.93,411.95,ZARAR (SL),-702.46,12986.0
MSFT,2025-04-09,2025-04-16,388.41,369.63,ZARAR (SL),-486.49,12496.5
MSFT,2025-04-30,2025-05-01,393.15,423.13,KAR (TP),759.54,13253.04
MSFT,2025-06-05,2025-06-25,466.04,490.54,KAR (TP),522.79,13772.83
MSFT,2025-07-18,2025-08-04,508.26,533.76,KAR (TP),498.72,14268.54
MSFT,2025-08-06,2025-08-20,523.1,503.95,ZARAR (SL),-369.14,13896.41
MSFT,2025-09-19,2025-11-06,516.96,496.17,ZARAR (SL),-405.18,13488.23
GOOGL,2024-03-18,2024-04-01,146.57,154.32,KAR (TP),525.85,14009.57
GOOGL,2024-04-04,2024-04-11,149.4,158.21,KAR (TP),586.92,14593.49
GOOGL,2024-04-19,2024-04-26,152.93,170.66,KAR (TP),1156.06,15746.55
GOOGL,2024-04-29,2024-05-17,164.9,174.74,KAR (TP),593.45,16337.0
GOOGL,2024-06-03,2024-06-25,171.87,182.86,KAR (TP),636.33,16970.33
GOOGL,2024-06-28,2024-07-24,180.99,171.53,ZARAR (SL),-525.65,16441.68
GOOGL,2024-09-20,2024-10-30,162.77,173.58,KAR (TP),661.47,17100.15
GOOGL,2024-10-31,2024-11-07,170.25,179.84,KAR (TP),560.38,17657.53
GOOGL,2024-11-14,2024-11-21,174.69,166.78,ZARAR (SL),-455.78,17198.75
GOOGL,2024-12-04,2024-12-10,173.49,184.45,KAR (TP),628.54,17824.29
GOOGL,2024-12-18,2025-01-21,187.67,197.28,KAR (TP),509.21,18330.5
GOOGL,2025-01-22,2025-01-27,197.6,191.06,ZARAR (SL),-333.69,17993.8
GOOGL,2025-05-12,2025-05-19,158.02,166.08,KAR (TP),506.91,18497.71
GOOGL,2025-05-20,2025-05-27,163.53,172.42,KAR (TP),540.97,19035.68
GOOGL,2025-06-27,2025-07-21,178.25,189.81,KAR (TP),645.07,19677.75
GOOGL,2025-08-08,2025-08-28,201.11,211.31,KAR (TP),504.4,20179.15
GOOGL,2025-09-02,2025-09-03,211.02,230.3,KAR (TP),910.65,21086.8
GOOGL,2025-10-22,2025-10-27,251.53,269.09,KAR (TP),695.48,21779.27
GOOGL,2025-11-07,2025-11-19,278.65,292.62,KAR (TP),498.38,22274.66
GOOGL,2025-11-20,2025-11-24,289.26,318.37,KAR (TP),1003.39,23275.05
GOOGL,2025-11-26,2025-12-12,319.74,309.29,ZARAR (SL),-329.85,22942.19
GOOG,2024-03-18,2024-04-01,147.37,155.33,KAR (TP),537.14,23476.33
GOOG,2024-04-04,2024-04-11,150.81,159.59,KAR (TP),579.46,24052.8
GOOG,2024-04-15,2024-04-26,155.17,172.4,KAR (TP),1107.47,25157.27
GOOG,2024-04-29,2024-05-17,166.65,175.97,KAR (TP),556.26,25710.53
GOOG,2024-06-10,2024-06-25,175.51,184.41,KAR (TP),503.71,26211.24
GOOG,2024-06-28,2024-07-10,182.26,191.44,KAR (TP),500.76,26709.0
GOOG,2024-10-25,2024-10-30,166.15,175.26,KAR (TP),544.94,27250.94
GOOG,2024-10-31,2024-11-07,171.83,181.37,KAR (TP),552.33,27800.27
GOOG,2024-11-15,2024-11-22,173.02,165.74,ZARAR (SL),-423.95,27373.31
GOOG,2024-12-04,2024-12-10,175.21,185.81,KAR (TP),601.9,27972.21
GOOG,2024-12-18,2025-01-22,189.41,199.25,KAR (TP),516.59,28485.8
GOOG,2025-01-23,2025-02-05,198.81,192.55,ZARAR (SL),-317.66,28165.14
GOOG,2025-05-12,2025-05-19,159.14,167.41,KAR (TP),516.49,28678.63
GOOG,2025-05-20,2025-05-27,164.87,173.5,KAR (TP),520.83,29196.46
GOOG,2025-06-18,2025-06-20,173.71,167.47,ZARAR (SL),-362.24,28831.22
GOOG,2025-06-30,2025-07-21,177.12,190.85,KAR (TP),772.69,29600.91
GOOG,2025-09-02,2025-09-03,211.66,230.74,KAR (TP),898.46,30496.37
GOOG,2025-10-01,2025-10-10,245.38,237.34,ZARAR (SL),-330.85,30162.52
GOOG,2025-10-22,2025-10-27,252.37,269.75,KAR (TP),686.03,30845.55
GOOG,2025-11-07,2025-11-21,279.52,299.45,KAR (TP),710.26,31552.81
GOOG,2025-11-26,2025-12-15,320.07,309.32,ZARAR (SL),-338.9,31210.91
AMZN,2024-01-30,2024-02-02,159.0,171.81,KAR (TP),802.66,32010.57
AMZN,2024-02-13,2024-03-01,168.64,178.22,KAR (TP),565.07,32572.65
AMZN,2024-03-14,2024-04-11,178.75,189.05,KAR (TP),573.22,33142.87
AMZN,2024-04-12,2024-04-18,186.13,179.22,ZARAR (SL),-374.25,32765.62
AMZN,2024-05-02,2024-05-31,184.72,176.44,ZARAR (SL),-451.25,32311.38
AMZN,2024-06-20,2024-06-27,186.1,197.85,KAR (TP),628.38,32936.76
AMZN,2024-06-28,2024-07-18,193.25,183.75,ZARAR (SL),-494.59,32439.17
AMZN,2024-08-30,2024-09-06,178.5,171.39,ZARAR (SL),-401.32,32034.85
AMZN,2024-09-18,2024-10-07,186.43,180.8,ZARAR (SL),-304.99,31726.86
AMZN,2024-10-29,2024-11-06,190.83,207.09,KAR (TP),849.07,32572.93
AMZN,2024-11-15,2024-12-03,202.61,213.44,KAR (TP),531.52,33101.45
AMZN,2024-12-04,2024-12-11,218.16,230.26,KAR (TP),551.64,33650.09
AMZN,2024-12-18,2025-01-22,220.52,235.01,KAR (TP),654.08,34301.17
AMZN,2025-01-27,2025-02-18,235.42,226.65,ZARAR (SL),-375.53,33922.65
AMZN,2025-05-02,2025-05-12,189.98,208.64,KAR (TP),979.21,34898.86
AMZN,2025-05-15,2025-06-09,205.17,216.98,KAR (TP),572.62,35468.48
AMZN,2025-06-11,2025-07-11,213.2,225.02,KAR (TP),551.41,36016.88
AMZN,2025-07-31,2025-08-01,234.11,214.75,ZARAR (SL),-829.96,35183.92
AMZN,2025-08-14,2025-08-20,230.98,223.81,ZARAR (SL),-313.42,34867.51
AMZN,2025-09-04,2025-09-12,235.68,228.15,ZARAR (SL),-322.5,34542.01
AMZN,2025-10-21,2025-10-31,222.03,244.22,KAR (TP),996.41,35535.42
NVDA,2024-02-20,2024-02-22,69.41,78.49,KAR (TP),1305.24,36837.66
NVDA,2024-03-08,2024-03-12,87.48,91.87,KAR (TP),497.98,37332.64
NVDA,2024-03-13,2024-03-14,90.84,87.9,ZARAR (SL),-326.91,37002.73
NVDA,2024-08-22,2024-08-29,123.69,117.54,ZARAR (SL),-500.01,36499.72
NVDA,2024-09-12,2024-09-18,119.1,113.33,ZARAR (SL),-487.3,36009.41
NVDA,2024-10-07,2024-10-10,127.68,134.76,KAR (TP),552.12,36558.54
NVDA,2024-10-15,2024-10-21,131.55,143.66,KAR (TP),917.21,37472.75
NVDA,2024-11-06,2024-11-18,145.56,140.1,ZARAR (SL),-377.98,37091.77
NVDA,2024-12-04,2024-12-09,145.09,138.77,ZARAR (SL),-438.47,36650.3
NVDA,2025-01-06,2025-01-07,149.39,140.1,ZARAR (SL),-624.7,36022.6
NVDA,2025-01-22,2025-01-24,147.03,142.58,ZARAR (SL),-305.58,35714.02
NVDA,2025-02-26,2025-02-27,131.24,120.12,ZARAR (SL),-850.81,34860.22
NVDA,2025-06-20,2025-06-25,143.83,154.29,KAR (TP),724.15,35581.36
NVDA,2025-07-01,2025-07-09,153.28,162.86,KAR (TP),621.92,36200.28
NVDA,2025-08-01,2025-08-08,173.7,182.68,KAR (TP),513.92,36711.21
NVDA,2025-08-13,2025-08-19,181.57,175.62,ZARAR (SL),-330.66,36377.54
NVDA,2025-09-18,2025-09-30,176.23,186.57,KAR (TP),583.7,36958.24
NVDA,2025-10-10,2025-10-28,183.15,201.02,KAR (TP),972.65,37927.89
NVDA,2025-10-29,2025-11-04,207.03,198.68,ZARAR (SL),-406.3,37518.59
META,2024-01-31,2024-02-02,387.43,471.7,KAR (TP),2171.86,39685.95
META,2024-03-07,2024-03-11,509.18,480.74,ZARAR (SL),-561.39,39121.56
META,2024-04-04,2024-04-17,507.91,491.26,ZARAR (SL),-330.84,38787.72
META,2024-06-05,2024-06-27,492.15,517.02,KAR (TP),502.31,39287.03
META,2024-06-28,2024-07-05,501.75,537.27,KAR (TP),704.83,39988.86
META,2024-07-08,2024-07-11,526.73,510.19,ZARAR (SL),-316.99,39668.87
META,2024-09-17,2024-09-23,534.2,562.18,KAR (TP),520.75,40186.62
META,2024-10-29,2024-10-31,590.94,565.34,ZARAR (SL),-436.18,39747.44
META,2024-12-02,2024-12-06,590.49,621.31,KAR (TP),518.9,40263.34
META,2024-12-17,2024-12-18,617.49,595.31,ZARAR (SL),-362.2,39898.14
META,2025-01-06,2025-01-08,628.22,608.8,ZARAR (SL),-312.11,39583.03
META,2025-01-24,2025-01-30,645.45,684.84,KAR (TP),607.2,40187.24
META,2025-02-19,2025-02-24,701.56,666.03,ZARAR (SL),-509.42,39674.82
META,2025-05-02,2025-05-12,595.67,637.99,KAR (TP),707.36,40379.18
META,2025-06-02,2025-06-24,669.39,711.14,KAR (TP),620.76,40996.94
META,2025-06-26,2025-07-16,725.01,701.86,ZARAR (SL),-322.25,40671.7
META,2025-07-31,2025-08-01,772.29,748.89,ZARAR (SL),-305.93,40362.76
META,2025-08-12,2025-08-19,788.82,750.36,ZARAR (SL),-490.59,39869.17
META,2025-09-16,2025-09-25,777.84,748.3,ZARAR (SL),-382.78,39483.39
META,2025-10-28,2025-10-30,750.83,665.93,ZARAR (SL),-1133.76,38346.63
TSLA,2024-02-26,2024-03-04,199.4,188.14,ZARAR (SL),-567.69,37774.44
TSLA,2024-04-29,2024-04-30,194.05,183.28,ZARAR (SL),-558.01,37213.43
TSLA,2024-05-21,2024-05-22,186.6,180.11,ZARAR (SL),-350.8,36859.62
TSLA,2024-06-13,2024-06-26,182.47,196.37,KAR (TP),758.77,37615.39
TSLA,2024-06-27,2024-07-01,197.42,209.86,KAR (TP),627.13,38239.52
TSLA,2024-08-23,2024-08-26,220.32,213.21,ZARAR (SL),-325.71,37910.81
TSLA,2024-09-05,2024-09-06,230.17,210.73,ZARAR (SL),-847.59,37060.21
TSLA,2024-09-18,2024-09-19,227.2,243.92,KAR (TP),732.92,37790.13
TSLA,2024-09-20,2024-09-24,238.25,254.27,KAR (TP),669.4,38456.53
TSLA,2024-10-02,2024-10-03,249.02,240.66,ZARAR (SL),-338.72,38114.82
TSLA,2024-10-24,2024-10-31,260.48,249.85,ZARAR (SL),-411.09,37700.72
TSLA,2024-11-14,2024-11-18,311.18,338.74,KAR (TP),882.66,38580.38
TSLA,2024-12-20,2024-12-24,421.06,462.28,KAR (TP),975.96,39553.34
TSLA,2025-04-02,2025-04-03,282.76,267.28,ZARAR (SL),-550.46,38999.88
TSLA,2025-04-25,2025-05-06,284.95,275.35,ZARAR (SL),-339.9,38656.98
TSLA,2025-05-30,2025-06-04,346.46,332.05,ZARAR (SL),-418.92,38235.06
TSLA,2025-06-23,2025-06-25,348.68,327.55,ZARAR (SL),-609.0,37623.06
TSLA,2025-07-28,2025-07-31,325.59,308.27,ZARAR (SL),-534.96,37085.1
TSLA,2025-08-11,2025-08-20,339.03,323.9,ZARAR (SL),-449.27,36632.83
TSLA,2025-09-05,2025-09-11,350.84,368.81,KAR (TP),509.2,37139.03
TSLA,2025-10-02,2025-10-10,436.0,413.49,ZARAR (SL),-519.28,36616.74
TSLA,2025-10-23,2025-10-24,448.98,433.72,ZARAR (SL),-342.88,36270.86
TSLA,2025-11-03,2025-11-04,468.37,444.26,ZARAR (SL),-517.76,35750.1
TSLA,2025-12-03,2025-12-15,446.74,475.31,KAR (TP),636.52,36383.62
AVGO,2024-02-08,2024-02-20,124.66,119.94,ZARAR (SL),-381.19,35997.93
AVGO,2024-03-01,2024-03-05,136.82,131.3,ZARAR (SL),-406.24,35588.69
AVGO,2024-03-21,2024-04-17,132.38,125.96,ZARAR (SL),-487.94,35097.75
AVGO,2024-05-15,2024-05-22,141.04,136.72,ZARAR (SL),-308.88,34785.87
AVGO,2024-06-05,2024-06-12,138.77,146.86,KAR (TP),580.26,35363.13
AVGO,2024-06-24,2024-07-03,156.86,170.36,KAR (TP),857.5,36217.63
AVGO,2024-08-22,2024-08-29,159.93,154.6,ZARAR (SL),-336.25,35878.38
AVGO,2024-09-11,2024-09-13,155.92,165.2,KAR (TP),592.19,36467.57
AVGO,2024-09-19,2024-09-26,165.48,176.02,KAR (TP),634.32,37098.89
AVGO,2024-10-15,2024-10-31,173.94,167.8,ZARAR (SL),-355.88,36740.01
AVGO,2024-12-12,2024-12-13,178.56,222.19,KAR (TP),2440.26,39177.27
AVGO,2024-12-20,2024-12-23,218.23,230.27,KAR (TP),548.77,39723.04
AVGO,2025-01-24,2025-01-27,242.51,200.32,ZARAR (SL),-1742.68,37977.36
AVGO,2025-06-06,2025-06-24,245.46,262.82,KAR (TP),704.12,38678.48
AVGO,2025-07-01,2025-07-15,263.78,279.92,KAR (TP),608.92,39284.4
AVGO,2025-07-23,2025-07-30,282.66,301.53,KAR (TP),664.28,39945.68
AVGO,2025-07-31,2025-08-12,292.64,311.7,KAR (TP),648.34,40591.02
AVGO,2025-08-13,2025-08-19,307.97,293.84,ZARAR (SL),-461.77,40126.26
AVGO,2025-09-03,2025-09-05,301.3,333.68,KAR (TP),1071.77,41195.03
AVGO,2025-09-17,2025-09-26,344.92,333.89,ZARAR (SL),-322.69,40869.33
AVGO,2025-10-15,2025-10-22,350.66,339.65,ZARAR (SL),-316.95,40549.38
AVGO,2025-11-24,2025-11-26,377.24,396.81,KAR (TP),515.84,41062.22
AVGO,2025-12-01,2025-12-09,385.34,405.51,KAR (TP),520.47,41579.69
ADBE,2024-01-31,2024-02-15,617.78,590.44,ZARAR (SL),-445.55,41131.14
ADBE,2024-05-10,2024-05-30,482.29,445.87,ZARAR (SL),-758.15,40369.99
ADBE,2024-06-14,2024-06-28,525.31,555.54,KAR (TP),572.47,40939.46
ADBE,2024-09-06,2024-09-13,563.41,536.87,ZARAR (SL),-474.06,40462.4
ADBE,2024-11-06,2024-11-13,504.83,532.5,KAR (TP),545.11,41004.5
ADBE,2024-11-15,2024-12-04,503.37,536.49,KAR (TP),654.97,41656.47
ADBE,2025-02-10,2025-02-27,451.1,437.19,ZARAR (SL),-311.36,41342.11
ADBE,2025-06-02,2025-06-17,403.4,382.68,ZARAR (SL),-516.63,40822.48
ADBE,2025-09-08,2025-09-15,358.66,347.1,ZARAR (SL),-325.31,40494.17
CRM,2024-02-22,2024-02-29,290.12,305.11,KAR (TP),513.6,41003.27
CRM,2024-03-01,2024-03-05,313.08,295.16,ZARAR (SL),-575.14,40425.13
CRM,2024-05-15,2024-05-23,284.46,275.59,ZARAR (SL),-314.96,40107.17
CRM,2024-06-28,2024-07-18,254.35,245.08,ZARAR (SL),-367.25,39736.92
CRM,2024-08-15,2024-08-30,260.38,250.58,ZARAR (SL),-379.35,39354.57
CRM,2024-09-19,2024-10-02,263.96,277.35,KAR (TP),504.16,39855.74
CRM,2024-10-29,2024-11-08,296.61,319.5,KAR (TP),768.52,40621.26
CRM,2024-11-15,2024-11-22,322.78,339.41,KAR (TP),512.28,41130.54
CRM,2024-11-27,2024-12-04,327.5,365.07,KAR (TP),1144.24,42271.77
CRM,2024-12-05,2024-12-10,358.63,346.16,ZARAR (SL),-350.56,41918.22
CRM,2025-01-27,2025-02-06,344.85,328.66,ZARAR (SL),-472.32,41442.9
CRM,2025-05-21,2025-05-23,280.89,271.78,ZARAR (SL),-327.15,41112.75
CRM,2025-06-27,2025-07-10,272.5,263.09,ZARAR (SL),-348.62,40761.13
CRM,2025-09-05,2025-09-10,249.92,241.76,ZARAR (SL),-329.61,40428.52
CRM,2025-10-16,2025-10-21,245.6,262.99,KAR (TP),704.72,41130.25
CMCSA,2024-01-29,2024-02-06,43.42,41.83,ZARAR (SL),-369.51,40756.23
CMCSA,2024-03-11,2024-04-02,41.0,39.66,ZARAR (SL),-329.41,40423.83
CMCSA,2024-05-31,2024-06-10,37.97,36.8,ZARAR (SL),-312.77,40108.06
CMCSA,2024-06-28,2024-07-08,37.15,35.7,ZARAR (SL),-392.24,39712.82
CMCSA,2024-07-22,2024-07-24,37.81,36.43,ZARAR (SL),-367.28,39342.54
CMCSA,2024-09-05,2024-10-14,38.07,40.44,KAR (TP),621.21,39960.75
CMCSA,2024-10-22,2024-10-31,40.04,42.08,KAR (TP),507.23,40464.98
CMCSA,2024-11-01,2024-12-09,41.97,37.63,ZARAR (SL),-1038.36,39423.62
CMCSA,2025-01-27,2025-01-30,37.15,32.31,ZARAR (SL),-1305.64,38114.98
CMCSA,2025-03-04,2025-03-07,34.5,36.53,KAR (TP),585.73,38697.71
CMCSA,2025-03-10,2025-03-13,35.09,33.72,ZARAR (SL),-393.47,38301.24
CMCSA,2025-03-24,2025-04-04,35.56,32.73,ZARAR (SL),-800.07,37498.16
CMCSA,2025-05-27,2025-07-28,34.27,33.18,ZARAR (SL),-321.35,37173.81
CMCSA,2025-08-22,2025-09-12,33.79,32.71,ZARAR (SL),-322.18,36848.63
CMCSA,2025-12-10,2025-12-16,27.58,29.73,KAR (TP),776.55,37622.18
QCOM,2024-01-30,2024-02-01,140.02,135.35,ZARAR (SL),-336.61,37282.57
QCOM,2024-02-12,2024-03-01,146.85,157.23,KAR (TP),703.62,37983.19
QCOM,2024-03-05,2024-03-07,155.65,169.4,KAR (TP),880.87,38861.06
QCOM,2024-03-15,2024-04-09,161.19,169.26,KAR (TP),497.6,39355.66
QCOM,2024-04-12,2024-04-17,165.13,158.41,ZARAR (SL),-409.91,38942.75
QCOM,2024-05-02,2024-05-15,173.63,187.62,KAR (TP),802.66,39742.41
QCOM,2024-06-17,2024-06-20,215.11,208.58,ZARAR (SL),-306.75,39432.66
QCOM,2024-08-29,2024-09-03,164.07,158.02,ZARAR (SL),-371.75,39057.9
QCOM,2024-09-19,2024-09-23,169.23,161.48,ZARAR (SL),-460.68,38594.22
QCOM,2024-10-14,2024-10-16,173.24,166.85,ZARAR (SL),-371.46,38219.77
QCOM,2024-11-06,2024-11-12,168.32,159.0,ZARAR (SL),-556.79,37659.98
QCOM,2024-12-23,2025-01-21,154.78,163.61,KAR (TP),567.65,38224.63
QCOM,2025-01-28,2025-02-21,167.79,161.81,ZARAR (SL),-359.75,37861.88
QCOM,2025-05-02,2025-05-12,137.49,149.59,KAR (TP),877.48,38736.36
QCOM,2025-05-13,2025-05-23,148.82,142.96,ZARAR (SL),-396.82,38336.55
QCOM,2025-06-09,2025-07-31,153.75,145.19,ZARAR (SL),-559.59,37773.96
QCOM,2025-09-02,2025-09-18,157.08,167.28,KAR (TP),646.12,38417.08
QCOM,2025-09-19,2025-10-10,166.0,152.81,ZARAR (SL),-797.73,37616.35
QCOM,2025-10-28,2025-11-04,180.11,171.96,ZARAR (SL),-455.41,37157.94
TXN,2024-02-26,2024-03-07,155.95,166.36,KAR (TP),664.68,37818.13
TXN,2024-03-12,2024-03-18,165.91,160.61,ZARAR (SL),-322.79,37492.33
TXN,2024-04-24,2024-05-07,165.92,174.63,KAR (TP),521.95,38011.28
TXN,2024-05-29,2024-07-16,186.33,197.53,KAR (TP),597.79,38606.07
TXN,2024-07-19,2024-08-02,190.34,180.38,ZARAR (SL),-526.34,38076.73
TXN,2024-08-20,2024-08-30,194.89,206.24,KAR (TP),579.6,38653.33
TXN,2024-09-03,2024-10-21,194.2,188.37,ZARAR (SL),-303.25,38347.08
TXN,2024-10-31,2024-11-06,196.77,208.21,KAR (TP),578.31,38922.39
TXN,2024-11-18,2024-11-20,200.67,191.96,ZARAR (SL),-436.92,38482.47
TXN,2025-01-15,2025-01-16,191.3,181.48,ZARAR (SL),-516.39,37963.08
TXN,2025-02-27,2025-03-11,186.65,173.03,ZARAR (SL),-732.74,37227.34
TXN,2025-05-22,2025-06-04,177.33,187.68,KAR (TP),580.21,37804.54
TXN,2025-07-21,2025-07-23,211.15,183.28,ZARAR (SL),-1322.85,36478.7
TXN,2025-09-02,2025-09-04,198.04,185.63,ZARAR (SL),-629.6,35846.1
AMGN,2024-01-29,2024-02-07,294.67,278.14,ZARAR (SL),-563.85,35277.75
AMGN,2024-03-26,2024-04-04,266.95,253.99,ZARAR (SL),-488.5,34786.25
AMGN,2024-05-01,2024-05-03,262.79,294.92,KAR (TP),1219.92,36003.16
AMGN,2024-06-24,2024-07-17,303.56,320.28,KAR (TP),547.68,36547.85
AMGN,2024-07-31,2024-08-07,317.23,298.17,ZARAR (SL),-603.65,35941.19
AMGN,2024-09-03,2024-09-06,317.55,307.99,ZARAR (SL),-304.05,35634.14
AMGN,2024-09-16,2024-09-25,322.12,300.59,ZARAR (SL),-671.14,34960.0
AMGN,2024-10-31,2024-11-12,307.61,287.12,ZARAR (SL),-668.92,34288.08
AMGN,2025-01-21,2025-02-03,266.15,279.76,KAR (TP),508.63,34793.71
AMGN,2025-02-07,2025-02-24,284.29,302.38,KAR (TP),633.45,35424.16
AMGN,2025-03-04,2025-04-04,304.79,287.41,ZARAR (SL),-573.16,34847.99
AMGN,2025-06-20,2025-06-23,284.97,268.33,ZARAR (SL),-586.76,34258.23
AMGN,2025-07-22,2025-07-31,301.08,290.65,ZARAR (SL),-349.43,33905.8
AMGN,2025-10-01,2025-11-05,296.39,317.59,KAR (TP),712.58,34615.38
AMGN,2025-11-06,2025-11-11,313.36,336.05,KAR (TP),721.36,35333.74
AMGN,2025-12-04,2025-12-05,340.16,329.89,ZARAR (SL),-304.92,35025.82
INTC,2024-03-01,2024-03-07,43.37,45.67,KAR (TP),528.72,35551.54
INTC,2024-03-08,2024-03-15,43.55,42.2,ZARAR (SL),-312.09,35236.45
INTC,2024-03-27,2024-04-03,43.32,39.91,ZARAR (SL),-788.93,34444.52
INTC,2024-07-05,2024-07-08,31.82,33.78,KAR (TP),612.24,35053.76
INTC,2024-07-11,2024-07-24,33.29,31.5,ZARAR (SL),-540.31,34510.45
INTC,2024-08-30,2024-09-03,22.04,20.1,ZARAR (SL),-883.22,33624.23
INTC,2024-09-16,2024-09-23,20.91,22.56,KAR (TP),786.1,34407.33
INTC,2024-10-29,2024-10-31,22.9,21.52,ZARAR (SL),-605.62,33798.71
INTC,2024-11-11,2024-11-12,25.05,24.16,ZARAR (SL),-358.29,33437.42
INTC,2024-11-25,2024-11-26,24.87,24.05,ZARAR (SL),-332.72,33101.7
INTC,2025-01-17,2025-01-24,21.49,20.83,ZARAR (SL),-310.12,32788.58
INTC,2025-02-11,2025-02-12,20.97,22.48,KAR (TP),717.08,33502.66
INTC,2025-03-03,2025-03-04,22.74,21.33,ZARAR (SL),-623.05,32876.61
INTC,2025-03-17,2025-03-19,25.69,24.12,ZARAR (SL),-614.13,32259.48
INTC,2025-05-12,2025-05-19,22.18,21.38,ZARAR (SL),-363.69,31892.79
INTC,2025-06-18,2025-06-27,21.49,22.69,KAR (TP),555.4,32445.19
INTC,2025-07-02,2025-07-08,21.88,23.59,KAR (TP),778.54,33220.73
INTC,2025-08-18,2025-08-19,23.66,25.31,KAR (TP),694.38,33912.1
INTC,2025-08-20,2025-08-22,23.54,24.8,KAR (TP),532.26,34441.36
INTC,2025-08-25,2025-09-18,24.55,30.57,KAR (TP),2449.14,36887.5
INTC,2025-10-24,2025-10-28,38.28,41.53,KAR (TP),846.01,37730.51
INTC,2025-11-28,2025-12-02,40.56,43.47,KAR (TP),714.46,38441.96
INTC,2025-12-03,2025-12-04,43.76,40.5,ZARAR (SL),-747.97,37690.99
CSCO,2024-03-21,2024-04-16,47.46,45.97,ZARAR (SL),-317.46,37370.54
CSCO,2024-05-14,2024-05-20,46.96,45.21,ZARAR (SL),-374.81,36992.73
CSCO,2024-07-12,2024-08-05,45.84,43.28,ZARAR (SL),-560.2,36429.53
CSCO,2024-08-15,2024-09-16,46.95,49.37,KAR (TP),512.15,36938.68
CSCO,2024-09-19,2024-10-11,49.77,52.89,KAR (TP),623.86,37559.54
CSCO,2024-10-29,2024-11-11,54.28,57.16,KAR (TP),526.81,38083.36
CSCO,2024-11-14,2025-01-21,56.46,59.9,KAR (TP),605.75,38686.11
CSCO,2025-02-03,2025-02-14,59.91,63.67,KAR (TP),624.46,39307.56
CSCO,2025-02-25,2025-03-10,63.08,60.91,ZARAR (SL),-346.86,38957.7
CSCO,2025-05-30,2025-06-20,62.29,65.53,KAR (TP),517.31,39472.01
CSCO,2025-06-23,2025-08-08,66.58,71.36,KAR (TP),715.57,40184.58
CSCO,2025-08-11,2025-08-15,70.25,65.8,ZARAR (SL),-635.52,39546.06
CSCO,2025-09-17,2025-10-21,67.31,70.72,KAR (TP),503.06,40046.12
CSCO,2025-10-28,2025-11-13,72.62,77.38,KAR (TP),652.47,40695.59
CSCO,2025-11-14,2025-11-20,78.0,75.44,ZARAR (SL),-331.2,40361.38
VZ,2024-05-13,2024-05-29,36.74,35.44,ZARAR (SL),-358.21,39998.67
VZ,2024-06-24,2024-07-22,37.32,36.01,ZARAR (SL),-352.84,39642.84
VZ,2024-08-02,2024-09-10,37.74,40.21,KAR (TP),651.14,40290.98
VZ,2024-09-11,2024-10-22,40.35,38.83,ZARAR (SL),-380.2,39907.77
VZ,2024-12-04,2024-12-16,39.78,38.25,ZARAR (SL),-388.7,39516.07
VZ,2025-01-24,2025-02-19,37.65,40.0,KAR (TP),621.68,40134.75
VZ,2025-03-11,2025-04-03,41.35,43.44,KAR (TP),501.26,40633.01
VZ,2025-04-11,2025-04-25,42.31,40.55,ZARAR (SL),-419.19,40210.82
VZ,2025-05-30,2025-06-16,42.53,41.12,ZARAR (SL),-335.12,39872.7
VZ,2025-07-21,2025-08-19,41.77,44.18,KAR (TP),573.61,40443.31
VZ,2025-08-22,2025-10-06,43.69,40.74,ZARAR (SL),-678.07,39762.24
T,2024-01-30,2024-02-08,16.06,15.41,ZARAR (SL),-408.02,39349.72
T,2024-03-12,2024-04-12,15.76,15.18,ZARAR (SL),-365.12,38981.6
T,2024-05-30,2024-06-24,16.4,17.36,KAR (TP),581.56,39560.16
T,2024-07-15,2024-08-13,17.56,18.45,KAR (TP),502.92,40060.08
T,2024-08-30,2024-09-06,18.81,19.82,KAR (TP),534.69,40591.77
T,2024-10-15,2024-11-15,20.59,21.71,KAR (TP),540.93,41129.7
T,2024-11-18,2025-01-07,22.0,21.25,ZARAR (SL),-346.63,40780.08
T,2025-01-21,2025-01-27,21.8,23.4,KAR (TP),730.66,41507.74
T,2025-03-04,2025-03-26,25.41,26.8,KAR (TP),542.39,42047.12
T,2025-05-30,2025-08-18,27.23,28.61,KAR (TP),503.82,42547.95
T,2025-08-22,2025-10-01,28.46,27.26,ZARAR (SL),-427.05,42117.89
T,2025-11-24,2025-12-08,25.62,24.84,ZARAR (SL),-307.45,41807.44
TMUS,2024-01-29,2024-05-30,158.25,166.29,KAR (TP),505.31,42309.76
TMUS,2024-06-12,2024-07-16,169.95,178.94,KAR (TP),525.8,42832.56
TMUS,2024-07-31,2024-08-08,178.25,189.33,KAR (TP),618.57,43448.13
TMUS,2024-08-28,2024-09-06,196.96,189.35,ZARAR (SL),-389.32,43055.8
TMUS,2024-09-17,2024-10-11,198.87,209.01,KAR (TP),507.11,43559.92
TMUS,2024-10-30,2024-11-08,218.56,230.86,KAR (TP),559.91,44116.83
TMUS,2024-11-25,2024-12-09,235.41,225.34,ZARAR (SL),-430.39,43683.44
TMUS,2025-01-22,2025-01-29,214.83,231.54,KAR (TP),774.8,44455.24
TMUS,2025-02-26,2025-04-04,259.53,245.12,ZARAR (SL),-558.46,43893.78
TMUS,2025-07-21,2025-07-24,230.66,245.41,KAR (TP),636.67,44527.45
TMUS,2025-07-25,2025-08-19,241.5,256.04,KAR (TP),599.34,45123.79
TMUS,2025-08-22,2025-09-08,249.83,241.7,ZARAR (SL),-328.22,44792.57
NFLX,2024-03-05,2024-03-26,59.85,62.92,KAR (TP),510.62,45300.19
NFLX,2024-04-03,2024-04-15,63.01,60.72,ZARAR (SL),-366.92,44930.27
NFLX,2024-05-31,2024-06-17,64.16,67.58,KAR (TP),530.18,45457.45
NFLX,2024-06-18,2024-07-11,68.57,65.28,ZARAR (SL),-483.11,44971.34
NFLX,2024-08-14,2024-08-20,66.17,69.85,KAR (TP),554.07,45522.4
NFLX,2024-09-03,2024-09-24,67.53,72.23,KAR (TP),692.08,46211.48
NFLX,2024-10-01,2024-10-18,70.61,76.39,KAR (TP),814.98,47023.46
NFLX,2024-10-21,2024-11-12,77.21,81.95,KAR (TP),611.32,47631.78
NFLX,2024-12-09,2025-01-03,91.37,88.11,ZARAR (SL),-360.23,47268.55
NFLX,2025-01-22,2025-02-05,95.4,101.11,KAR (TP),595.75,47861.3
NFLX,2025-04-09,2025-04-22,94.55,104.03,KAR (TP),1000.42,48858.71
NFLX,2025-04-23,2025-04-28,104.96,111.04,KAR (TP),576.18,49431.89
NFLX,2025-05-12,2025-05-15,111.0,117.8,KAR (TP),609.43,50038.33
NFLX,2025-05-30,2025-06-24,120.72,127.91,KAR (TP),592.41,50627.74
NFLX,2025-07-02,2025-07-11,128.49,124.51,ZARAR (SL),-312.37,50312.37
NFLX,2025-08-19,2025-10-01,121.42,117.09,ZARAR (SL),-359.22,49950.15
NFLX,2025-10-20,2025-10-22,123.86,111.64,ZARAR (SL),-989.55,48957.6
ORCL,2024-02-13,2024-02-20,111.63,106.5,ZARAR (SL),-463.06,48491.54
ORCL,2024-05-14,2024-05-30,119.07,115.35,ZARAR (SL),-315.73,48172.8
ORCL,2024-06-10,2024-06-12,122.65,138.3,KAR (TP),1272.5,49442.3
ORCL,2024-06-14,2024-07-12,136.08,143.02,KAR (TP),507.3,49946.6
ORCL,2024-09-03,2024-09-10,137.82,154.01,KAR (TP),1171.91,51115.51
ORCL,2024-10-30,2024-10-31,172.84,166.19,ZARAR (SL),-387.97,50724.54
ORCL,2024-11-11,2024-11-27,187.27,180.9,ZARAR (SL),-342.98,50378.57
ORCL,2024-12-09,2024-12-10,188.57,175.99,ZARAR (SL),-670.37,49705.2
ORCL,2025-01-21,2025-01-22,171.29,182.85,KAR (TP),672.09,50374.29
ORCL,2025-01-24,2025-01-27,182.24,157.11,ZARAR (SL),-1382.09,48989.2
ORCL,2025-05-01,2025-05-12,144.93,156.61,KAR (TP),803.24,49789.44
ORCL,2025-08-01,2025-08-19,244.0,234.21,ZARAR (SL),-403.95,49382.49
ORCL,2025-09-12,2025-09-19,291.67,308.13,KAR (TP),561.04,49940.53
ORCL,2025-09-25,2025-09-30,290.83,280.75,ZARAR (SL),-349.34,49588.18
ORCL,2025-10-16,2025-10-17,313.0,291.31,ZARAR (SL),-695.97,48889.21
MU,2024-01-26,2024-02-06,87.42,84.0,ZARAR (SL),-394.82,48491.39
MU,2024-02-26,2024-03-01,88.82,94.47,KAR (TP),633.04,49121.43
MU,2024-03-04,2024-03-14,95.09,90.78,ZARAR (SL),-456.17,48662.26
MU,2024-05-31,2024-06-05,124.23,132.89,KAR (TP),693.8,49353.06
MU,2024-06-06,2024-06-12,129.27,139.88,KAR (TP),818.1,50168.16
MU,2024-06-13,2024-06-18,142.26,152.51,KAR (TP),717.27,50882.43
MU,2024-06-20,2024-06-21,143.3,138.68,ZARAR (SL),-325.49,50553.94
MU,2024-09-30,2024-10-01,103.16,99.78,ZARAR (SL),-330.84,50220.1
MU,2024-11-06,2024-11-12,111.37,103.67,ZARAR (SL),-694.23,49522.87
MU,2024-12-13,2024-12-16,102.07,107.81,KAR (TP),558.95,50078.82
MU,2024-12-17,2024-12-18,108.15,103.47,ZARAR (SL),-435.78,49640.04
MU,2025-01-07,2025-01-13,101.62,94.79,ZARAR (SL),-675.16,48961.88
MU,2025-02-26,2025-02-27,97.43,91.56,ZARAR (SL),-605.8,48353.08
MU,2025-03-12,2025-03-14,95.37,100.5,KAR (TP),535.48,48885.55
MU,2025-03-24,2025-03-26,96.66,91.87,ZARAR (SL),-499.18,48383.37
MU,2025-05-30,2025-06-03,94.31,102.09,KAR (TP),821.69,49202.06
MU,2025-07-02,2025-07-16,121.55,116.36,ZARAR (SL),-430.17,48768.88
MU,2025-08-20,2025-09-04,117.14,124.13,KAR (TP),594.22,49360.1
MU,2025-09-05,2025-09-10,131.29,139.91,KAR (TP),653.92,50011.03
MU,2025-10-24,2025-11-03,219.02,234.7,KAR (TP),712.92,50720.94
MU,2025-11-04,2025-11-05,218.03,237.5,KAR (TP),890.0,51607.94
MU,2025-11-06,2025-11-10,238.33,253.3,KAR (TP),625.12,52230.06
MU,2025-11-13,2025-11-18,236.95,228.5,ZARAR (SL),-359.62,51867.44
MU,2025-12-12,2025-12-16,241.14,232.51,ZARAR (SL),-360.88,51503.56
IBM,2024-02-29,2024-03-06,175.66,186.23,KAR (TP),598.52,52099.08
IBM,2024-03-15,2024-04-12,181.4,173.04,ZARAR (SL),-463.56,51632.52
IBM,2024-06-07,2024-07-12,163.01,175.3,KAR (TP),751.07,52380.6
IBM,2024-08-01,2024-08-05,181.85,175.76,ZARAR (SL),-337.81,52039.79
IBM,2024-09-06,2024-09-12,194.15,204.67,KAR (TP),538.5,52575.29
IBM,2024-12-12,2024-12-18,226.41,214.62,ZARAR (SL),-523.54,52048.75
IBM,2025-01-21,2025-01-30,218.61,251.76,KAR (TP),1513.54,53559.29
IBM,2025-02-21,2025-02-27,256.59,248.5,ZARAR (SL),-318.51,53237.78
IBM,2025-03-10,2025-03-11,252.1,244.3,ZARAR (SL),-312.46,52922.32
IBM,2025-05-30,2025-06-09,255.91,268.77,KAR (TP),499.59,53418.91
IBM,2025-06-10,2025-06-24,272.88,290.22,KAR (TP),632.32,54048.22
IBM,2025-07-07,2025-07-11,288.91,280.14,ZARAR (SL),-306.62,53738.6
IBM,2025-09-10,2025-09-22,255.47,269.88,KAR (TP),561.08,54296.68
IBM,2025-10-22,2025-10-24,285.93,305.77,KAR (TP),690.89,54984.57
IBM,2025-10-27,2025-11-04,311.37,299.2,ZARAR (SL),-393.94,54587.63
PYPL,2024-02-07,2024-02-08,63.09,56.0,ZARAR (SL),-1127.29,53457.34
PYPL,2024-04-29,2024-05-08,66.84,63.66,ZARAR (SL),-477.7,52976.64
PYPL,2024-06-06,2024-06-11,66.87,64.62,ZARAR (SL),-338.72,52634.92
PYPL,2024-07-30,2024-08-02,63.85,61.84,ZARAR (SL),-318.63,52313.29
PYPL,2024-08-20,2024-09-06,71.72,68.73,ZARAR (SL),-420.3,51889.99
PYPL,2024-09-18,2024-09-19,72.95,77.39,KAR (TP),605.59,52492.58
PYPL,2024-09-20,2024-10-08,76.58,80.97,KAR (TP),570.22,53059.79
PYPL,2024-10-28,2024-10-29,83.4,80.09,ZARAR (SL),-398.98,52657.81
PYPL,2024-11-11,2024-11-19,86.74,83.9,ZARAR (SL),-330.81,52324.0
PYPL,2024-12-04,2024-12-18,89.12,85.25,ZARAR (SL),-437.35,51883.66
PYPL,2025-01-06,2025-01-10,89.32,83.17,ZARAR (SL),-692.15,51188.5
PYPL,2025-01-21,2025-02-04,89.56,77.55,ZARAR (SL),-1344.76,49840.74
PYPL,2025-04-29,2025-05-08,66.17,70.32,KAR (TP),624.26,50462.0
PYPL,2025-06-10,2025-06-13,74.59,70.67,ZARAR (SL),-528.68,49930.32
PYPL,2025-06-23,2025-07-02,71.84,76.13,KAR (TP),594.14,50521.46
PYPL,2025-07-23,2025-07-29,76.48,71.29,ZARAR (SL),-682.63,49835.83
PYPL,2025-09-02,2025-09-10,69.09,65.49,ZARAR (SL),-524.3,49308.53
PYPL,2025-10-02,2025-10-07,68.77,74.44,KAR (TP),821.02,50126.56
PYPL,2025-10-10,2025-10-16,69.68,65.9,ZARAR (SL),-545.67,49577.89
PYPL,2025-10-27,2025-10-30,70.09,67.77,ZARAR (SL),-333.25,49241.64
INTU,2024-01-31,2024-02-15,624.4,656.99,KAR (TP),518.91,49757.56
INTU,2024-02-16,2024-03-15,648.54,618.65,ZARAR (SL),-463.85,49290.7
INTU,2024-05-23,2024-05-24,655.9,601.16,ZARAR (SL),-837.57,48450.14
INTU,2024-07-10,2024-07-16,627.63,660.67,KAR (TP),523.36,48970.5
INTU,2024-08-19,2024-08-23,657.84,614.75,ZARAR (SL),-658.06,48309.44
INTU,2024-09-24,2024-09-27,632.95,613.94,ZARAR (SL),-303.38,48003.06
INTU,2024-11-01,2024-11-07,617.66,669.72,KAR (TP),839.96,48840.02
INTU,2024-11-18,2024-11-19,674.35,639.94,ZARAR (SL),-513.31,48323.71
INTU,2025-02-26,2025-02-27,622.44,597.47,ZARAR (SL),-404.11,47916.6
INTU,2025-03-21,2025-04-04,601.07,558.77,ZARAR (SL),-706.76,47206.84
INTU,2025-05-21,2025-05-23,657.89,717.84,KAR (TP),908.39,48112.23
INTU,2025-06-18,2025-07-28,752.43,797.27,KAR (TP),592.91,48702.14
INTU,2025-07-29,2025-08-01,804.87,774.73,ZARAR (SL),-377.41,48321.73
INTU,2025-09-22,2025-10-01,700.81,678.26,ZARAR (SL),-324.75,47993.98
AMD,2024-01-30,2024-02-20,172.06,165.69,ZARAR (SL),-373.22,47616.26
AMD,2024-03-01,2024-03-13,202.64,194.79,ZARAR (SL),-390.39,47222.87
AMD,2024-05-16,2024-05-28,162.62,171.61,KAR (TP),549.82,47769.69
AMD,2024-05-29,2024-06-04,165.14,159.99,ZARAR (SL),-314.86,47451.84
AMD,2024-07-02,2024-07-08,164.31,178.69,KAR (TP),872.18,48321.01
AMD,2024-08-20,2024-08-22,156.4,151.7,ZARAR (SL),-303.51,48014.5
AMD,2024-09-11,2024-09-24,149.86,158.32,KAR (TP),561.53,48573.03
AMD,2024-10-10,2024-10-15,164.18,156.64,ZARAR (SL),-462.25,48107.78
AMD,2024-10-29,2024-10-30,166.25,148.6,ZARAR (SL),-1064.65,47040.12
AMD,2024-12-02,2024-12-09,142.06,130.87,ZARAR (SL),-790.7,46246.43
AMD,2025-03-24,2025-03-26,113.85,110.19,ZARAR (SL),-324.48,45918.95
AMD,2025-05-06,2025-05-12,98.62,108.12,KAR (TP),960.29,46876.25
AMD,2025-06-09,2025-06-13,121.73,116.16,ZARAR (SL),-460.57,46412.68
AMD,2025-07-01,2025-07-10,136.11,144.16,KAR (TP),588.43,46998.11
AMD,2025-08-05,2025-08-06,174.31,163.12,ZARAR (SL),-644.96,46350.15
AMD,2025-11-05,2025-11-06,256.33,237.7,ZARAR (SL),-729.8,45617.35
FTNT,2024-01-31,2024-02-07,64.49,70.03,KAR (TP),856.05,46470.4
FTNT,2024-03-06,2024-03-14,71.32,68.04,ZARAR (SL),-462.9,46004.5
FTNT,2024-04-03,2024-04-08,71.32,68.39,ZARAR (SL),-413.82,45587.68
FTNT,2024-06-12,2024-06-20,60.62,57.94,ZARAR (SL),-445.1,45139.58
FTNT,2024-09-06,2024-10-09,75.16,80.33,KAR (TP),684.87,45821.45
FTNT,2024-10-23,2024-11-05,80.37,77.92,ZARAR (SL),-307.84,45510.6
FTNT,2024-11-19,2024-11-26,90.79,96.44,KAR (TP),619.32,46126.92
FTNT,2024-12-20,2025-01-13,97.19,93.83,ZARAR (SL),-348.71,45775.21
FTNT,2025-01-23,2025-02-04,97.45,102.78,KAR (TP),543.95,46316.15
FTNT,2025-02-24,2025-03-06,108.69,101.72,ZARAR (SL),-644.27,45668.88
FTNT,2025-04-09,2025-04-10,99.93,96.32,ZARAR (SL),-364.25,45301.63
FTNT,2025-05-12,2025-07-08,102.04,107.54,KAR (TP),536.0,45834.63
FTNT,2025-07-09,2025-07-10,107.65,100.2,ZARAR (SL),-695.06,45136.57
FTNT,2025-09-05,2025-09-19,78.83,84.21,KAR (TP),679.48,45813.05
FTNT,2025-10-28,2025-11-06,85.87,80.54,ZARAR (SL),-623.71,45186.35
FTNT,2025-12-05,2025-12-08,86.92,83.53,ZARAR (SL),-393.01,44790.33
ADI,2024-02-09,2024-02-13,188.66,178.66,ZARAR (SL),-532.69,44254.65
ADI,2024-03-06,2024-04-09,186.32,198.39,KAR (TP),644.89,44896.53
ADI,2024-04-11,2024-04-12,193.06,186.87,ZARAR (SL),-323.68,44569.85
ADI,2024-04-24,2024-05-10,190.98,201.37,KAR (TP),541.02,45107.87
ADI,2024-06-05,2024-06-24,229.97,222.93,ZARAR (SL),-309.35,44795.53
ADI,2024-07-10,2024-07-23,232.56,224.74,ZARAR (SL),-339.09,44453.44
ADI,2024-08-21,2024-09-03,221.99,214.25,ZARAR (SL),-351.56,44098.87
ADI,2024-09-19,2024-09-23,228.69,221.41,ZARAR (SL),-321.7,43774.18
ADI,2024-12-16,2024-12-18,212.8,204.4,ZARAR (SL),-397.8,43373.37
ADI,2025-01-08,2025-01-10,216.86,208.92,ZARAR (SL),-369.09,43001.29
ADI,2025-01-21,2025-01-28,217.86,206.12,ZARAR (SL),-541.72,42456.57
ADI,2025-02-18,2025-02-19,216.65,237.74,KAR (TP),970.57,43424.14
ADI,2025-02-27,2025-03-11,220.22,206.58,ZARAR (SL),-622.18,42798.96
ADI,2025-05-22,2025-06-06,209.4,220.61,KAR (TP),532.17,43328.13
ADI,2025-06-20,2025-07-01,226.65,238.85,KAR (TP),535.21,43860.34
ADI,2025-07-02,2025-07-22,243.32,233.75,ZARAR (SL),-396.64,43460.7
ADI,2025-11-12,2025-11-17,240.59,229.13,ZARAR (SL),-479.31,42978.4
NOW,2024-02-13,2024-02-21,154.75,149.59,ZARAR (SL),-336.7,42637.2
NOW,2024-03-12,2024-03-15,157.91,148.78,ZARAR (SL),-581.17,42053.03
NOW,2024-04-05,2024-04-15,156.7,147.16,ZARAR (SL),-611.68,41438.35
NOW,2024-05-15,2024-05-28,152.11,145.77,ZARAR (SL),-419.92,41015.43
NOW,2024-07-08,2024-07-10,153.24,148.63,ZARAR (SL),-303.84,40708.59
NOW,2024-07-25,2024-07-29,165.76,159.81,ZARAR (SL),-361.72,40343.88
NOW,2024-08-29,2024-09-11,166.25,175.19,KAR (TP),534.61,40875.49
NOW,2024-09-13,2024-09-20,175.79,187.47,KAR (TP),661.54,41534.03
NOW,2024-09-25,2024-10-09,178.01,187.73,KAR (TP),543.27,42074.31
NOW,2024-10-24,2024-11-07,191.32,203.06,KAR (TP),610.64,42681.95
NOW,2024-11-15,2024-11-26,202.28,214.01,KAR (TP),577.19,43256.14
NOW,2024-12-03,2024-12-04,211.46,224.63,KAR (TP),619.42,43872.56
NOW,2024-12-13,2024-12-18,224.22,212.2,ZARAR (SL),-539.17,43330.39
NOW,2025-01-21,2025-01-28,219.37,234.08,KAR (TP),667.47,43994.86
NOW,2025-01-29,2025-01-30,228.73,202.55,ZARAR (SL),-1147.43,42844.43
NOW,2025-04-24,2025-05-12,187.71,203.12,KAR (TP),817.72,43659.15
NOW,2025-05-30,2025-06-20,202.22,194.28,ZARAR (SL),-395.45,43260.7
NOW,2025-07-03,2025-07-10,208.94,193.62,ZARAR (SL),-736.23,42521.47
NOW,2025-09-18,2025-09-25,189.55,183.72,ZARAR (SL),-310.36,42208.11
NOW,2025-10-21,2025-10-29,188.3,182.34,ZARAR (SL),-319.52,41885.59
LRCX,2024-02-09,2024-03-01,89.42,96.28,KAR (TP),764.35,42646.94
LRCX,2024-03-05,2024-03-11,94.47,91.35,ZARAR (SL),-334.22,42309.72
LRCX,2024-03-21,2024-04-04,96.59,93.55,ZARAR (SL),-317.89,41988.83
LRCX,2024-05-22,2024-05-31,94.94,91.66,ZARAR (SL),-348.11,41637.72
LRCX,2024-06-10,2024-06-17,98.61,105.35,KAR (TP),681.2,42315.92
LRCX,2024-06-24,2024-07-03,100.89,106.64,KAR (TP),566.3,42879.21
LRCX,2024-07-12,2024-07-17,105.37,95.31,ZARAR (SL),-957.74,41918.47
LRCX,2024-09-27,2024-10-01,81.71,78.77,ZARAR (SL),-362.56,41552.92
LRCX,2024-12-02,2024-12-05,77.56,74.3,ZARAR (SL),-423.33,41126.59
LRCX,2024-12-16,2024-12-18,77.12,74.52,ZARAR (SL),-340.92,40782.67
LRCX,2025-01-06,2025-01-10,77.27,73.97,ZARAR (SL),-430.03,40349.64
LRCX,2025-01-30,2025-02-18,80.0,85.79,KAR (TP),721.64,41068.27
LRCX,2025-06-05,2025-06-10,84.39,90.45,KAR (TP),714.23,41779.5
LRCX,2025-07-16,2025-07-23,100.01,96.75,ZARAR (SL),-328.79,41447.71
LRCX,2025-08-12,2025-08-15,104.9,99.15,ZARAR (SL),-551.06,40893.65
LRCX,2025-09-10,2025-09-11,106.97,115.16,KAR (TP),762.65,41653.3
LRCX,2025-10-08,2025-10-10,142.31,131.15,ZARAR (SL),-786.64,40863.66
LRCX,2025-10-22,2025-10-24,141.02,151.43,KAR (TP),735.41,41596.06
LRCX,2025-10-27,2025-11-05,156.64,164.78,KAR (TP),516.44,42109.5
LRCX,2025-11-07,2025-11-13,159.09,153.07,ZARAR (SL),-381.41,41725.09
LRCX,2025-12-18,2025-12-22,164.7,175.26,KAR (TP),638.17,42360.26
MRVL,2024-01-26,2024-02-20,67.66,64.68,ZARAR (SL),-443.92,41913.34
MRVL,2024-03-01,2024-03-07,77.17,84.61,KAR (TP),960.79,42871.13
MRVL,2024-03-08,2024-03-11,75.0,71.95,ZARAR (SL),-408.73,42459.4
MRVL,2024-03-27,2024-04-15,71.9,67.56,ZARAR (SL),-607.75,41848.66
MRVL,2024-05-16,2024-05-28,72.73,77.96,KAR (TP),715.39,42561.04
MRVL,2024-06-13,2024-06-24,72.52,67.45,ZARAR (SL),-702.88,41855.17
MRVL,2024-07-08,2024-07-11,74.55,71.84,ZARAR (SL),-367.44,41484.73
MRVL,2024-08-15,2024-08-30,69.06,75.94,KAR (TP),993.68,42475.41
MRVL,2024-09-03,2024-09-06,69.74,65.94,ZARAR (SL),-548.56,41923.85
MRVL,2024-09-20,2024-09-24,73.58,70.92,ZARAR (SL),-364.45,41556.4
MRVL,2024-10-14,2024-10-16,77.44,81.43,KAR (TP),511.93,42065.34
MRVL,2024-10-31,2024-11-01,79.86,84.51,KAR (TP),578.7,42641.04
MRVL,2024-11-15,2024-11-21,87.56,92.65,KAR (TP),578.81,43216.84
MRVL,2024-11-25,2024-12-02,91.95,96.56,KAR (TP),497.87,43711.71
MRVL,2024-12-03,2024-12-04,95.61,117.78,KAR (TP),2315.84,46024.55
MRVL,2024-12-09,2024-12-13,106.7,120.39,KAR (TP),1280.75,47302.3
MRVL,2024-12-17,2024-12-18,111.9,104.95,ZARAR (SL),-623.94,46675.36
MRVL,2025-01-17,2025-01-27,124.43,100.07,ZARAR (SL),-1961.16,44711.21
MRVL,2025-05-07,2025-05-09,56.23,59.56,KAR (TP),590.15,45298.35
MRVL,2025-05-16,2025-05-20,63.67,61.33,ZARAR (SL),-370.0,44925.35
MRVL,2025-06-04,2025-06-12,66.2,69.54,KAR (TP),500.77,45423.12
MRVL,2025-06-17,2025-06-18,69.89,74.84,KAR (TP),705.67,46125.79
MRVL,2025-06-23,2025-06-24,70.68,75.1,KAR (TP),622.88,46745.68
MRVL,2025-06-27,2025-07-02,77.05,74.14,ZARAR (SL),-380.14,46362.54
MRVL,2025-07-31,2025-08-01,80.32,74.4,ZARAR (SL),-739.59,45619.94
MRVL,2025-09-18,2025-09-24,74.18,80.04,KAR (TP),786.44,46403.38
MRVL,2025-10-10,2025-10-22,85.61,81.05,ZARAR (SL),-535.65,45864.73
MRVL,2025-11-05,2025-11-11,92.9,89.33,ZARAR (SL),-387.28,45474.45
MRVL,2025-12-02,2025-12-03,92.89,100.2,KAR (TP),783.95,46255.4
MRVL,2025-12-04,2025-12-08,98.19,92.0,ZARAR (SL),-633.41,45618.99
CDNS,2024-02-08,2024-02-13,307.36,294.33,ZARAR (SL),-426.93,45189.06
CDNS,2024-02-29,2024-03-21,304.38,322.8,KAR (TP),602.16,45788.22
CDNS,2024-03-22,2024-03-27,322.74,311.34,ZARAR (SL),-356.23,45428.99
CDNS,2024-05-23,2024-06-12,294.69,311.7,KAR (TP),574.22,46000.21
CDNS,2024-06-13,2024-06-18,307.54,326.5,KAR (TP),613.5,46610.72
CDNS,2024-06-28,2024-07-17,307.75,288.12,ZARAR (SL),-640.86,45966.86
CDNS,2024-09-30,2024-10-07,271.03,262.86,ZARAR (SL),-304.44,45659.42
CDNS,2024-10-29,2024-11-07,284.45,301.72,KAR (TP),604.14,46260.55
CDNS,2024-12-02,2024-12-19,310.27,299.87,ZARAR (SL),-338.19,45919.36
CDNS,2025-01-06,2025-01-13,308.14,292.5,ZARAR (SL),-510.56,45405.8
CDNS,2025-01-23,2025-01-27,324.52,289.87,ZARAR (SL),-1070.73,44332.07
CDNS,2025-04-09,2025-04-10,264.65,254.02,ZARAR (SL),-404.66,43924.41
CDNS,2025-04-30,2025-05-13,297.74,318.66,KAR (TP),699.63,44621.03
CDNS,2025-06-26,2025-07-03,303.69,326.81,KAR (TP),758.3,45376.34
CDNS,2025-07-24,2025-07-29,324.64,366.26,KAR (TP),1279.04,46652.37
CDNS,2025-09-08,2025-09-10,360.64,338.53,ZARAR (SL),-616.08,46033.3
CDNS,2025-10-27,2025-10-30,351.4,336.09,ZARAR (SL),-438.69,45591.61
CDNS,2025-12-03,2025-12-12,336.11,323.22,ZARAR (SL),-386.5,45202.1
SNPS,2024-02-22,2024-03-13,580.9,561.2,ZARAR (SL),-342.13,44856.98
SNPS,2024-03-25,2024-04-10,584.32,561.23,ZARAR (SL),-398.16,44455.81
SNPS,2024-05-29,2024-05-31,580.21,560.8,ZARAR (SL),-337.53,44115.28
SNPS,2024-06-17,2024-07-17,612.72,570.38,ZARAR (SL),-694.02,43418.26
SNPS,2024-08-22,2024-08-26,548.06,525.91,ZARAR (SL),-407.15,43008.11
SNPS,2024-10-08,2024-10-14,517.76,545.46,KAR (TP),532.0,43537.11
SNPS,2024-10-15,2024-10-16,517.56,501.35,ZARAR (SL),-316.2,43217.91
SNPS,2024-10-29,2024-11-07,529.21,573.59,KAR (TP),835.61,44050.52
SNPS,2024-11-21,2024-12-04,557.94,588.0,KAR (TP),535.77,44583.28
SNPS,2025-01-17,2025-01-27,526.7,510.73,ZARAR (SL),-306.21,44274.07
SNPS,2025-02-13,2025-02-19,528.29,500.98,ZARAR (SL),-519.95,43751.12
SNPS,2025-06-09,2025-06-13,495.77,478.86,ZARAR (SL),-344.09,43404.04
SNPS,2025-06-27,2025-07-03,502.63,548.74,KAR (TP),914.37,44315.41
SNPS,2025-12-17,2025-12-22,453.07,481.24,KAR (TP),618.76,44931.17
DXCM,2024-03-15,2024-03-25,130.46,140.1,KAR (TP),735.92,45664.09
DXCM,2024-04-09,2024-04-12,140.45,136.14,ZARAR (SL),-309.87,45351.22
DXCM,2024-10-10,2024-10-15,69.56,67.1,ZARAR (SL),-356.65,44991.57
DXCM,2024-10-25,2024-10-31,73.44,70.48,ZARAR (SL),-406.05,44582.52
DXCM,2024-11-12,2024-11-27,74.34,78.1,KAR (TP),502.78,45082.31
DXCM,2024-12-17,2024-12-18,77.8,75.26,ZARAR (SL),-329.48,44749.83
DXCM,2025-01-06,2025-01-16,79.88,84.84,KAR (TP),617.93,45364.76
DXCM,2025-01-17,2025-01-24,84.38,88.75,KAR (TP),514.9,45876.66
DXCM,2025-02-14,2025-03-03,89.07,85.99,ZARAR (SL),-348.8,45524.86
DXCM,2025-05-01,2025-05-02,70.26,81.62,KAR (TP),1613.85,47135.71
DXCM,2025-05-30,2025-06-11,85.8,82.99,ZARAR (SL),-330.51,46802.21
DXCM,2025-06-24,2025-06-25,87.57,84.68,ZARAR (SL),-333.02,46466.18
DXCM,2025-07-17,2025-07-25,84.1,88.99,KAR (TP),578.45,47041.63
DXCM,2025-07-30,2025-07-31,89.06,80.77,ZARAR (SL),-933.83,46104.8
DXCM,2025-09-03,2025-09-10,78.92,76.0,ZARAR (SL),-372.99,45728.81
DXCM,2025-10-28,2025-10-31,69.23,58.22,ZARAR (SL),-1593.35,44132.46
KLAC,2024-01-26,2024-02-09,589.05,638.62,KAR (TP),838.38,44966.34
KLAC,2024-02-12,2024-02-22,636.9,673.49,KAR (TP),571.64,45534.98
KLAC,2024-03-08,2024-04-04,688.7,662.64,ZARAR (SL),-381.43,45150.56
KLAC,2024-04-26,2024-05-01,695.65,656.03,ZARAR (SL),-572.48,44575.08
KLAC,2024-05-29,2024-06-12,762.3,817.03,KAR (TP),714.93,45287.0
KLAC,2024-06-17,2024-06-21,837.82,805.92,ZARAR (SL),-383.85,44900.15
KLAC,2024-07-11,2024-07-17,841.84,771.57,ZARAR (SL),-837.75,44059.4
KLAC,2024-08-15,2024-08-22,826.81,789.56,ZARAR (SL),-453.49,43602.91
KLAC,2024-10-01,2024-10-09,745.23,795.6,KAR (TP),672.87,44272.78
KLAC,2024-12-03,2024-12-05,660.08,637.16,ZARAR (SL),-350.14,43919.64
KLAC,2024-12-17,2024-12-18,649.33,625.42,ZARAR (SL),-371.16,43545.48
KLAC,2025-01-06,2025-01-16,684.45,740.93,KAR (TP),822.15,44364.63
KLAC,2025-01-27,2025-01-30,696.75,736.14,KAR (TP),562.24,44923.87
KLAC,2025-01-31,2025-02-20,731.98,771.04,KAR (TP),530.57,45451.43
KLAC,2025-04-09,2025-04-10,698.92,652.66,ZARAR (SL),-664.87,44783.56
KLAC,2025-05-30,2025-06-06,753.97,804.89,KAR (TP),672.4,45452.97
KLAC,2025-06-09,2025-06-11,826.1,868.65,KAR (TP),512.02,45961.98
KLAC,2025-07-16,2025-07-22,929.9,888.79,ZARAR (SL),-445.1,45513.88
KLAC,2025-10-08,2025-10-10,1060.81,981.1,ZARAR (SL),-754.37,44756.51
KLAC,2025-10-20,2025-10-22,1150.96,1112.45,ZARAR (SL),-337.55,44415.96
KLAC,2025-11-04,2025-11-14,1191.49,1132.42,ZARAR (SL),-498.77,43914.19
KLAC,2025-12-12,2025-12-22,1193.92,1265.66,KAR (TP),597.88,44509.06
ROST,2024-02-05,2024-02-28,139.8,147.34,KAR (TP),536.4,45042.47
ROST,2024-02-29,2024-04-02,145.88,141.06,ZARAR (SL),-333.27,44706.2
ROST,2024-05-28,2024-06-10,135.13,142.12,KAR (TP),514.29,45217.49
ROST,2024-07-15,2024-07-19,145.75,141.25,ZARAR (SL),-312.29,44902.2
ROST,2024-08-15,2024-08-23,145.48,152.77,KAR (TP),498.35,45397.55
ROST,2024-08-30,2024-10-04,148.24,143.64,ZARAR (SL),-313.33,45081.23
ROST,2024-11-22,2024-11-26,144.15,152.33,KAR (TP),564.46,45642.69
ROST,2025-04-09,2025-05-12,135.94,148.1,KAR (TP),891.89,46531.58
ROST,2025-07-31,2025-08-06,135.87,145.83,KAR (TP),730.12,47258.69
ROST,2025-08-14,2025-10-02,146.65,155.82,KAR (TP),621.81,47877.5
ROST,2025-10-06,2025-10-27,151.91,160.36,KAR (TP),553.29,48427.79
ROST,2025-11-03,2025-11-21,160.83,173.6,KAR (TP),791.04,49215.83
MSCI,2024-02-02,2024-02-14,578.9,559.12,ZARAR (SL),-344.62,48866.71
MSCI,2024-03-20,2024-04-02,547.32,530.82,ZARAR (SL),-304.35,48559.36
MSCI,2024-05-23,2024-07-23,481.6,536.21,KAR (TP),1130.97,49687.33
MSCI,2024-08-02,2024-08-05,530.16,508.15,ZARAR (SL),-418.3,49266.03
MSCI,2024-08-15,2024-10-02,553.04,581.43,KAR (TP),510.41,49773.44
MSCI,2024-10-03,2024-10-30,579.4,560.47,ZARAR (SL),-329.7,49440.74
MSCI,2024-11-13,2024-11-20,601.29,574.7,ZARAR (SL),-445.07,48992.67
MSCI,2024-12-06,2024-12-18,609.44,590.41,ZARAR (SL),-315.39,48674.28
MSCI,2025-01-21,2025-01-29,609.64,585.62,ZARAR (SL),-397.08,48274.2
MSCI,2025-05-08,2025-07-03,552.72,584.03,KAR (TP),563.41,48834.61
MSCI,2025-07-16,2025-07-22,568.52,523.16,ZARAR (SL),-800.9,48030.71
MSCI,2025-09-08,2025-09-18,572.78,554.23,ZARAR (SL),-326.72,47701.0
MSCI,2025-10-28,2025-10-29,591.9,565.76,ZARAR (SL),-444.59,47253.4
CHTR,2024-03-11,2024-03-26,298.25,287.89,ZARAR (SL),-350.36,46898.54
CHTR,2024-05-08,2024-05-09,272.78,263.93,ZARAR (SL),-327.44,46568.11
CHTR,2024-05-22,2024-05-31,271.09,287.12,KAR (TP),588.32,47153.42
CHTR,2024-06-17,2024-07-02,285.95,303.5,KAR (TP),610.74,47761.17
CHTR,2024-07-10,2024-07-12,293.95,311.04,KAR (TP),578.39,48336.56
CHTR,2024-07-22,2024-07-26,312.97,367.62,KAR (TP),1743.17,50076.73
CHTR,2024-10-22,2024-11-01,329.82,366.49,KAR (TP),1108.82,51182.55
CHTR,2024-12-04,2024-12-09,402.12,365.96,ZARAR (SL),-902.23,50277.32
CHTR,2025-01-23,2025-01-30,359.96,336.62,ZARAR (SL),-651.41,49622.91
CHTR,2025-02-28,2025-03-06,363.57,382.94,KAR (TP),529.77,50149.68
CHTR,2025-03-07,2025-03-11,379.52,355.87,ZARAR (SL),-626.16,49520.53
CHTR,2025-03-21,2025-03-26,363.81,384.77,KAR (TP),573.12,50090.65
CHTR,2025-04-28,2025-05-06,376.87,402.01,KAR (TP),664.07,50751.73
CHTR,2025-05-27,2025-05-29,411.13,395.81,ZARAR (SL),-375.63,50373.09
CHTR,2025-06-27,2025-07-15,400.97,383.33,ZARAR (SL),-442.93,49927.16
CHTR,2025-09-17,2025-10-06,268.02,282.74,KAR (TP),546.21,50470.37
JPM,2024-01-31,2024-02-23,167.79,177.06,KAR (TP),549.3,51015.18
JPM,2024-03-14,2024-03-21,180.89,191.56,KAR (TP),586.99,51599.16
JPM,2024-03-25,2024-04-12,187.48,176.93,ZARAR (SL),-565.76,51030.4
JPM,2024-05-21,2024-06-12,193.12,185.39,ZARAR (SL),-403.46,50623.94
JPM,2024-06-24,2024-07-02,192.5,202.14,KAR (TP),497.3,51118.24
JPM,2024-07-18,2024-08-02,204.37,193.82,ZARAR (SL),-519.24,50596.0
JPM,2024-09-05,2024-09-10,211.82,200.07,ZARAR (SL),-557.61,50035.39
JPM,2024-11-07,2024-11-22,231.48,243.4,KAR (TP),511.85,50544.24
JPM,2025-04-11,2025-04-21,233.93,226.79,ZARAR (SL),-308.25,50232.99
JPM,2025-05-30,2025-06-23,261.46,275.6,KAR (TP),537.53,50767.52
JPM,2025-07-08,2025-07-25,281.41,297.18,KAR (TP),557.15,51321.67
JPM,2025-07-31,2025-08-07,294.81,285.55,ZARAR (SL),-316.93,51001.74
JPM,2025-09-02,2025-09-19,298.25,313.26,KAR (TP),500.17,51498.91
JPM,2025-09-23,2025-10-10,311.23,300.89,ZARAR (SL),-335.13,51160.77
JPM,2025-11-13,2025-11-18,309.48,299.41,ZARAR (SL),-328.38,50829.39
JPM,2025-12-03,2025-12-09,312.13,300.51,ZARAR (SL),-375.28,50451.11
V,2024-01-31,2024-03-14,269.27,282.76,KAR (TP),497.77,50944.38
V,2024-03-15,2024-04-04,279.43,270.51,ZARAR (SL),-322.39,50618.99
V,2024-05-08,2024-06-27,273.66,263.68,ZARAR (SL),-367.61,50248.38
V,2024-09-19,2024-09-24,282.69,270.34,ZARAR (SL),-439.82,49805.55
V,2024-10-29,2024-11-06,279.36,304.65,KAR (TP),902.35,50704.9
V,2024-11-07,2024-12-24,303.07,318.39,KAR (TP),502.55,51204.45
V,2025-01-23,2025-02-03,325.9,343.38,KAR (TP),533.55,51735.0
V,2025-02-21,2025-03-11,346.65,330.35,ZARAR (SL),-473.26,51258.74
V,2025-05-27,2025-06-18,357.96,339.11,ZARAR (SL),-529.58,50726.16
V,2025-07-24,2025-08-01,352.65,338.08,ZARAR (SL),-416.03,50307.13
V,2025-09-17,2025-09-25,345.52,334.27,ZARAR (SL),-328.53,49975.59
V,2025-10-23,2025-11-10,345.28,334.19,ZARAR (SL),-324.14,49648.46
MA,2024-02-21,2024-03-19,454.52,479.22,KAR (TP),540.51,50184.47
MA,2024-03-21,2024-04-04,483.82,465.13,ZARAR (SL),-389.17,49792.3
MA,2024-07-03,2024-07-10,444.37,430.59,ZARAR (SL),-313.09,49476.21
MA,2024-07-31,2024-08-05,460.45,438.89,ZARAR (SL),-471.18,49002.03
MA,2024-09-05,2024-10-11,474.0,499.39,KAR (TP),532.61,49531.64
MA,2024-10-28,2024-12-11,505.31,531.4,KAR (TP),513.32,50041.96
MA,2024-12-16,2025-01-06,527.28,509.01,ZARAR (SL),-349.59,49689.37
MA,2025-01-21,2025-01-30,525.82,563.61,KAR (TP),715.67,50402.04
MA,2025-02-25,2025-03-07,561.63,544.45,ZARAR (SL),-309.01,50090.03
MA,2025-04-30,2025-05-12,546.6,576.73,KAR (TP),548.22,50635.25
MA,2025-05-21,2025-06-18,568.02,537.29,ZARAR (SL),-543.96,50088.28
MA,2025-07-31,2025-08-22,565.72,598.17,KAR (TP),570.55,50655.84
MA,2025-08-26,2025-09-23,590.83,569.22,ZARAR (SL),-368.78,50284.06
MA,2025-10-21,2025-10-29,572.03,554.58,ZARAR (SL),-308.05,49973.0
MA,2025-12-02,2025-12-22,545.91,575.7,KAR (TP),542.7,50512.7
BAC,2024-01-30,2024-02-01,33.16,31.98,ZARAR (SL),-359.42,50150.27
BAC,2024-02-15,2024-03-07,32.47,34.2,KAR (TP),528.55,50675.82
BAC,2024-04-04,2024-04-12,35.44,34.35,ZARAR (SL),-309.07,50363.75
BAC,2024-04-22,2024-05-21,36.21,38.06,KAR (TP),505.88,50866.63
BAC,2024-05-28,2024-07-09,37.74,40.0,KAR (TP),595.15,51458.78
BAC,2024-07-15,2024-07-16,40.45,42.61,KAR (TP),531.73,51987.52
BAC,2024-07-22,2024-07-31,40.85,38.93,ZARAR (SL),-473.45,51511.07
BAC,2024-09-04,2024-09-06,39.11,37.67,ZARAR (SL),-370.24,51137.83
BAC,2024-09-18,2024-10-11,38.51,40.77,KAR (TP),585.09,51719.92
BAC,2024-10-30,2024-11-06,41.12,44.14,KAR (TP),729.69,52446.6
BAC,2024-11-07,2024-11-25,43.51,46.17,KAR (TP),606.79,53050.39
BAC,2025-01-08,2025-02-21,45.16,43.8,ZARAR (SL),-305.96,52741.42
BAC,2025-05-30,2025-06-23,43.4,45.81,KAR (TP),550.56,53288.98
BAC,2025-06-27,2025-08-01,46.62,45.17,ZARAR (SL),-312.85,52973.13
BAC,2025-08-18,2025-08-27,47.41,49.84,KAR (TP),510.36,53480.49
BAC,2025-09-08,2025-09-18,49.2,51.86,KAR (TP),536.83,54014.32
BAC,2025-09-19,2025-10-01,51.98,50.42,ZARAR (SL),-303.48,53707.84
BAC,2025-10-15,2025-10-16,52.01,50.18,ZARAR (SL),-354.95,53349.89
BAC,2025-11-04,2025-11-17,53.26,51.21,ZARAR (SL),-387.76,52959.13
WFC,2024-01-26,2024-02-06,47.98,46.37,ZARAR (SL),-339.01,52615.62
WFC,2024-02-16,2024-02-27,49.85,52.63,KAR (TP),555.66,53168.28
WFC,2024-03-20,2024-04-19,55.02,57.95,KAR (TP),529.29,53694.56
WFC,2024-04-25,2024-06-06,57.55,55.75,ZARAR (SL),-314.72,53376.85
WFC,2024-06-28,2024-07-12,57.36,54.6,ZARAR (SL),-482.88,52890.97
WFC,2024-09-05,2024-09-06,55.33,52.55,ZARAR (SL),-505.99,52381.98
WFC,2024-09-19,2024-09-25,54.3,52.17,ZARAR (SL),-395.47,51983.51
WFC,2025-01-14,2025-01-15,69.68,74.33,KAR (TP),665.63,52646.14
WFC,2025-01-16,2025-02-05,74.33,78.35,KAR (TP),536.83,53179.97
WFC,2025-02-10,2025-02-25,77.8,74.75,ZARAR (SL),-394.91,52782.06
WFC,2025-05-21,2025-06-23,72.38,76.16,KAR (TP),518.93,53297.99
WFC,2025-06-26,2025-07-25,79.08,83.39,KAR (TP),542.27,53837.26
WFC,2025-08-27,2025-09-05,82.07,78.55,ZARAR (SL),-432.09,53402.17
WFC,2025-09-17,2025-10-08,82.05,79.31,ZARAR (SL),-336.41,53062.75
WFC,2025-10-20,2025-11-20,85.57,82.4,ZARAR (SL),-373.47,52686.29
WFC,2025-12-03,2025-12-22,89.35,94.28,KAR (TP),548.76,53232.05
GS,2024-01-30,2024-03-21,370.17,398.65,KAR (TP),766.55,53995.6
GS,2024-04-22,2024-05-06,402.16,427.52,KAR (TP),627.65,54620.25
GS,2024-05-23,2024-07-10,441.47,464.25,KAR (TP),512.95,55130.2
GS,2024-07-11,2024-07-30,464.58,490.21,KAR (TP),548.72,55675.92
GS,2024-07-31,2024-08-02,493.47,456.25,ZARAR (SL),-757.18,54915.74
GS,2024-09-19,2024-10-03,491.32,474.03,ZARAR (SL),-354.9,54557.83
GS,2024-10-14,2024-11-06,509.77,581.18,KAR (TP),1397.86,55952.69
GS,2024-11-07,2024-12-18,567.71,539.24,ZARAR (SL),-504.47,55445.22
GS,2025-01-15,2025-01-23,593.8,626.71,KAR (TP),551.2,55993.42
GS,2025-05-21,2025-06-11,584.47,617.78,KAR (TP),566.9,56557.32
GS,2025-06-16,2025-06-24,621.43,655.34,KAR (TP),542.67,57096.99
GS,2025-07-16,2025-08-13,701.57,737.07,KAR (TP),503.05,57597.04
GS,2025-08-22,2025-09-11,734.3,780.86,KAR (TP),631.07,58225.11
GS,2025-09-30,2025-10-10,792.42,760.59,ZARAR (SL),-404.71,57817.4
GS,2025-11-13,2025-11-17,801.53,771.73,ZARAR (SL),-374.69,57439.71
GS,2025-12-01,2025-12-05,806.86,854.56,KAR (TP),588.18,58024.89
MS,2024-02-16,2024-03-20,81.98,86.58,KAR (TP),557.69,58578.08
MS,2024-03-21,2024-04-11,88.52,82.3,ZARAR (SL),-705.36,57869.73
MS,2024-07-01,2024-07-11,94.85,100.09,KAR (TP),549.64,58416.37
MS,2024-07-19,2024-08-02,97.65,92.51,ZARAR (SL),-529.77,57883.59
MS,2024-09-03,2024-09-26,95.81,100.95,KAR (TP),533.92,58414.51
MS,2024-11-26,2024-12-10,127.7,123.34,ZARAR (SL),-345.02,58066.5
MS,2025-01-15,2025-01-17,126.99,134.11,KAR (TP),557.7,58621.2
MS,2025-01-21,2025-02-21,133.56,128.96,ZARAR (SL),-347.77,58270.43
MS,2025-05-21,2025-06-06,123.68,130.12,KAR (TP),517.35,58784.78
MS,2025-06-18,2025-06-26,130.81,137.95,KAR (TP),542.58,59324.36
MS,2025-07-15,2025-08-13,139.76,146.87,KAR (TP),505.27,59826.62
MS,2025-08-15,2025-09-09,143.75,151.3,KAR (TP),521.79,60345.41
MS,2025-09-16,2025-10-24,154.87,162.87,KAR (TP),513.65,60856.06
MS,2025-11-07,2025-12-03,162.36,173.72,KAR (TP),696.68,61549.74
MS,2025-12-18,2025-12-24,172.96,181.65,KAR (TP),499.43,62046.17
SPY,2024-01-31,2024-02-22,471.23,495.26,KAR (TP),506.86,62550.03
SPY,2024-02-29,2024-06-05,495.82,523.39,KAR (TP),553.04,63100.07
SPY,2024-06-12,2024-08-05,529.94,508.1,ZARAR (SL),-415.13,62681.94
SPY,2024-09-03,2024-10-11,542.18,570.93,KAR (TP),527.32,63206.26
SPY,2024-10-15,2025-01-23,571.13,602.67,KAR (TP),549.32,63752.58
SPY,2025-01-31,2025-03-04,594.83,570.16,ZARAR (SL),-417.74,63331.84
SPY,2025-05-21,2025-06-26,577.83,608.38,KAR (TP),525.75,63854.59
SPY,2025-06-27,2025-08-27,611.4,642.94,KAR (TP),512.85,64364.44
SPY,2025-08-29,2025-10-24,641.37,675.25,KAR (TP),525.29,64886.73
SPY,2025-10-29,2025-11-17,685.36,663.71,ZARAR (SL),-318.98,64564.75
BLK,2024-02-07,2024-03-04,760.57,798.64,KAR (TP),497.44,65057.69
BLK,2024-03-21,2024-03-25,810.9,786.01,ZARAR (SL),-309.98,64744.71
BLK,2024-06-28,2024-07-12,763.19,802.59,KAR (TP),513.31,65255.01
BLK,2024-07-15,2024-07-30,797.73,845.84,KAR (TP),600.07,65852.08
BLK,2024-09-03,2024-09-19,859.26,911.58,KAR (TP),605.87,66454.96
BLK,2024-09-20,2024-10-11,905.65,965.59,KAR (TP),658.83,67110.78
BLK,2024-10-17,2024-11-11,977.52,1027.58,KAR (TP),509.12,67616.9
BLK,2024-11-19,2025-01-07,1002.49,961.06,ZARAR (SL),-416.31,67197.59
BLK,2025-01-29,2025-02-03,1031.47,993.39,ZARAR (SL),-372.18,66822.41
BLK,2025-05-21,2025-06-25,958.49,1008.39,KAR (TP),517.56,67336.97
BLK,2025-06-26,2025-07-09,1020.98,1078.39,KAR (TP),559.29,67893.26
BLK,2025-07-15,2025-07-17,1036.2,1094.86,KAR (TP),563.07,68453.33
BLK,2025-07-18,2025-08-12,1093.08,1148.57,KAR (TP),504.62,68954.95
BLK,2025-08-13,2025-08-21,1148.99,1114.04,ZARAR (SL),-307.13,68644.81
BLK,2025-09-17,2025-10-14,1126.3,1188.48,KAR (TP),549.05,69190.86
BLK,2025-10-15,2025-10-17,1196.76,1155.54,ZARAR (SL),-347.51,68840.36
SCHW,2024-02-15,2024-03-05,63.17,66.56,KAR (TP),533.9,69369.76
SCHW,2024-03-08,2024-03-21,65.65,70.23,KAR (TP),693.74,70060.5
SCHW,2024-04-10,2024-04-23,69.49,73.53,KAR (TP),577.87,70635.37
SCHW,2024-05-14,2024-05-23,75.58,70.94,ZARAR (SL),-616.73,70015.64
SCHW,2024-06-24,2024-07-16,73.08,66.12,ZARAR (SL),-955.64,69057.01
SCHW,2024-08-14,2024-09-06,64.35,61.93,ZARAR (SL),-379.38,68674.63
SCHW,2024-09-19,2024-10-15,63.76,70.85,KAR (TP),1108.8,69780.43
SCHW,2024-11-06,2024-11-07,74.58,72.04,ZARAR (SL),-343.59,69433.83
SCHW,2024-12-09,2024-12-16,80.52,77.0,ZARAR (SL),-440.98,68989.85
SCHW,2025-02-10,2025-02-27,80.19,77.74,ZARAR (SL),-308.47,68678.38
SCHW,2025-04-01,2025-04-03,76.99,74.21,ZARAR (SL),-363.5,68311.88
SCHW,2025-05-29,2025-07-07,87.27,92.08,KAR (TP),548.5,68857.38
SCHW,2025-07-16,2025-07-21,90.75,95.71,KAR (TP),543.79,69398.17
SCHW,2025-07-25,2025-09-05,96.51,91.79,ZARAR (SL),-492.42,68902.75
SCHW,2025-10-15,2025-11-20,94.06,90.49,ZARAR (SL),-382.84,68516.9
SCHW,2025-12-03,2025-12-19,93.99,98.82,KAR (TP),510.88,69024.79
C,2024-01-30,2024-02-05,53.56,51.61,ZARAR (SL),-365.56,68656.23
C,2024-03-14,2024-03-20,54.07,56.95,KAR (TP),529.49,69182.72
C,2024-04-03,2024-04-12,58.42,56.52,ZARAR (SL),-328.82,68850.9
C,2024-04-23,2024-06-11,59.35,56.49,ZARAR (SL),-484.29,68363.61
C,2024-06-28,2024-07-10,60.62,63.98,KAR (TP),551.68,68912.29
C,2024-07-12,2024-08-02,61.63,56.13,ZARAR (SL),-895.75,68013.55
C,2024-09-04,2024-09-06,58.79,56.99,ZARAR (SL),-309.76,67700.79
C,2024-09-19,2024-09-25,60.78,58.23,ZARAR (SL),-421.91,67275.88
C,2024-10-11,2024-10-15,63.4,60.41,ZARAR (SL),-474.56,66798.32
C,2024-10-28,2024-11-06,61.88,67.17,KAR (TP),851.45,67646.77
C,2024-11-07,2024-12-05,66.27,70.28,KAR (TP),601.9,68245.67
C,2025-01-06,2025-01-15,70.78,76.16,KAR (TP),757.24,68999.91
C,2025-02-06,2025-02-21,80.66,78.04,ZARAR (SL),-328.52,68668.39
C,2025-05-30,2025-06-23,74.38,78.37,KAR (TP),533.38,69198.77
C,2025-08-01,2025-08-27,90.69,96.3,KAR (TP),615.22,69810.99
C,2025-09-02,2025-09-15,94.22,99.2,KAR (TP),525.59,70333.58
C,2025-09-17,2025-10-02,101.16,96.76,ZARAR (SL),-437.36,69893.23
C,2025-11-07,2025-11-20,100.79,97.63,ZARAR (SL),-316.52,69573.7
C,2025-12-03,2025-12-15,106.72,112.8,KAR (TP),566.72,70137.42
AXP,2024-01-26,2024-02-09,197.56,208.39,KAR (TP),545.08,70679.5
AXP,2024-03-15,2024-04-19,214.26,227.3,KAR (TP),605.62,71282.12
AXP,2024-04-22,2024-06-11,229.23,220.9,ZARAR (SL),-366.52,70912.6
AXP,2024-07-19,2024-08-02,239.17,229.21,ZARAR (SL),-419.7,70489.89
AXP,2024-08-21,2024-08-29,243.04,256.4,KAR (TP),546.74,71033.63
AXP,2024-09-03,2024-09-06,250.94,240.83,ZARAR (SL),-406.05,70624.58
AXP,2024-09-17,2024-10-16,261.89,278.68,KAR (TP),638.15,71259.73
AXP,2024-10-17,2024-10-18,282.73,273.84,ZARAR (SL),-317.58,70939.15
AXP,2024-11-06,2024-11-18,292.01,282.5,ZARAR (SL),-328.93,70607.22
AXP,2024-12-09,2024-12-18,293.56,284.71,ZARAR (SL),-304.29,70299.93
AXP,2025-01-06,2025-01-21,299.36,315.3,KAR (TP),529.33,70826.26
AXP,2025-01-27,2025-02-12,313.78,303.85,ZARAR (SL),-319.67,70503.59
AXP,2025-04-09,2025-04-10,261.04,245.65,ZARAR (SL),-592.65,69907.94
AXP,2025-05-21,2025-06-06,284.56,300.95,KAR (TP),572.87,70477.82
AXP,2025-06-18,2025-06-26,294.93,309.85,KAR (TP),503.04,70977.86
AXP,2025-06-27,2025-07-21,315.59,302.2,ZARAR (SL),-427.2,70547.66
AXP,2025-09-03,2025-09-18,322.89,340.81,KAR (TP),551.82,71096.48
AXP,2025-09-19,2025-10-01,340.26,327.73,ZARAR (SL),-371.2,70722.28
AXP,2025-10-14,2025-10-21,332.85,355.22,KAR (TP),669.07,71388.35
AXP,2025-10-22,2025-11-11,352.0,370.16,KAR (TP),512.91,71898.26
CB,2024-02-29,2024-04-24,246.75,239.05,ZARAR (SL),-315.08,71578.68
CB,2024-05-20,2024-06-28,259.83,251.79,ZARAR (SL),-312.5,71263.18
CB,2024-07-17,2024-08-29,264.02,278.34,KAR (TP),539.49,71799.68
CB,2024-09-11,2024-10-17,280.67,298.94,KAR (TP),647.81,72444.48
CB,2024-10-18,2024-10-25,298.71,285.17,ZARAR (SL),-456.16,71985.32
CB,2024-11-26,2024-12-09,285.66,274.61,ZARAR (SL),-389.86,71592.47
CB,2025-02-24,2025-03-03,271.66,287.81,KAR (TP),591.28,72180.75
CB,2025-03-04,2025-03-27,282.3,297.36,KAR (TP),530.31,72708.05
CB,2025-03-28,2025-04-04,295.45,279.74,ZARAR (SL),-534.64,72170.41
CB,2025-05-15,2025-06-18,291.07,282.15,ZARAR (SL),-309.48,71857.93
CB,2025-09-02,2025-10-16,276.81,268.23,ZARAR (SL),-312.96,71541.97
CB,2025-11-24,2025-12-15,295.81,312.61,KAR (TP),564.93,72103.9
MMC,2024-01-31,2024-02-22,188.72,198.86,KAR (TP),534.56,72633.96
MMC,2024-02-29,2024-06-18,196.92,207.82,KAR (TP),550.53,73181.49
MMC,2024-06-25,2024-07-30,207.33,218.12,KAR (TP),517.06,73695.55
MMC,2024-08-01,2024-08-05,220.26,212.11,ZARAR (SL),-373.42,73319.13
MMC,2024-09-05,2024-10-07,224.04,216.32,ZARAR (SL),-347.47,72968.66
MMC,2024-10-17,2024-10-31,223.35,214.81,ZARAR (SL),-385.51,72580.15
MMC,2024-11-22,2024-12-09,224.24,214.74,ZARAR (SL),-426.58,72150.57
MMC,2025-01-16,2025-02-07,212.89,224.66,KAR (TP),549.88,72697.45
MMC,2025-03-06,2025-04-07,233.56,221.78,ZARAR (SL),-507.17,72187.28
MMC,2025-05-16,2025-06-09,229.37,220.57,ZARAR (SL),-386.34,71797.94
MMC,2025-08-28,2025-09-10,205.52,197.88,ZARAR (SL),-374.54,71420.41
MMC,2025-10-15,2025-10-16,203.85,186.48,ZARAR (SL),-855.1,70562.31
AON,2024-01-26,2024-02-28,297.59,313.77,KAR (TP),540.73,71098.54
AON,2024-02-29,2024-03-27,312.12,329.7,KAR (TP),560.31,71655.85
AON,2024-04-03,2024-04-11,320.5,307.19,ZARAR (SL),-418.14,71234.71
AON,2024-06-06,2024-06-17,282.89,297.05,KAR (TP),497.51,71729.22
AON,2024-06-25,2024-07-26,289.93,319.81,KAR (TP),1027.67,72753.89
AON,2024-08-15,2024-09-04,328.86,345.82,KAR (TP),512.6,73263.48
AON,2024-09-11,2024-10-25,342.1,372.5,KAR (TP),885.63,74146.11
AON,2024-10-28,2024-11-25,368.8,387.38,KAR (TP),500.84,74643.96
AON,2024-12-03,2024-12-09,383.25,365.69,ZARAR (SL),-461.04,74179.92
AON,2025-01-17,2025-02-06,363.97,383.11,KAR (TP),522.76,74699.68
AON,2025-03-05,2025-03-17,402.38,389.34,ZARAR (SL),-326.95,74369.72
AON,2025-05-29,2025-06-09,366.15,353.09,ZARAR (SL),-359.75,74006.97
AON,2025-07-24,2025-08-20,355.86,374.0,KAR (TP),506.66,74510.63
AON,2025-08-26,2025-09-16,369.0,356.57,ZARAR (SL),-339.86,74167.77
CME,2024-02-08,2024-02-14,191.27,201.75,KAR (TP),545.04,74708.31
CME,2024-02-22,2024-04-09,204.4,197.72,ZARAR (SL),-329.43,74375.88
CME,2024-04-22,2024-05-01,203.1,196.11,ZARAR (SL),-346.88,74026.0
CME,2024-08-02,2024-08-27,189.43,201.34,KAR (TP),626.03,74649.04
CME,2024-09-03,2024-10-01,201.57,214.67,KAR (TP),646.98,75293.01
CME,2024-10-07,2024-11-26,211.29,223.35,KAR (TP),567.96,75857.98
CME,2024-12-02,2025-02-03,224.52,236.15,KAR (TP),515.25,76370.23
CME,2025-02-04,2025-03-03,238.0,252.08,KAR (TP),588.68,76955.91
CME,2025-03-04,2025-03-17,247.27,259.93,KAR (TP),509.08,77461.98
CME,2025-03-19,2025-04-04,261.8,250.94,ZARAR (SL),-417.74,77041.25
CME,2025-05-21,2025-06-09,277.84,265.85,ZARAR (SL),-434.65,76603.6
CME,2025-07-08,2025-08-28,273.06,264.28,ZARAR (SL),-324.45,76276.15
CME,2025-09-30,2025-10-06,268.95,260.85,ZARAR (SL),-304.27,75968.88
CME,2025-10-17,2025-11-13,266.71,282.24,KAR (TP),579.22,76545.11
CME,2025-11-14,2025-11-19,283.73,271.24,ZARAR (SL),-443.29,76098.82
ICE,2024-01-31,2024-02-08,124.37,131.0,KAR (TP),530.26,76626.07
ICE,2024-02-13,2024-04-16,131.28,127.29,ZARAR (SL),-306.8,76316.27
ICE,2024-05-15,2024-05-28,135.1,131.0,ZARAR (SL),-306.91,76006.36
ICE,2024-06-12,2024-07-09,133.32,140.07,KAR (TP),502.9,76506.27
ICE,2024-07-31,2024-08-23,149.01,157.32,KAR (TP),554.53,77057.8
ICE,2024-09-11,2024-11-01,157.3,152.47,ZARAR (SL),-310.37,76744.43
ICE,2024-12-02,2024-12-17,156.06,151.08,ZARAR (SL),-322.46,76418.97
ICE,2025-01-21,2025-01-27,150.02,159.03,KAR (TP),597.45,77013.42
ICE,2025-02-27,2025-04-04,168.93,155.42,ZARAR (SL),-802.52,76207.9
ICE,2025-05-21,2025-06-30,173.25,182.41,KAR (TP),526.02,76730.92
ICE,2025-07-24,2025-08-18,182.52,176.92,ZARAR (SL),-310.22,76417.7
ICE,2025-12-02,2025-12-12,154.9,162.72,KAR (TP),502.28,76916.98
PGR,2024-02-13,2024-02-22,178.2,187.6,KAR (TP),524.79,77437.27
PGR,2024-02-29,2024-03-13,185.52,195.48,KAR (TP),534.03,77968.3
PGR,2024-04-17,2024-06-12,204.76,198.22,ZARAR (SL),-322.43,77642.87
PGR,2024-06-24,2024-07-17,206.29,216.84,KAR (TP),508.43,78148.31
PGR,2024-07-18,2024-07-22,219.95,211.89,ZARAR (SL),-369.54,77775.76
PGR,2024-09-19,2024-10-07,250.09,240.61,ZARAR (SL),-382.3,77390.47
PGR,2024-11-06,2024-12-09,253.57,242.9,ZARAR (SL),-423.87,76963.6
PGR,2025-01-21,2025-02-11,240.73,257.27,KAR (TP),684.11,77644.7
PGR,2025-03-07,2025-04-04,279.5,257.44,ZARAR (SL),-792.38,76849.33
PGR,2025-05-12,2025-06-09,280.03,271.09,ZARAR (SL),-322.0,76524.33
PGR,2025-08-13,2025-09-22,249.09,241.05,ZARAR (SL),-325.65,76195.68
ALL,2024-02-07,2024-03-25,152.36,163.26,KAR (TP),712.65,76903.83
ALL,2024-04-18,2024-05-23,163.4,158.46,ZARAR (SL),-305.17,76595.66
ALL,2024-07-25,2024-08-01,160.71,172.35,KAR (TP),721.31,77313.96
ALL,2024-08-02,2024-08-05,171.81,164.23,ZARAR (SL),-444.13,76866.83
ALL,2024-08-15,2024-08-28,173.06,181.76,KAR (TP),499.5,77363.33
ALL,2024-09-05,2024-10-16,181.38,191.04,KAR (TP),529.41,77889.74
ALL,2024-10-17,2024-10-25,190.9,183.68,ZARAR (SL),-380.99,77505.75
ALL,2024-11-08,2024-11-26,192.26,202.97,KAR (TP),554.14,78056.89
ALL,2025-02-06,2025-02-21,188.19,182.09,ZARAR (SL),-327.16,77726.73
ALL,2025-03-04,2025-03-17,195.2,207.09,KAR (TP),606.05,78329.78
ALL,2025-03-20,2025-04-04,207.17,183.89,ZARAR (SL),-1126.32,77200.46
ALL,2025-05-14,2025-06-02,197.71,209.59,KAR (TP),597.73,77795.18
ALL,2025-06-03,2025-06-09,208.23,198.85,ZARAR (SL),-453.65,77338.54
ALL,2025-07-23,2025-08-06,195.72,207.01,KAR (TP),573.89,77909.43
ALL,2025-08-20,2025-08-21,211.57,204.57,ZARAR (SL),-333.96,77572.47
ALL,2025-09-04,2025-09-05,207.35,200.58,ZARAR (SL),-329.41,77240.06
ALL,2025-09-19,2025-10-16,205.07,193.96,ZARAR (SL),-544.64,76692.42
ALL,2025-12-01,2025-12-05,210.0,202.27,ZARAR (SL),-371.1,76318.33
MET,2024-01-29,2024-02-01,66.31,61.59,ZARAR (SL),-715.05,75598.78
MET,2024-02-12,2024-03-13,65.12,69.03,KAR (TP),598.02,76193.8
MET,2024-03-14,2024-04-15,68.3,65.96,ZARAR (SL),-345.14,75845.66
MET,2024-05-31,2024-06-06,69.28,67.05,ZARAR (SL),-324.96,75517.7
MET,2024-07-10,2024-07-16,68.57,72.43,KAR (TP),561.09,76075.78
MET,2024-08-01,2024-08-02,72.55,67.55,ZARAR (SL),-691.84,75380.95
MET,2024-09-06,2024-09-17,71.49,75.55,KAR (TP),563.95,75941.9
MET,2024-09-18,2024-10-04,76.48,81.11,KAR (TP),601.42,76540.32
MET,2024-10-09,2024-10-31,81.59,75.68,ZARAR (SL),-726.92,75810.4
MET,2024-12-03,2024-12-09,83.31,79.96,ZARAR (SL),-404.31,75403.09
MET,2025-01-08,2025-01-10,80.49,77.99,ZARAR (SL),-313.31,75086.78
MET,2025-01-22,2025-02-13,83.34,80.53,ZARAR (SL),-340.19,74743.59
MET,2025-03-21,2025-03-28,80.55,77.49,ZARAR (SL),-383.04,74357.56
MET,2025-05-07,2025-05-12,75.61,79.45,KAR (TP),505.21,74859.77
MET,2025-05-21,2025-07-30,76.75,73.69,ZARAR (SL),-402.23,74454.54
MET,2025-08-12,2025-08-22,76.01,80.91,KAR (TP),640.94,75092.48
MET,2025-09-05,2025-11-06,78.94,75.97,ZARAR (SL),-379.22,74710.26
AIG,2024-01-31,2024-03-04,66.63,70.14,KAR (TP),523.54,75230.8
AIG,2024-03-05,2024-03-21,70.86,74.56,KAR (TP),519.05,75746.85
AIG,2024-04-04,2024-04-11,73.79,71.44,ZARAR (SL),-322.76,75421.08
AIG,2024-05-20,2024-06-05,75.88,73.1,ZARAR (SL),-369.8,75048.29
AIG,2024-07-22,2024-08-02,73.67,69.69,ZARAR (SL),-543.22,74502.06
AIG,2024-10-07,2024-10-14,71.7,75.58,KAR (TP),537.47,75036.53
AIG,2024-10-28,2024-11-12,75.44,72.89,ZARAR (SL),-341.15,74692.38
AIG,2025-01-14,2025-02-12,71.07,75.25,KAR (TP),585.24,75274.62
AIG,2025-02-18,2025-02-27,73.88,78.02,KAR (TP),557.56,75829.18
AIG,2025-03-04,2025-03-17,78.18,82.54,KAR (TP),555.0,76381.18
AIG,2025-03-19,2025-04-04,82.3,77.67,ZARAR (SL),-565.99,75812.19
AIG,2025-05-09,2025-06-06,81.07,85.92,KAR (TP),595.23,76404.42
AIG,2025-06-09,2025-07-11,83.8,80.88,ZARAR (SL),-351.54,76049.88
AIG,2025-08-26,2025-09-05,81.67,78.34,ZARAR (SL),-411.09,75635.79
AIG,2025-10-15,2025-10-16,80.84,76.62,ZARAR (SL),-524.78,75108.01
AIG,2025-11-13,2025-11-19,77.94,75.36,ZARAR (SL),-334.84,74770.17
AIG,2025-12-05,2025-12-10,76.63,80.66,KAR (TP),522.77,75289.93
PNC,2024-03-04,2024-03-14,144.16,139.24,ZARAR (SL),-344.48,74942.45
PNC,2024-04-05,2024-04-12,147.56,142.68,ZARAR (SL),-334.02,74605.43
PNC,2024-04-22,2024-05-29,147.7,143.18,ZARAR (SL),-308.91,74293.52
PNC,2024-06-28,2024-07-10,147.27,155.63,KAR (TP),564.28,74854.8
PNC,2024-08-01,2024-08-02,168.3,162.57,ZARAR (SL),-343.36,74508.44
PNC,2024-09-06,2024-09-19,168.98,179.02,KAR (TP),591.23,75096.67
PNC,2024-09-20,2024-10-01,178.21,172.03,ZARAR (SL),-350.18,74743.49
PNC,2024-10-14,2024-11-06,180.28,197.65,KAR (TP),960.79,75701.28
PNC,2024-11-07,2024-11-26,195.96,206.55,KAR (TP),537.82,76236.1
PNC,2025-01-15,2025-02-14,194.88,188.53,ZARAR (SL),-328.78,75904.32
PNC,2025-05-30,2025-06-25,170.75,179.29,KAR (TP),497.55,76398.86
PNC,2025-06-27,2025-07-02,182.48,192.26,KAR (TP),533.21,76929.07
PNC,2025-09-09,2025-10-07,198.59,192.05,ZARAR (SL),-332.33,76593.74
PNC,2025-11-14,2025-12-03,183.99,198.0,KAR (TP),758.45,77349.2
USB,2024-02-29,2024-03-21,38.78,41.08,KAR (TP),590.42,77936.62
USB,2024-05-15,2024-05-20,39.47,38.22,ZARAR (SL),-318.02,77615.6
USB,2024-06-24,2024-07-12,37.9,39.85,KAR (TP),509.06,78121.66
USB,2024-07-15,2024-07-17,40.08,42.84,KAR (TP),684.13,78802.79
USB,2024-08-01,2024-08-05,41.15,38.62,ZARAR (SL),-619.38,78180.41
USB,2024-09-06,2024-10-11,42.11,44.27,KAR (TP),510.42,78687.84
USB,2024-10-14,2024-10-17,45.09,47.82,KAR (TP),601.84,79286.68
USB,2024-10-18,2024-11-04,47.04,45.16,ZARAR (SL),-403.73,78879.95
USB,2024-11-14,2024-11-25,48.15,51.32,KAR (TP),656.91,79533.86
USB,2025-01-21,2025-01-29,47.69,46.09,ZARAR (SL),-339.58,79191.28
USB,2025-05-30,2025-07-01,42.66,46.0,KAR (TP),780.11,79968.39
USB,2025-07-15,2025-08-01,45.21,43.47,ZARAR (SL),-386.02,79579.37
USB,2025-08-13,2025-09-04,46.12,48.65,KAR (TP),546.24,80122.61
USB,2025-09-17,2025-10-07,49.08,47.5,ZARAR (SL),-325.6,79794.01
USB,2025-11-25,2025-12-04,48.91,51.37,KAR (TP),499.96,80290.98
BK,2024-02-12,2024-02-13,53.29,51.63,ZARAR (SL),-314.04,79973.94
BK,2024-02-23,2024-05-09,53.31,56.31,KAR (TP),560.62,80531.56
BK,2024-05-30,2024-07-11,56.38,59.32,KAR (TP),519.08,81047.64
BK,2024-07-18,2024-08-23,61.26,64.56,KAR (TP),536.0,81580.64
BK,2024-09-06,2024-09-16,64.57,68.58,KAR (TP),617.39,82195.03
BK,2024-10-02,2024-10-14,68.99,74.39,KAR (TP),780.65,82972.68
BK,2024-10-30,2024-11-22,74.28,78.4,KAR (TP),551.46,83521.14
BK,2024-12-09,2024-12-18,78.86,74.18,ZARAR (SL),-597.22,82920.92
BK,2025-01-15,2025-01-27,80.26,84.5,KAR (TP),525.18,83443.1
BK,2025-02-14,2025-03-06,86.41,83.31,ZARAR (SL),-361.61,83078.49
BK,2025-05-30,2025-07-07,87.71,92.3,KAR (TP),520.64,83596.14
BK,2025-07-10,2025-07-18,92.71,97.83,KAR (TP),550.06,84143.2
BK,2025-08-13,2025-09-17,101.41,106.48,KAR (TP),497.44,84637.64
BK,2025-09-19,2025-10-10,108.18,104.03,ZARAR (SL),-386.59,84248.05
BK,2025-10-29,2025-11-12,107.05,112.64,KAR (TP),519.19,84764.24
BK,2025-11-14,2025-11-17,110.48,106.77,ZARAR (SL),-338.81,84422.43
COF,2024-01-26,2024-02-06,134.75,130.51,ZARAR (SL),-318.02,84099.91
COF,2024-02-20,2024-03-27,134.05,141.0,KAR (TP),515.23,84612.14
COF,2024-04-04,2024-04-16,138.68,133.1,ZARAR (SL),-405.45,84203.69
COF,2024-06-26,2024-07-15,134.01,141.69,KAR (TP),570.22,84770.92
COF,2024-07-22,2024-08-02,142.18,133.37,ZARAR (SL),-622.53,84145.38
COF,2024-09-04,2024-09-06,141.5,136.81,ZARAR (SL),-334.78,83807.6
COF,2024-09-19,2024-09-24,150.63,145.02,ZARAR (SL),-375.43,83429.18
COF,2024-10-04,2024-10-25,151.02,158.72,KAR (TP),507.3,83933.47
COF,2024-10-29,2024-11-06,160.42,187.96,KAR (TP),1713.67,85644.14
COF,2024-11-07,2024-12-18,181.9,172.24,ZARAR (SL),-534.01,85107.14
COF,2025-01-15,2025-01-22,188.28,198.4,KAR (TP),534.55,85638.69
COF,2025-02-18,2025-02-25,200.84,192.04,ZARAR (SL),-441.36,85194.32
COF,2025-04-09,2025-04-10,173.22,160.59,ZARAR (SL),-731.95,84459.38
COF,2025-04-24,2025-05-12,183.26,198.02,KAR (TP),802.19,85258.56
COF,2025-05-14,2025-05-21,195.34,185.13,ZARAR (SL),-525.71,84729.85
COF,2025-06-20,2025-06-26,197.08,209.14,KAR (TP),608.99,85335.84
COF,2025-06-27,2025-08-22,209.64,220.38,KAR (TP),509.39,85842.23
COF,2025-08-26,2025-09-30,224.07,211.77,ZARAR (SL),-551.64,85287.59
COF,2025-11-06,2025-11-17,216.06,201.01,ZARAR (SL),-699.49,84585.1
COF,2025-12-02,2025-12-10,224.0,237.76,KAR (TP),611.29,85193.39
TRV,2024-02-08,2024-03-13,206.62,216.96,KAR (TP),497.33,85687.72
TRV,2024-03-15,2024-04-17,214.47,200.54,ZARAR (SL),-652.53,85032.19
TRV,2024-05-16,2024-05-23,212.81,206.04,ZARAR (SL),-321.4,84707.79
TRV,2024-07-12,2024-07-19,206.43,198.51,ZARAR (SL),-386.74,84318.05
TRV,2024-07-31,2024-08-05,211.16,203.52,ZARAR (SL),-364.76,83950.29
TRV,2024-08-16,2024-08-30,211.28,222.5,KAR (TP),528.01,84475.29
TRV,2024-09-19,2024-10-07,232.79,221.42,ZARAR (SL),-491.68,83980.62
TRV,2024-10-23,2024-10-29,252.17,243.66,ZARAR (SL),-340.28,83637.33
TRV,2024-11-08,2024-12-10,251.71,243.68,ZARAR (SL),-322.34,83311.99
TRV,2025-01-22,2025-02-14,242.76,234.48,ZARAR (SL),-344.28,82964.72
TRV,2025-02-24,2025-03-03,244.26,256.65,KAR (TP),504.57,83466.29
TRV,2025-03-11,2025-04-04,251.5,239.35,ZARAR (SL),-486.19,82977.1
TRV,2025-04-22,2025-05-19,258.17,271.24,KAR (TP),503.3,83477.4
TRV,2025-05-27,2025-06-10,272.56,260.91,ZARAR (SL),-430.55,83043.85
TRV,2025-07-18,2025-07-28,263.86,252.88,ZARAR (SL),-418.84,82622.01
TRV,2025-08-13,2025-10-03,267.16,283.44,KAR (TP),606.32,83225.33
TRV,2025-10-06,2025-10-10,281.62,269.06,ZARAR (SL),-449.01,82773.32
MCO,2024-02-05,2024-02-13,390.87,363.54,ZARAR (SL),-702.26,82066.56
MCO,2024-03-15,2024-04-16,379.09,365.84,ZARAR (SL),-352.59,81710.97
MCO,2024-06-12,2024-07-09,407.47,431.1,KAR (TP),576.77,82284.74
MCO,2024-07-26,2024-08-20,443.75,469.12,KAR (TP),568.66,82850.4
MCO,2024-08-22,2024-10-04,475.52,456.23,ZARAR (SL),-408.63,82438.77
MCO,2024-10-21,2024-10-22,482.42,463.36,ZARAR (SL),-397.9,82037.87
MCO,2024-11-08,2024-11-27,472.73,497.09,KAR (TP),512.37,82547.24
MCO,2024-12-02,2024-12-18,493.65,466.53,ZARAR (SL),-552.25,81992.0
MCO,2025-01-21,2025-02-11,481.08,508.71,KAR (TP),571.32,82560.32
MCO,2025-02-12,2025-03-04,501.61,478.56,ZARAR (SL),-462.7,82094.61
MCO,2025-05-28,2025-07-01,476.7,500.58,KAR (TP),497.93,82589.54
MCO,2025-07-02,2025-09-19,495.24,479.79,ZARAR (SL),-315.03,82271.51
MCO,2025-10-21,2025-11-18,483.96,469.23,ZARAR (SL),-307.38,81961.13
MCO,2025-12-01,2025-12-23,487.24,515.39,KAR (TP),574.74,82532.88
CBOE,2024-01-29,2024-02-22,180.27,192.08,KAR (TP),652.04,83181.92
CBOE,2024-02-29,2024-03-07,189.16,181.09,ZARAR (SL),-429.56,82749.36
CBOE,2024-05-06,2024-05-29,180.16,173.99,ZARAR (SL),-345.87,82400.49
CBOE,2024-08-15,2024-08-26,198.63,210.64,KAR (TP),601.54,82999.03
CBOE,2024-09-03,2024-09-25,211.0,201.34,ZARAR (SL),-460.62,82535.41
CBOE,2024-10-22,2024-11-06,211.92,199.61,ZARAR (SL),-583.53,81948.88
CBOE,2024-11-25,2024-12-06,212.27,202.81,ZARAR (SL),-448.91,81496.97
CBOE,2025-01-23,2025-02-12,200.44,210.81,KAR (TP),514.34,82008.3
CBOE,2025-02-21,2025-03-28,209.71,222.06,KAR (TP),586.13,82591.43
CBOE,2025-03-31,2025-04-04,225.66,214.49,ZARAR (SL),-497.94,82090.49
CBOE,2025-05-02,2025-05-14,225.76,212.94,ZARAR (SL),-571.05,81516.44
CBOE,2025-05-30,2025-06-09,229.12,219.55,ZARAR (SL),-420.68,81092.76
CBOE,2025-06-23,2025-07-24,230.12,245.91,KAR (TP),683.16,81772.92
CBOE,2025-07-28,2025-09-02,241.54,231.88,ZARAR (SL),-402.93,81366.99
CBOE,2025-09-24,2025-10-21,243.19,233.29,ZARAR (SL),-410.09,80953.9
CBOE,2025-10-31,2025-11-10,245.64,259.14,KAR (TP),546.59,81497.49
RJF,2024-01-26,2024-02-27,110.55,116.89,KAR (TP),570.22,82063.2
RJF,2024-03-01,2024-03-21,117.24,123.13,KAR (TP),499.21,82559.41
RJF,2024-04-10,2024-04-12,124.57,120.08,ZARAR (SL),-363.26,82193.15
RJF,2024-04-23,2024-04-25,124.58,119.5,ZARAR (SL),-411.21,81778.94
RJF,2024-06-28,2024-07-08,121.12,115.53,ZARAR (SL),-465.0,81310.94
RJF,2024-09-05,2024-09-19,115.64,122.06,KAR (TP),552.37,81860.3
RJF,2024-09-20,2024-10-14,122.25,128.48,KAR (TP),506.21,82363.52
RJF,2024-10-15,2024-10-24,131.42,145.5,KAR (TP),1068.05,83428.57
RJF,2024-11-19,2024-12-18,160.52,150.45,ZARAR (SL),-630.23,82795.34
RJF,2025-01-15,2025-01-21,159.83,168.04,KAR (TP),510.63,83302.97
RJF,2025-01-27,2025-02-10,167.69,160.84,ZARAR (SL),-411.64,82888.33
RJF,2025-05-22,2025-07-01,145.57,154.19,KAR (TP),589.33,83474.65
RJF,2025-07-16,2025-07-24,155.7,166.36,KAR (TP),681.6,84153.25
RJF,2025-07-30,2025-08-01,168.97,162.56,ZARAR (SL),-382.44,83767.81
RJF,2025-08-11,2025-09-18,164.44,173.43,KAR (TP),543.33,84308.14
RJF,2025-09-19,2025-10-01,173.56,165.9,ZARAR (SL),-444.11,83861.02
GPN,2024-01-26,2024-02-29,131.14,127.02,ZARAR (SL),-316.67,83539.86
GPN,2024-03-19,2024-04-03,128.84,124.71,ZARAR (SL),-323.62,83213.24
GPN,2024-07-11,2024-07-16,95.27,101.44,KAR (TP),644.46,83854.7
GPN,2024-07-22,2024-08-02,98.73,94.07,ZARAR (SL),-474.35,83377.35
GPN,2024-08-13,2024-08-19,102.08,108.12,KAR (TP),588.75,83963.1
GPN,2024-09-09,2024-09-24,108.22,102.36,ZARAR (SL),-544.1,83416.0
GPN,2024-10-30,2024-11-06,101.89,113.44,KAR (TP),1130.26,84543.27
GPN,2024-11-08,2024-11-22,109.34,115.45,KAR (TP),556.16,85096.43
GPN,2024-12-02,2024-12-13,116.49,112.86,ZARAR (SL),-313.91,84779.51
GPN,2025-06-20,2025-07-01,76.18,81.48,KAR (TP),693.86,85470.37
GPN,2025-07-16,2025-07-31,82.17,79.48,ZARAR (SL),-330.85,85136.52
GPN,2025-08-12,2025-08-14,81.9,86.67,KAR (TP),579.6,85713.12
GPN,2025-09-04,2025-09-15,86.76,83.9,ZARAR (SL),-332.58,85377.54
FIS,2024-01-26,2024-02-08,60.96,58.98,ZARAR (SL),-328.93,85044.1
FIS,2024-02-23,2024-02-29,61.7,66.42,KAR (TP),760.85,85801.95
FIS,2024-03-15,2024-03-27,66.69,70.88,KAR (TP),624.89,86423.84
FIS,2024-04-02,2024-04-12,71.11,68.46,ZARAR (SL),-376.13,86044.71
FIS,2024-05-07,2024-05-17,71.7,75.61,KAR (TP),542.01,86583.72
FIS,2024-05-28,2024-08-16,72.49,76.58,KAR (TP),561.17,87141.9
FIS,2024-09-06,2024-10-08,78.87,83.65,KAR (TP),602.59,87741.48
FIS,2024-10-29,2024-11-05,87.64,84.29,ZARAR (SL),-385.18,87353.3
FIS,2025-02-10,2025-02-11,80.82,71.53,ZARAR (SL),-1152.29,86198.02
FIS,2025-03-18,2025-04-04,72.07,68.73,ZARAR (SL),-465.55,85729.47
FIS,2025-04-17,2025-04-22,73.33,77.8,KAR (TP),605.74,86332.21
FIS,2025-04-23,2025-05-06,78.08,74.62,ZARAR (SL),-446.27,85882.94
FIS,2025-05-16,2025-08-05,78.53,71.36,ZARAR (SL),-915.17,84964.77
FIS,2025-10-21,2025-10-29,67.29,61.13,ZARAR (SL),-918.8,84042.96
ZION,2024-03-05,2024-03-27,38.6,40.68,KAR (TP),534.24,84572.71
ZION,2024-04-23,2024-05-08,39.36,41.6,KAR (TP),567.06,85136.77
ZION,2024-06-28,2024-07-11,41.26,45.12,KAR (TP),930.83,86064.59
ZION,2024-07-31,2024-08-01,49.16,46.26,ZARAR (SL),-593.28,85468.31
ZION,2024-09-03,2024-09-05,46.7,44.31,ZARAR (SL),-514.92,84950.39
ZION,2024-09-19,2024-09-25,46.52,43.85,ZARAR (SL),-576.79,84370.6
ZION,2024-11-07,2024-11-22,55.26,58.58,KAR (TP),599.22,84966.81
ZION,2025-01-15,2025-02-03,56.28,54.4,ZARAR (SL),-338.05,84625.76
ZION,2025-05-06,2025-05-12,44.24,48.2,KAR (TP),893.67,85516.44
ZION,2025-05-22,2025-06-10,46.17,48.96,KAR (TP),601.77,86115.21
ZION,2025-06-20,2025-06-26,47.76,50.53,KAR (TP),577.49,86689.69
ZION,2025-06-27,2025-07-02,50.6,53.85,KAR (TP),638.15,87324.84
ZION,2025-07-22,2025-07-29,55.89,53.85,ZARAR (SL),-368.87,86952.97
ZION,2025-08-22,2025-09-18,55.38,58.64,KAR (TP),585.97,87535.94
ZION,2025-09-19,2025-09-24,58.2,56.42,ZARAR (SL),-307.94,87225.0
ZION,2025-12-02,2025-12-10,54.06,58.84,KAR (TP),881.2,88103.2
FITB,2024-02-29,2024-03-05,32.2,34.09,KAR (TP),582.32,88682.52
FITB,2024-03-14,2024-03-28,33.21,35.23,KAR (TP),605.42,89284.94
FITB,2024-04-22,2024-05-08,34.61,36.44,KAR (TP),525.04,89806.99
FITB,2024-06-28,2024-07-12,34.89,36.8,KAR (TP),542.35,90346.34
FITB,2024-08-01,2024-08-05,38.95,37.51,ZARAR (SL),-371.28,89972.06
FITB,2024-09-09,2024-10-11,39.78,42.29,KAR (TP),627.06,90596.12
FITB,2024-10-18,2024-10-25,43.09,41.69,ZARAR (SL),-327.6,90265.52
FITB,2024-11-06,2024-12-17,45.21,43.45,ZARAR (SL),-391.31,89871.21
FITB,2025-01-21,2025-02-10,43.65,42.16,ZARAR (SL),-344.06,89524.15
FITB,2025-05-21,2025-06-09,36.93,38.88,KAR (TP),526.4,90047.55
FITB,2025-06-10,2025-06-13,39.08,37.31,ZARAR (SL),-455.49,89589.06
FITB,2025-06-23,2025-07-01,39.44,42.07,KAR (TP),662.43,90248.48
FITB,2025-07-17,2025-08-01,42.23,40.55,ZARAR (SL),-401.97,89843.52
FITB,2025-09-15,2025-10-08,44.96,43.54,ZARAR (SL),-318.91,89521.61
FITB,2025-11-07,2025-11-17,42.87,41.12,ZARAR (SL),-411.21,89107.39
STT,2024-03-05,2024-03-28,69.2,73.64,KAR (TP),639.51,89743.9
STT,2024-04-12,2024-04-16,72.18,69.55,ZARAR (SL),-367.21,89373.69
STT,2024-09-06,2024-09-19,80.07,85.86,KAR (TP),719.77,90090.46
STT,2024-09-20,2024-10-16,85.08,90.07,KAR (TP),582.85,90670.32
STT,2024-10-28,2024-11-25,90.17,95.8,KAR (TP),621.87,91289.18
STT,2024-11-26,2024-12-18,95.82,91.87,ZARAR (SL),-414.9,90871.28
STT,2025-01-15,2025-03-04,97.5,89.62,ZARAR (SL),-811.86,90056.42
STT,2025-05-30,2025-06-23,94.9,99.79,KAR (TP),512.16,90565.58
STT,2025-06-24,2025-07-02,101.42,108.7,KAR (TP),714.02,91276.61
STT,2025-07-17,2025-07-25,106.7,112.11,KAR (TP),504.07,91777.68
STT,2025-08-12,2025-09-29,110.61,116.4,KAR (TP),520.25,92294.92
STT,2025-10-02,2025-10-10,115.12,111.0,ZARAR (SL),-360.89,91931.03
STT,2025-10-20,2025-11-12,115.29,121.11,KAR (TP),501.81,92429.85
STT,2025-12-03,2025-12-10,120.9,128.92,KAR (TP),660.36,93087.21
NDAQ,2024-01-29,2024-02-05,56.74,54.53,ZARAR (SL),-392.7,92691.5
NDAQ,2024-03-04,2024-03-08,55.49,58.45,KAR (TP),530.61,93219.12
NDAQ,2024-05-16,2024-05-28,60.84,58.86,ZARAR (SL),-329.21,92886.91
NDAQ,2024-06-28,2024-07-16,59.15,62.14,KAR (TP),501.48,93385.39
NDAQ,2024-09-06,2024-10-28,70.63,74.2,KAR (TP),502.9,93885.29
NDAQ,2024-10-31,2024-11-07,72.8,77.0,KAR (TP),573.3,94455.59
NDAQ,2024-11-14,2024-11-26,76.88,81.4,KAR (TP),585.01,95037.6
NDAQ,2024-12-02,2024-12-18,80.42,76.53,ZARAR (SL),-486.84,94547.76
NDAQ,2025-01-27,2025-03-04,80.47,77.8,ZARAR (SL),-334.45,94210.31
NDAQ,2025-06-20,2025-07-07,85.6,90.03,KAR (TP),513.84,94721.15
NDAQ,2025-07-18,2025-07-25,88.85,94.29,KAR (TP),609.06,95327.21
NDAQ,2025-09-11,2025-09-16,95.32,92.26,ZARAR (SL),-324.1,95000.12
NDAQ,2025-10-21,2025-10-22,90.06,87.16,ZARAR (SL),-325.15,94671.96
NDAQ,2025-11-25,2025-12-11,88.87,93.85,KAR (TP),556.96,95225.93
RF,2024-02-29,2024-03-08,17.28,18.27,KAR (TP),565.97,95787.4
RF,2024-03-14,2024-03-21,17.53,18.7,KAR (TP),664.02,96448.42
RF,2024-05-08,2024-05-23,18.31,17.55,ZARAR (SL),-418.4,96027.02
RF,2024-06-27,2024-07-10,18.04,18.97,KAR (TP),512.63,96536.65
RF,2024-07-12,2024-07-16,19.23,20.45,KAR (TP),632.07,97165.72
RF,2024-09-06,2024-09-19,21.05,22.18,KAR (TP),533.76,97696.48
RF,2024-09-20,2024-11-06,21.94,24.98,KAR (TP),1381.68,99075.16
RF,2024-11-07,2024-11-21,24.13,25.39,KAR (TP),520.42,99592.58
RF,2024-12-04,2024-12-10,25.21,24.28,ZARAR (SL),-371.82,99217.76
RF,2025-01-21,2025-02-21,23.62,22.42,ZARAR (SL),-514.16,98700.6
RF,2025-06-06,2025-06-26,21.61,22.88,KAR (TP),586.57,99284.17
RF,2025-06-27,2025-07-02,22.88,24.06,KAR (TP),510.92,99792.09
RF,2025-07-15,2025-07-18,23.55,25.49,KAR (TP),820.97,100610.06
RF,2025-07-24,2025-07-31,25.77,24.82,ZARAR (SL),-371.82,100235.24
RF,2025-08-13,2025-08-27,25.32,26.86,KAR (TP),604.58,100836.83
RF,2025-09-09,2025-10-06,26.54,25.59,ZARAR (SL),-360.94,100472.88
KEY,2024-03-04,2024-03-21,13.4,14.12,KAR (TP),531.98,101001.86
KEY,2024-06-28,2024-07-11,13.25,14.11,KAR (TP),644.43,101643.29
KEY,2024-07-19,2024-07-26,14.54,15.35,KAR (TP),555.05,102195.34
KEY,2024-08-12,2024-08-23,14.86,15.92,KAR (TP),705.91,102898.25
KEY,2024-09-04,2024-09-06,15.54,14.82,ZARAR (SL),-464.73,102430.53
KEY,2024-09-19,2024-09-23,16.37,15.87,ZARAR (SL),-308.65,102118.88
KEY,2024-10-11,2024-11-06,16.25,18.85,KAR (TP),1593.98,103709.85
KEY,2024-11-07,2024-12-11,18.08,17.47,ZARAR (SL),-343.01,103363.85
KEY,2025-01-15,2025-01-22,17.31,16.5,ZARAR (SL),-466.07,102894.78
KEY,2025-05-27,2025-06-24,15.42,16.39,KAR (TP),625.17,103516.96
KEY,2025-06-27,2025-07-02,16.85,17.81,KAR (TP),566.11,104080.06
KEY,2025-07-21,2025-08-01,17.89,17.27,ZARAR (SL),-347.64,103729.42
KEY,2025-08-22,2025-10-08,18.57,17.89,ZARAR (SL),-369.91,103356.51
KEY,2025-11-07,2025-11-17,17.88,16.93,ZARAR (SL),-533.97,102819.54
CFG,2024-01-29,2024-01-31,31.57,30.51,ZARAR (SL),-339.88,102476.66
CFG,2024-03-07,2024-03-21,31.62,33.31,KAR (TP),534.03,103007.69
CFG,2024-04-03,2024-04-10,32.58,31.54,ZARAR (SL),-320.87,102683.83
CFG,2024-05-22,2024-05-28,33.91,32.73,ZARAR (SL),-351.09,102329.73
CFG,2024-06-28,2024-07-11,34.02,36.07,KAR (TP),599.28,102926.01
CFG,2024-09-04,2024-09-06,40.02,38.8,ZARAR (SL),-307.98,102615.03
CFG,2024-09-19,2024-09-24,40.25,38.86,ZARAR (SL),-346.52,102265.51
CFG,2024-10-08,2024-10-15,39.29,41.46,KAR (TP),547.84,102810.34
CFG,2024-10-16,2024-10-21,40.44,39.15,ZARAR (SL),-321.32,102486.02
CFG,2024-11-07,2024-11-25,44.33,46.67,KAR (TP),524.92,103007.94
CFG,2024-12-02,2024-12-12,45.34,43.86,ZARAR (SL),-330.1,102674.84
CFG,2025-01-14,2025-01-21,44.01,46.53,KAR (TP),568.12,103239.95
CFG,2025-01-22,2025-02-21,45.29,43.6,ZARAR (SL),-376.55,102860.4
CFG,2025-05-27,2025-06-23,39.71,41.76,KAR (TP),511.6,103369.0
CFG,2025-08-22,2025-09-18,50.32,53.16,KAR (TP),562.29,103928.29
CFG,2025-09-19,2025-10-09,53.07,51.39,ZARAR (SL),-320.46,103604.83
CFG,2025-11-21,2025-12-03,52.3,55.68,KAR (TP),643.27,104245.11
CFG,2025-12-05,2025-12-10,55.46,58.46,KAR (TP),537.93,104780.04
HBAN,2024-02-14,2024-03-04,11.71,12.3,KAR (TP),500.14,105277.18
HBAN,2024-03-07,2024-03-14,12.46,12.03,ZARAR (SL),-350.38,104923.8
HBAN,2024-04-08,2024-04-10,13.06,12.66,ZARAR (SL),-309.92,104610.88
HBAN,2024-04-22,2024-05-15,12.61,13.29,KAR (TP),536.54,105144.42
HBAN,2024-07-10,2024-07-15,12.33,12.96,KAR (TP),501.97,105643.39
HBAN,2024-09-06,2024-09-19,13.5,14.27,KAR (TP),563.1,106203.49
HBAN,2024-09-20,2024-09-25,14.17,13.71,ZARAR (SL),-332.74,105867.75
HBAN,2024-10-08,2024-10-14,14.05,14.8,KAR (TP),533.32,106398.07
HBAN,2024-10-17,2024-11-06,14.72,16.71,KAR (TP),1351.51,107746.57
HBAN,2025-01-15,2025-02-20,16.4,15.81,ZARAR (SL),-366.85,107376.72
HBAN,2025-05-21,2025-06-06,14.9,15.78,KAR (TP),584.47,107958.19
HBAN,2025-06-09,2025-06-13,15.79,15.09,ZARAR (SL),-446.62,107508.57
HBAN,2025-06-26,2025-07-03,16.35,17.23,KAR (TP),537.87,108043.44
HBAN,2025-07-17,2025-07-31,16.68,16.14,ZARAR (SL),-326.91,107713.53
HBAN,2025-08-22,2025-10-08,17.06,16.2,ZARAR (SL),-506.1,107204.42
HBAN,2025-11-25,2025-12-03,16.04,16.89,KAR (TP),528.52,107729.94
JNJ,2024-02-22,2024-03-22,152.05,147.11,ZARAR (SL),-328.34,107398.61
JNJ,2024-05-14,2024-05-28,143.46,137.93,ZARAR (SL),-388.32,107007.29
JNJ,2024-07-15,2024-07-25,142.57,152.51,KAR (TP),693.86,107698.15
JNJ,2024-07-31,2024-08-30,150.8,159.65,KAR (TP),584.2,108279.35
JNJ,2024-10-18,2024-10-29,158.94,154.1,ZARAR (SL),-307.63,107968.72
JNJ,2025-01-16,2025-02-11,143.38,151.49,KAR (TP),562.74,108528.47
JNJ,2025-02-18,2025-02-24,151.59,160.15,KAR (TP),561.55,109087.02
JNJ,2025-05-30,2025-06-20,153.11,147.76,ZARAR (SL),-352.21,108731.81
JNJ,2025-07-01,2025-07-16,153.81,162.55,KAR (TP),565.24,109294.05
JNJ,2025-07-31,2025-08-08,162.51,170.98,KAR (TP),518.43,109809.48
JNJ,2025-09-05,2025-10-03,177.3,187.45,KAR (TP),569.21,110375.7
JNJ,2025-10-23,2025-10-29,191.26,185.42,ZARAR (SL),-307.98,110064.71
JNJ,2025-11-12,2025-11-24,193.16,204.75,KAR (TP),596.83,110658.54
LLY,2024-01-31,2024-02-05,636.67,696.43,KAR (TP),935.49,111589.53
LLY,2024-02-29,2024-03-04,744.55,782.68,KAR (TP),509.15,112095.68
LLY,2024-03-07,2024-03-11,770.71,725.48,ZARAR (SL),-589.93,111502.75
LLY,2024-03-28,2024-04-12,768.54,742.54,ZARAR (SL),-341.32,111158.43
LLY,2024-04-30,2024-05-02,771.64,746.75,ZARAR (SL),-325.49,110829.94
LLY,2024-05-15,2024-06-03,778.81,822.59,KAR (TP),559.12,111386.06
LLY,2024-07-03,2024-07-12,888.74,938.51,KAR (TP),557.07,111940.13
LLY,2025-01-10,2025-01-14,793.98,739.39,ZARAR (SL),-690.46,111246.67
LLY,2025-01-27,2025-02-06,802.19,863.93,KAR (TP),766.64,112010.31
LLY,2025-02-18,2025-02-25,852.32,896.67,KAR (TP),517.3,112524.6
LLY,2025-02-28,2025-03-07,915.39,864.63,ZARAR (SL),-557.51,111964.09
LLY,2025-05-02,2025-05-06,818.93,770.71,ZARAR (SL),-591.86,111369.23
LLY,2025-06-23,2025-07-25,767.82,809.72,KAR (TP),542.65,111908.88
LLY,2025-09-16,2025-09-25,763.59,713.54,ZARAR (SL),-658.41,111247.47
LLY,2025-10-17,2025-10-30,801.65,843.26,KAR (TP),516.04,111760.51
LLY,2025-10-31,2025-11-04,861.59,905.53,KAR (TP),506.93,112264.44
UNH,2024-04-19,2024-04-30,483.44,466.63,ZARAR (SL),-350.81,111909.12
UNH,2024-06-28,2024-07-03,493.37,474.61,ZARAR (SL),-383.36,111522.77
UNH,2024-07-15,2024-07-16,499.29,531.75,KAR (TP),647.02,112166.78
UNH,2024-09-09,2024-09-23,575.56,557.49,ZARAR (SL),-317.03,111846.75
UNH,2024-11-06,2024-11-19,580.12,560.98,ZARAR (SL),-332.99,111510.76
UNH,2024-12-04,2024-12-05,593.83,562.9,ZARAR (SL),-523.97,110983.8
UNH,2025-01-21,2025-02-18,512.37,488.7,ZARAR (SL),-465.1,110515.7
UNH,2025-04-04,2025-04-08,514.62,542.09,KAR (TP),530.85,111043.55
UNH,2025-06-20,2025-07-01,298.11,321.93,KAR (TP),795.98,111836.53
UNH,2025-07-02,2025-07-15,303.59,287.95,ZARAR (SL),-518.35,111315.18
UNH,2025-08-15,2025-09-08,300.09,316.12,KAR (TP),531.19,111843.38
UNH,2025-10-03,2025-10-30,357.79,342.45,ZARAR (SL),-431.93,111408.45
UNH,2025-12-03,2025-12-08,337.44,323.62,ZARAR (SL),-412.59,110992.86
ABBV,2024-02-01,2024-02-15,157.71,166.18,KAR (TP),534.02,111523.88
ABBV,2024-02-29,2024-04-04,165.67,158.0,ZARAR (SL),-465.94,111054.95
ABBV,2024-05-31,2024-06-07,153.15,160.92,KAR (TP),504.32,111556.27
ABBV,2024-06-21,2024-07-03,161.84,155.62,ZARAR (SL),-387.41,111165.85
ABBV,2024-07-17,2024-07-26,168.01,177.49,KAR (TP),561.27,111724.13
ABBV,2024-08-05,2024-08-16,176.72,185.86,KAR (TP),514.47,112235.59
ABBV,2024-09-10,2024-09-18,191.09,184.94,ZARAR (SL),-324.54,111908.05
ABBV,2024-10-30,2024-11-11,194.69,168.54,ZARAR (SL),-1346.42,110558.62
ABBV,2024-12-23,2025-01-15,172.36,167.12,ZARAR (SL),-307.06,110248.56
ABBV,2025-01-31,2025-02-13,179.36,188.68,KAR (TP),516.3,110761.87
ABBV,2025-05-06,2025-05-14,184.22,174.66,ZARAR (SL),-521.83,110237.03
ABBV,2025-07-29,2025-08-13,189.85,200.03,KAR (TP),533.03,110767.06
ABBV,2025-09-05,2025-09-30,211.04,229.88,KAR (TP),889.92,111653.99
ABBV,2025-10-02,2025-10-14,234.87,227.49,ZARAR (SL),-317.09,111333.9
ABBV,2025-11-12,2025-12-01,233.23,225.11,ZARAR (SL),-351.15,110979.75
MRK,2024-01-31,2024-02-06,113.31,119.03,KAR (TP),502.05,111478.8
MRK,2024-05-02,2024-07-30,121.09,109.46,ZARAR (SL),-963.59,110512.21
MRK,2024-09-06,2024-09-26,111.92,108.13,ZARAR (SL),-341.88,110167.33
MRK,2025-02-03,2025-02-04,96.17,87.45,ZARAR (SL),-909.9,109254.42
MRK,2025-03-21,2025-03-25,90.51,85.42,ZARAR (SL),-565.78,108685.65
MRK,2025-05-12,2025-05-13,78.19,74.49,ZARAR (SL),-475.46,108207.19
MRK,2025-06-09,2025-07-09,77.12,82.19,KAR (TP),654.77,108858.96
MRK,2025-07-28,2025-07-31,82.53,76.7,ZARAR (SL),-709.64,108146.32
MRK,2025-08-19,2025-09-15,83.39,80.33,ZARAR (SL),-369.15,107774.18
MRK,2025-10-01,2025-10-08,89.37,85.67,ZARAR (SL),-416.85,107354.33
MRK,2025-11-11,2025-11-18,90.18,95.61,KAR (TP),599.53,107950.86
MRK,2025-12-05,2025-12-22,98.87,104.72,KAR (TP),588.16,108536.02
PFE,2024-03-11,2024-03-22,25.31,24.41,ZARAR (SL),-359.01,108174.01
PFE,2024-05-02,2024-05-15,24.71,26.1,KAR (TP),558.24,108729.25
PFE,2024-05-31,2024-06-12,25.95,25.05,ZARAR (SL),-351.92,108374.33
PFE,2024-07-10,2024-07-17,25.67,27.19,KAR (TP),589.59,108960.92
PFE,2024-07-22,2024-07-26,26.8,28.25,KAR (TP),538.98,109496.9
PFE,2024-08-01,2024-08-06,28.14,26.92,ZARAR (SL),-436.93,109056.97
PFE,2024-09-09,2024-10-03,27.01,26.02,ZARAR (SL),-366.82,108687.15
PFE,2024-12-17,2025-03-26,24.65,23.9,ZARAR (SL),-306.91,108377.24
PFE,2025-05-06,2025-05-27,21.69,22.81,KAR (TP),512.92,108887.16
PFE,2025-05-30,2025-06-12,22.69,24.0,KAR (TP),571.71,109455.87
PFE,2025-06-13,2025-07-10,23.71,24.9,KAR (TP),502.3,109955.17
PFE,2025-07-22,2025-07-30,24.29,23.4,ZARAR (SL),-368.61,109583.55
PFE,2025-09-02,2025-09-12,24.55,23.46,ZARAR (SL),-447.36,109133.2
PFE,2025-09-30,2025-10-01,25.04,26.74,KAR (TP),675.96,109806.16
PFE,2025-11-07,2025-11-12,24.43,25.87,KAR (TP),586.44,110389.6
PFE,2025-11-14,2025-12-15,25.06,26.43,KAR (TP),543.69,110930.29
DHR,2024-01-26,2024-01-30,230.87,242.71,KAR (TP),509.88,111435.67
DHR,2024-01-31,2024-02-22,237.72,250.42,KAR (TP),531.37,111964.03
DHR,2024-02-29,2024-04-03,250.83,242.37,ZARAR (SL),-340.13,111620.9
DHR,2024-04-23,2024-05-17,251.07,263.66,KAR (TP),498.36,112116.26
DHR,2024-05-28,2024-06-20,256.62,246.56,ZARAR (SL),-395.33,111717.93
DHR,2024-09-09,2024-10-22,271.18,259.7,ZARAR (SL),-426.12,111288.81
DHR,2025-01-06,2025-01-27,237.04,249.37,KAR (TP),517.15,111802.96
DHR,2025-01-28,2025-01-29,246.63,222.64,ZARAR (SL),-975.81,110824.15
DHR,2025-03-06,2025-03-10,213.76,204.23,ZARAR (SL),-448.97,110372.18
DHR,2025-03-21,2025-04-01,210.33,199.72,ZARAR (SL),-507.56,109861.62
DHR,2025-05-12,2025-05-14,200.16,187.19,ZARAR (SL),-650.81,109207.81
DHR,2025-06-09,2025-07-15,198.53,192.52,ZARAR (SL),-305.87,108898.94
DHR,2025-07-25,2025-07-31,205.12,196.81,ZARAR (SL),-407.91,108488.04
DHR,2025-08-19,2025-08-21,211.83,203.54,ZARAR (SL),-394.14,108090.9
DHR,2025-10-01,2025-10-08,212.88,204.96,ZARAR (SL),-375.04,107712.85
DHR,2025-10-20,2025-10-21,208.39,220.77,KAR (TP),591.08,108300.93
DHR,2025-10-31,2025-11-21,215.38,227.39,KAR (TP),554.62,108852.55
TMO,2024-01-26,2024-03-01,543.92,572.74,KAR (TP),526.84,109374.9
TMO,2024-03-14,2024-04-12,581.65,562.08,ZARAR (SL),-339.46,109032.43
TMO,2024-04-23,2024-06-25,571.39,553.8,ZARAR (SL),-310.89,108718.55
TMO,2024-07-24,2024-07-26,571.92,604.17,KAR (TP),560.92,109276.47
TMO,2024-08-05,2024-10-23,595.1,574.03,ZARAR (SL),-357.06,108916.41
TMO,2024-12-16,2025-01-14,528.39,555.03,KAR (TP),501.09,109414.5
TMO,2025-01-29,2025-01-30,566.23,604.6,KAR (TP),674.72,110086.22
TMO,2025-02-03,2025-02-06,591.66,570.69,ZARAR (SL),-357.36,109725.86
TMO,2025-06-25,2025-07-11,409.97,434.14,KAR (TP),586.55,110309.41
TMO,2025-07-14,2025-07-21,424.64,404.27,ZARAR (SL),-482.62,109823.8
TMO,2025-07-31,2025-08-06,466.91,448.2,ZARAR (SL),-403.7,109417.1
TMO,2025-10-01,2025-10-21,530.33,557.57,KAR (TP),510.63,109924.73
MDT,2024-01-26,2024-02-13,81.72,78.93,ZARAR (SL),-343.88,109576.35
MDT,2024-03-27,2024-04-04,82.76,79.9,ZARAR (SL),-348.14,109225.2
MDT,2024-06-07,2024-06-14,80.04,77.16,ZARAR (SL),-363.41,108858.79
MDT,2024-07-17,2024-07-25,78.06,75.37,ZARAR (SL),-347.58,108508.21
MDT,2024-08-05,2024-08-16,77.16,81.27,KAR (TP),528.56,109033.77
MDT,2024-08-19,2024-08-26,81.48,85.82,KAR (TP),529.89,109560.66
MDT,2024-09-19,2024-11-14,85.94,83.26,ZARAR (SL),-315.03,109242.64
MDT,2025-01-14,2025-01-24,83.25,88.08,KAR (TP),576.47,109816.11
MDT,2025-02-12,2025-02-18,89.21,84.05,ZARAR (SL),-581.0,109232.11
MDT,2025-02-28,2025-03-25,89.86,86.51,ZARAR (SL),-375.75,108853.37
MDT,2025-05-12,2025-05-22,84.46,79.64,ZARAR (SL),-574.03,108276.34
MDT,2025-06-03,2025-07-10,84.2,88.73,KAR (TP),535.07,108808.41
MDT,2025-08-07,2025-09-30,90.55,95.24,KAR (TP),514.59,109320.0
MDT,2025-10-01,2025-10-29,94.81,91.73,ZARAR (SL),-327.86,108989.14
MDT,2025-11-12,2025-11-18,95.81,100.8,KAR (TP),517.82,109503.97
SYK,2024-02-29,2024-04-16,343.56,333.09,ZARAR (SL),-307.73,109193.23
SYK,2024-05-28,2024-07-25,334.72,323.77,ZARAR (SL),-330.1,108860.13
SYK,2024-09-17,2024-10-03,359.87,348.45,ZARAR (SL),-320.56,108536.57
SYK,2024-10-18,2024-10-25,366.23,349.65,ZARAR (SL),-455.97,108077.6
SYK,2024-11-05,2024-11-15,366.53,386.57,KAR (TP),543.69,108618.29
SYK,2024-11-25,2024-12-16,381.45,369.35,ZARAR (SL),-320.22,108295.08
SYK,2025-01-16,2025-03-10,379.23,367.64,ZARAR (SL),-308.67,107983.41
SYK,2025-04-30,2025-05-16,372.27,392.48,KAR (TP),539.63,108520.04
SYK,2025-06-24,2025-09-23,384.76,372.67,ZARAR (SL),-317.16,108199.88
SYK,2025-10-22,2025-10-28,388.35,375.93,ZARAR (SL),-322.81,107874.06
SYK,2025-11-13,2025-11-17,373.42,360.13,ZARAR (SL),-358.9,107512.16
AMGN,2024-01-29,2024-02-07,294.67,278.14,ZARAR (SL),-563.85,106945.31
AMGN,2024-03-26,2024-04-04,266.95,253.99,ZARAR (SL),-488.5,106453.81
AMGN,2024-05-01,2024-05-03,262.79,294.92,KAR (TP),1219.91,107670.72
AMGN,2024-06-24,2024-07-17,303.56,320.28,KAR (TP),547.69,108215.41
AMGN,2024-07-31,2024-08-07,317.23,298.17,ZARAR (SL),-603.66,107608.75
AMGN,2024-09-03,2024-09-06,317.55,307.99,ZARAR (SL),-304.05,107301.7
AMGN,2024-09-16,2024-09-25,322.12,300.59,ZARAR (SL),-671.14,106627.56
AMGN,2024-10-31,2024-11-12,307.61,287.12,ZARAR (SL),-668.92,105955.65
AMGN,2025-01-21,2025-02-03,266.15,279.76,KAR (TP),508.63,106461.27
AMGN,2025-02-07,2025-02-24,284.29,302.38,KAR (TP),633.44,107091.72
AMGN,2025-03-04,2025-04-04,304.79,287.41,ZARAR (SL),-573.16,106515.55
AMGN,2025-06-20,2025-06-23,284.97,268.33,ZARAR (SL),-586.76,105925.79
AMGN,2025-07-22,2025-07-31,301.08,290.65,ZARAR (SL),-349.43,105573.36
AMGN,2025-10-01,2025-11-05,296.39,317.59,KAR (TP),712.58,106282.94
AMGN,2025-11-06,2025-11-11,313.36,336.05,KAR (TP),721.36,107001.3
AMGN,2025-12-04,2025-12-05,340.16,329.89,ZARAR (SL),-304.92,106693.38
GILD,2024-03-14,2024-04-03,70.07,66.93,ZARAR (SL),-450.38,106240.0
GILD,2024-06-20,2024-07-17,65.46,70.06,KAR (TP),699.29,106936.3
GILD,2024-08-05,2024-08-29,71.52,75.94,KAR (TP),614.4,107547.69
GILD,2024-10-22,2024-11-07,85.05,94.44,KAR (TP),1101.81,108646.5
GILD,2024-11-13,2024-11-15,89.36,85.28,ZARAR (SL),-459.66,108183.85
GILD,2024-12-05,2025-01-08,90.09,86.72,ZARAR (SL),-377.85,107802.99
GILD,2025-01-21,2025-02-03,90.43,95.7,KAR (TP),580.04,108380.04
GILD,2025-02-10,2025-02-12,92.88,100.5,KAR (TP),817.06,109194.1
GILD,2025-03-11,2025-03-19,111.32,105.32,ZARAR (SL),-541.8,108649.31
GILD,2025-05-12,2025-05-14,101.71,96.38,ZARAR (SL),-526.98,108119.32
GILD,2025-06-02,2025-07-10,106.69,113.0,KAR (TP),588.62,108704.94
GILD,2025-07-25,2025-07-31,114.64,110.78,ZARAR (SL),-339.49,108362.45
GILD,2025-08-11,2025-08-21,118.85,114.58,ZARAR (SL),-362.43,107997.03
GILD,2025-09-23,2025-10-02,113.65,109.83,ZARAR (SL),-338.66,107655.36
GILD,2025-10-31,2025-11-18,119.0,126.35,KAR (TP),613.91,108266.27
GILD,2025-11-20,2025-12-05,124.17,120.42,ZARAR (SL),-304.62,107958.65
BIIB,2024-04-29,2024-05-14,215.5,226.88,KAR (TP),525.07,108479.22
BIIB,2024-05-22,2024-05-23,225.21,218.06,ZARAR (SL),-320.48,108155.74
BIIB,2024-06-03,2024-07-15,229.8,221.58,ZARAR (SL),-360.7,107792.04
BIIB,2024-09-03,2024-09-12,204.84,197.89,ZARAR (SL),-342.29,107446.75
BIIB,2025-03-04,2025-03-07,142.65,150.38,KAR (TP),538.89,107982.64
BIIB,2025-05-12,2025-05-14,124.4,120.37,ZARAR (SL),-326.95,107652.68
BIIB,2025-05-30,2025-06-23,129.79,124.76,ZARAR (SL),-390.55,107259.13
BIIB,2025-07-08,2025-07-15,134.46,127.5,ZARAR (SL),-520.63,106735.51
BIIB,2025-08-04,2025-08-07,132.2,127.75,ZARAR (SL),-339.61,106392.9
BIIB,2025-08-18,2025-09-09,135.91,143.6,KAR (TP),562.82,106952.71
BIIB,2025-09-11,2025-09-15,148.84,143.32,ZARAR (SL),-373.87,106575.84
BIIB,2025-10-01,2025-10-10,154.22,146.57,ZARAR (SL),-499.04,106073.8
BIIB,2025-10-28,2025-11-06,149.13,156.74,KAR (TP),507.29,106578.09
BIIB,2025-11-12,2025-11-21,161.48,175.3,KAR (TP),852.83,107427.93
BIIB,2025-12-10,2025-12-16,177.55,171.5,ZARAR (SL),-343.75,107081.18
VRTX,2024-01-31,2024-02-06,433.38,416.13,ZARAR (SL),-401.03,106677.14
VRTX,2024-05-07,2024-05-15,410.24,437.49,KAR (TP),661.25,107335.39
VRTX,2024-06-12,2024-07-30,475.79,502.6,KAR (TP),560.48,107892.87
VRTX,2024-07-31,2024-08-05,495.72,476.91,ZARAR (SL),-382.45,107507.43
VRTX,2024-10-15,2024-11-08,484.3,516.74,KAR (TP),666.83,108171.26
VRTX,2024-11-11,2024-11-14,501.72,483.96,ZARAR (SL),-356.98,107811.28
VRTX,2024-12-16,2024-12-18,468.09,447.5,ZARAR (SL),-442.87,107365.4
VRTX,2025-02-20,2025-03-14,480.33,504.77,KAR (TP),505.82,107868.22
VRTX,2025-03-21,2025-03-31,503.2,484.82,ZARAR (SL),-368.26,107496.96
VRTX,2025-05-05,2025-05-06,500.19,450.03,ZARAR (SL),-1005.82,106488.14
VRTX,2025-06-18,2025-07-09,448.4,478.97,KAR (TP),678.76,107163.9
VRTX,2025-07-17,2025-08-05,463.27,374.98,ZARAR (SL),-1908.8,105252.1
VRTX,2025-09-29,2025-10-08,395.31,421.15,KAR (TP),650.66,105899.76
VRTX,2025-10-22,2025-11-07,426.44,409.47,ZARAR (SL),-400.95,105495.82
VRTX,2025-11-21,2025-12-03,426.76,463.13,KAR (TP),849.24,106342.05
VRTX,2025-12-04,2025-12-08,457.36,442.04,ZARAR (SL),-337.97,106001.09
BMY,2024-02-29,2024-03-06,46.55,48.97,KAR (TP),515.23,106511.81
BMY,2024-03-13,2024-04-10,48.3,46.67,ZARAR (SL),-340.13,106168.68
BMY,2024-06-26,2024-07-02,39.44,37.54,ZARAR (SL),-485.35,105680.32
BMY,2024-07-17,2024-07-26,40.65,47.53,KAR (TP),1688.77,107366.1
BMY,2024-08-05,2024-09-03,44.83,47.59,KAR (TP),612.68,107975.77
BMY,2024-09-13,2024-09-30,46.29,48.74,KAR (TP),528.24,108501.02
BMY,2024-11-01,2024-11-11,51.75,56.99,KAR (TP),1009.52,109507.53
BMY,2024-11-12,2024-11-15,56.23,53.56,ZARAR (SL),-477.42,109027.12
BMY,2024-11-25,2024-12-11,56.0,53.97,ZARAR (SL),-365.37,108658.75
BMY,2025-01-31,2025-02-07,56.78,54.76,ZARAR (SL),-359.23,108296.52
BMY,2025-02-28,2025-03-10,57.42,60.79,KAR (TP),582.37,108875.89
BMY,2025-03-21,2025-03-25,58.82,57.01,ZARAR (SL),-310.84,108562.05
BMY,2025-06-16,2025-06-18,47.38,45.6,ZARAR (SL),-377.02,108182.03
BMY,2025-07-17,2025-07-30,47.41,45.36,ZARAR (SL),-435.79,107743.23
BMY,2025-08-29,2025-09-18,46.54,44.98,ZARAR (SL),-337.89,107402.35
BMY,2025-10-30,2025-11-11,45.62,48.72,KAR (TP),676.53,108075.87
BMY,2025-11-14,2025-11-25,46.65,49.05,KAR (TP),511.47,108584.34
BMY,2025-12-02,2025-12-03,48.25,50.96,KAR (TP),558.66,109140.0
BMY,2025-12-04,2025-12-22,51.95,54.66,KAR (TP),518.66,109655.65
ISRG,2024-02-22,2024-04-15,389.08,377.36,ZARAR (SL),-304.22,109348.43
ISRG,2024-05-22,2024-06-12,400.9,428.1,KAR (TP),675.47,110020.91
ISRG,2024-07-01,2024-07-18,436.24,416.14,ZARAR (SL),-463.75,109554.15
ISRG,2024-08-01,2024-08-15,450.94,480.17,KAR (TP),645.2,110196.35
ISRG,2024-09-03,2024-10-18,483.44,521.15,KAR (TP),777.04,110970.39
ISRG,2024-10-21,2024-11-21,518.86,550.62,KAR (TP),609.11,111576.5
ISRG,2024-11-25,2025-01-15,536.55,580.11,KAR (TP),808.85,112382.35
ISRG,2025-01-16,2025-02-27,584.08,563.77,ZARAR (SL),-350.73,112028.63
ISRG,2025-04-09,2025-04-10,522.95,489.52,ZARAR (SL),-642.26,111383.37
ISRG,2025-05-30,2025-06-09,552.34,526.15,ZARAR (SL),-477.16,110903.2
ISRG,2025-10-20,2025-10-22,458.47,527.03,KAR (TP),1492.41,112392.61
ISRG,2025-11-19,2025-12-11,564.64,547.36,ZARAR (SL),-309.04,112080.58
ABT,2024-01-29,2024-02-23,109.69,115.5,KAR (TP),526.75,112604.32
ABT,2024-03-14,2024-03-18,114.91,108.71,ZARAR (SL),-542.34,112058.99
ABT,2024-06-07,2024-06-13,104.53,100.52,ZARAR (SL),-386.9,111669.09
ABT,2024-07-17,2024-07-18,102.25,97.75,ZARAR (SL),-443.39,111222.7
ABT,2024-07-29,2024-08-01,102.34,107.59,KAR (TP),510.51,111730.21
ABT,2024-08-02,2024-08-12,108.73,105.3,ZARAR (SL),-318.33,111408.87
ABT,2024-09-18,2025-01-23,112.21,121.56,KAR (TP),830.08,112235.95
ABT,2025-02-21,2025-03-12,133.11,128.53,ZARAR (SL),-346.91,111886.04
ABT,2025-04-16,2025-06-12,128.55,135.24,KAR (TP),517.43,112400.47
ABT,2025-06-24,2025-06-26,136.85,132.48,ZARAR (SL),-322.38,112075.09
ABT,2025-08-14,2025-09-19,128.71,135.44,KAR (TP),519.89,112591.99
ABT,2025-09-30,2025-10-16,133.35,127.63,ZARAR (SL),-431.73,112157.25
ABT,2025-11-14,2025-11-19,130.59,126.15,ZARAR (SL),-343.0,111811.26
ZTS,2024-02-06,2024-02-13,192.1,179.71,ZARAR (SL),-647.95,111160.31
ZTS,2024-02-23,2024-03-01,193.15,186.89,ZARAR (SL),-327.02,110830.29
ZTS,2024-05-29,2024-07-16,167.76,179.66,KAR (TP),706.02,111533.31
ZTS,2024-07-25,2024-08-05,177.97,172.12,ZARAR (SL),-331.61,111198.7
ZTS,2024-08-30,2024-09-16,180.66,191.25,KAR (TP),583.41,111779.11
ZTS,2024-09-24,2024-10-07,190.7,184.39,ZARAR (SL),-333.94,111442.16
ZTS,2025-01-21,2025-02-14,165.83,155.92,ZARAR (SL),-600.5,110838.66
ZTS,2025-05-05,2025-05-06,156.99,148.85,ZARAR (SL),-521.16,110314.5
ZTS,2025-05-30,2025-06-17,167.48,160.57,ZARAR (SL),-415.74,109895.76
ZTS,2025-08-15,2025-09-10,153.58,148.9,ZARAR (SL),-307.33,109585.43
BDX,2024-02-01,2024-02-05,233.26,226.25,ZARAR (SL),-303.39,109277.54
BDX,2024-02-16,2024-03-05,231.73,224.69,ZARAR (SL),-306.62,108967.92
BDX,2024-03-22,2024-04-12,237.97,227.27,ZARAR (SL),-452.95,108511.97
BDX,2024-05-10,2024-05-28,227.75,219.18,ZARAR (SL),-379.37,108129.6
BDX,2024-06-20,2024-06-27,231.3,224.06,ZARAR (SL),-315.92,107810.68
BDX,2024-07-25,2024-10-18,225.85,237.46,KAR (TP),511.19,108318.87
BDX,2024-11-06,2024-11-07,233.87,221.25,ZARAR (SL),-542.45,107773.42
BDX,2024-12-16,2025-01-21,222.74,235.28,KAR (TP),559.93,108330.35
BDX,2025-02-03,2025-02-06,242.37,222.4,ZARAR (SL),-826.88,107500.47
BDX,2025-03-07,2025-04-03,224.68,217.88,ZARAR (SL),-305.41,107192.07
BDX,2025-06-09,2025-07-22,170.65,179.32,KAR (TP),505.38,107694.44
BDX,2025-08-07,2025-08-19,185.65,195.89,KAR (TP),548.47,108239.91
BDX,2025-10-01,2025-10-28,189.91,183.21,ZARAR (SL),-355.47,107881.45
BDX,2025-11-11,2025-12-10,188.0,198.4,KAR (TP),550.37,108428.82
BDX,2025-12-12,2025-12-18,200.89,194.7,ZARAR (SL),-311.13,108114.69
BSX,2024-02-29,2024-04-24,66.21,72.91,KAR (TP),1008.93,109120.62
BSX,2024-04-29,2024-06-07,72.5,77.11,KAR (TP),632.86,109750.49
BSX,2024-06-17,2024-07-31,76.19,73.88,ZARAR (SL),-306.19,109441.3
BSX,2024-09-17,2024-10-09,82.52,86.7,KAR (TP),503.54,109941.84
BSX,2024-10-15,2024-10-30,86.77,83.99,ZARAR (SL),-323.39,109615.45
BSX,2024-11-25,2025-01-08,89.25,95.95,KAR (TP),747.7,110360.15
BSX,2025-03-25,2025-03-28,103.08,99.36,ZARAR (SL),-363.88,109993.27
BSX,2025-05-20,2025-06-03,106.54,103.1,ZARAR (SL),-325.88,109664.38
BSX,2025-06-27,2025-07-08,106.53,102.41,ZARAR (SL),-389.75,109271.64
BSX,2025-07-23,2025-08-06,107.76,102.95,ZARAR (SL),-449.36,108819.28
BSX,2025-08-22,2025-09-12,106.17,102.71,ZARAR (SL),-328.89,108487.38
BSX,2025-10-23,2025-11-03,102.39,98.59,ZARAR (SL),-374.13,108110.25
BSX,2025-11-13,2025-11-17,104.98,101.76,ZARAR (SL),-309.73,107797.53
CI,2024-02-01,2024-02-02,296.26,312.19,KAR (TP),534.55,108329.08
CI,2024-02-05,2024-02-13,309.71,325.28,KAR (TP),499.69,108825.77
CI,2024-02-28,2024-03-15,323.07,340.8,KAR (TP),545.73,109368.5
CI,2024-04-08,2024-04-16,346.54,335.76,ZARAR (SL),-313.91,109051.59
CI,2024-05-31,2024-06-28,333.61,321.32,ZARAR (SL),-371.21,108677.38
CI,2024-07-31,2024-08-01,338.92,323.3,ZARAR (SL),-463.89,108210.48
CI,2024-09-06,2024-10-02,344.92,332.45,ZARAR (SL),-364.54,107842.95
CI,2024-11-25,2024-12-06,324.94,311.41,ZARAR (SL),-419.38,107420.57
CI,2025-01-14,2025-01-27,279.29,299.56,KAR (TP),722.89,108140.46
CI,2025-01-31,2025-02-25,288.28,307.58,KAR (TP),666.25,108803.71
CI,2025-02-28,2025-03-10,302.63,321.67,KAR (TP),626.27,109426.98
CI,2025-03-11,2025-04-03,313.0,333.26,KAR (TP),644.44,110068.41
CI,2025-04-04,2025-04-30,317.46,334.83,KAR (TP),544.15,110609.56
CI,2025-05-01,2025-05-12,330.04,310.9,ZARAR (SL),-582.99,110023.57
CI,2025-06-12,2025-07-01,312.03,330.85,KAR (TP),600.1,110620.67
CI,2025-07-02,2025-07-09,317.0,306.5,ZARAR (SL),-334.16,110283.51
CI,2025-08-15,2025-09-25,293.72,282.47,ZARAR (SL),-385.85,109894.66
CI,2025-10-06,2025-10-16,301.3,289.44,ZARAR (SL),-396.41,109495.25
CVS,2024-02-15,2024-03-01,71.15,68.59,ZARAR (SL),-363.32,109127.44
CVS,2024-03-15,2024-04-02,71.89,68.57,ZARAR (SL),-465.53,108658.9
CVS,2024-05-31,2024-07-02,55.89,53.94,ZARAR (SL),-351.99,108303.91
CVS,2024-07-17,2024-07-19,57.77,55.87,ZARAR (SL),-332.55,107968.36
CVS,2024-07-31,2024-08-05,57.22,54.83,ZARAR (SL),-420.7,107544.66
CVS,2024-09-04,2024-09-09,56.24,53.56,ZARAR (SL),-480.23,107061.43
CVS,2024-09-25,2024-09-30,55.62,59.64,KAR (TP),720.06,107778.49
CVS,2024-11-25,2024-12-04,57.62,55.67,ZARAR (SL),-340.88,107434.6
CVS,2025-02-06,2025-02-12,52.68,61.4,KAR (TP),1652.6,109084.21
CVS,2025-02-21,2025-03-18,61.65,65.62,KAR (TP),641.3,109722.5
CVS,2025-03-21,2025-04-04,65.12,61.83,ZARAR (SL),-508.59,109210.91
CVS,2025-04-14,2025-04-21,67.21,63.29,ZARAR (SL),-585.37,108622.54
CVS,2025-05-01,2025-05-05,68.14,65.84,ZARAR (SL),-341.37,108278.17
CVS,2025-06-20,2025-07-14,65.32,63.15,ZARAR (SL),-334.98,107940.19
CVS,2025-09-09,2025-09-23,71.17,75.88,KAR (TP),659.02,108596.21
CVS,2025-10-01,2025-10-16,76.25,80.71,KAR (TP),582.4,109175.61
CVS,2025-11-12,2025-11-14,80.26,77.81,ZARAR (SL),-308.26,108864.35
CVS,2025-12-01,2025-12-03,79.1,75.0,ZARAR (SL),-521.33,108340.02
HUM,2024-05-02,2024-05-13,314.89,333.14,KAR (TP),576.48,108913.5
HUM,2024-06-13,2024-07-10,351.3,372.88,KAR (TP),611.26,109521.76
HUM,2024-07-18,2024-07-31,382.44,355.61,ZARAR (SL),-704.48,108814.27
HUM,2024-09-03,2024-09-09,357.5,338.06,ZARAR (SL),-546.83,108264.44
HUM,2024-10-30,2024-10-31,262.63,254.26,ZARAR (SL),-321.79,107939.65
HUM,2024-11-20,2024-12-05,289.9,279.14,ZARAR (SL),-374.13,107562.52
HUM,2025-02-03,2025-02-06,289.95,276.67,ZARAR (SL),-461.02,107098.5
HUM,2025-03-18,2025-04-04,266.97,251.95,ZARAR (SL),-565.56,106529.95
HUM,2025-06-23,2025-07-01,232.98,251.7,KAR (TP),800.51,107327.46
HUM,2025-07-02,2025-07-10,242.94,231.37,ZARAR (SL),-479.23,106845.23
HUM,2025-07-30,2025-07-31,260.56,249.0,ZARAR (SL),-446.65,106395.58
HUM,2025-10-17,2025-10-21,275.01,295.2,KAR (TP),731.16,107123.74
HUM,2025-10-30,2025-11-05,285.61,264.94,ZARAR (SL),-726.71,106394.02
HCA,2024-01-29,2024-01-30,282.39,297.02,KAR (TP),515.26,106904.78
HCA,2024-02-22,2024-03-19,308.1,326.15,KAR (TP),582.57,107484.35
HCA,2024-03-27,2024-04-16,327.34,309.77,ZARAR (SL),-539.65,106941.71
HCA,2024-05-29,2024-06-24,320.87,337.55,KAR (TP),516.86,107455.57
HCA,2024-07-24,2024-07-30,340.09,357.3,KAR (TP),503.19,107955.76
HCA,2024-09-06,2024-10-16,383.63,405.32,KAR (TP),562.38,108515.14
HCA,2025-01-21,2025-01-30,316.1,332.12,KAR (TP),503.8,109015.93
HCA,2025-02-06,2025-02-12,322.11,310.05,ZARAR (SL),-377.39,108635.55
HCA,2025-02-25,2025-02-26,330.59,317.53,ZARAR (SL),-398.11,108234.43
HCA,2025-03-10,2025-03-11,333.66,321.14,ZARAR (SL),-378.12,107853.31
HCA,2025-03-21,2025-03-31,327.08,343.75,KAR (TP),506.75,108357.06
HCA,2025-04-09,2025-04-21,336.77,315.96,ZARAR (SL),-620.97,107733.1
HCA,2025-05-07,2025-05-15,359.1,383.49,KAR (TP),676.26,108406.36
HCA,2025-06-27,2025-07-16,378.06,361.39,ZARAR (SL),-443.81,107959.54
HCA,2025-09-04,2025-09-10,410.24,393.07,ZARAR (SL),-421.62,107534.92
HCA,2025-10-14,2025-10-22,417.78,440.53,KAR (TP),541.69,108073.62
HCA,2025-10-23,2025-10-27,439.51,467.17,KAR (TP),626.32,108696.93
HCA,2025-11-10,2025-11-21,458.62,490.27,KAR (TP),687.18,109381.11
HCA,2025-11-24,2025-12-08,500.3,484.43,ZARAR (SL),-320.14,109057.97
LH,2024-01-29,2024-02-05,221.73,214.41,ZARAR (SL),-333.19,108721.78
LH,2024-06-28,2024-07-16,200.05,212.82,KAR (TP),635.3,109354.08
LH,2024-07-19,2024-08-01,207.78,229.42,KAR (TP),1038.78,110389.85
LH,2024-08-05,2024-08-07,224.68,215.63,ZARAR (SL),-405.94,109980.91
LH,2024-09-05,2024-09-10,224.17,217.26,ZARAR (SL),-311.35,109666.56
LH,2024-10-23,2024-11-06,216.84,231.12,KAR (TP),655.48,110319.05
LH,2024-11-14,2024-12-11,234.86,227.01,ZARAR (SL),-337.33,109978.72
LH,2025-01-07,2025-01-27,232.52,246.93,KAR (TP),616.74,110592.45
LH,2025-02-04,2025-03-12,243.96,234.9,ZARAR (SL),-374.41,110215.04
LH,2025-04-29,2025-06-04,238.46,253.04,KAR (TP),608.16,110820.2
LH,2025-06-10,2025-07-11,258.01,248.31,ZARAR (SL),-378.91,110438.29
LH,2025-07-24,2025-09-26,266.29,279.86,KAR (TP),506.74,110942.03
LH,2025-10-01,2025-10-28,278.32,259.0,ZARAR (SL),-697.12,110241.92
COO,2024-02-01,2024-02-13,95.38,91.92,ZARAR (SL),-365.5,109873.42
COO,2024-02-23,2024-02-27,96.75,93.74,ZARAR (SL),-314.11,109556.31
COO,2024-05-14,2024-05-28,95.96,91.68,ZARAR (SL),-449.02,109104.29
COO,2024-06-10,2024-06-18,95.08,91.66,ZARAR (SL),-362.7,108738.59
COO,2024-07-23,2024-08-19,90.67,95.22,KAR (TP),498.82,109234.41
COO,2024-08-20,2024-08-29,95.89,105.73,KAR (TP),1023.18,110254.59
COO,2024-09-25,2024-10-29,108.41,104.53,ZARAR (SL),-360.9,109890.69
COO,2025-01-21,2025-02-12,95.35,92.0,ZARAR (SL),-354.34,109533.35
COO,2025-05-05,2025-05-23,81.57,78.83,ZARAR (SL),-338.91,109191.44
COO,2025-07-02,2025-07-10,73.02,76.7,KAR (TP),500.97,109689.42
COO,2025-07-16,2025-08-05,72.7,69.56,ZARAR (SL),-434.91,109251.5
COO,2025-08-18,2025-08-28,73.53,64.58,ZARAR (SL),-1220.19,108028.31
COO,2025-10-01,2025-10-16,68.07,71.56,KAR (TP),509.71,108535.02
COO,2025-10-20,2025-10-28,74.99,71.75,ZARAR (SL),-435.06,108096.96
COO,2025-11-13,2025-11-21,71.75,75.47,KAR (TP),515.47,108609.43
COO,2025-12-02,2025-12-05,75.84,81.4,KAR (TP),730.12,109336.55
COO,2025-12-08,2025-12-11,78.04,82.11,KAR (TP),518.53,109852.08
ALGN,2024-02-01,2024-02-06,273.38,288.44,KAR (TP),547.88,110396.96
ALGN,2024-02-08,2024-02-15,295.0,309.77,KAR (TP),497.68,110891.64
ALGN,2024-03-13,2024-04-03,320.69,310.11,ZARAR (SL),-332.91,110555.73
ALGN,2024-07-11,2024-07-12,256.3,242.65,ZARAR (SL),-535.58,110017.15
ALGN,2024-09-13,2024-09-19,243.73,257.17,KAR (TP),548.43,110562.58
ALGN,2024-09-20,2024-09-25,252.85,242.45,ZARAR (SL),-414.31,110145.27
ALGN,2024-11-15,2024-11-25,223.69,240.52,KAR (TP),749.38,110891.65
ALGN,2024-11-26,2024-12-11,227.93,239.52,KAR (TP),505.49,111394.14
ALGN,2025-01-21,2025-01-31,228.0,219.11,ZARAR (SL),-392.91,110998.22
ALGN,2025-04-09,2025-04-22,165.03,173.87,KAR (TP),532.66,111527.88
ALGN,2025-04-30,2025-05-12,173.3,189.0,KAR (TP),902.94,112427.83
ALGN,2025-05-29,2025-06-17,183.05,175.16,ZARAR (SL),-434.03,111990.8
ALGN,2025-06-27,2025-07-09,188.52,200.48,KAR (TP),631.41,112619.21
ALGN,2025-07-15,2025-07-23,192.81,204.13,KAR (TP),584.11,113200.32
ALGN,2025-07-28,2025-07-31,207.19,129.01,ZARAR (SL),-3776.35,109420.97
ALGN,2025-10-22,2025-11-11,135.58,144.49,KAR (TP),654.18,110072.15
ALGN,2025-11-21,2025-12-02,142.56,150.93,KAR (TP),584.12,110653.27
ALGN,2025-12-03,2025-12-10,155.0,164.58,KAR (TP),615.06,111265.33
HOLX,2024-01-26,2024-02-05,74.41,72.04,ZARAR (SL),-321.51,110939.33
HOLX,2024-03-14,2024-05-29,75.34,72.39,ZARAR (SL),-394.56,110541.77
HOLX,2024-06-27,2024-07-16,74.21,78.46,KAR (TP),569.7,111108.47
HOLX,2024-08-05,2024-08-26,82.36,79.75,ZARAR (SL),-319.9,110785.57
HOLX,2024-09-13,2024-11-14,81.15,77.54,ZARAR (SL),-447.86,110334.71
HOLX,2025-03-10,2025-03-11,65.62,62.59,ZARAR (SL),-464.75,109866.96
HOLX,2025-05-30,2025-07-01,62.17,65.33,KAR (TP),505.28,110369.25
HOLX,2025-07-28,2025-08-13,65.69,68.98,KAR (TP),497.84,110864.08
HOLX,2025-08-14,2025-09-10,68.06,65.51,ZARAR (SL),-377.67,110483.42
HOLX,2025-10-16,2025-10-21,68.5,73.98,KAR (TP),797.0,111277.42
DVA,2024-01-26,2024-02-12,107.17,114.3,KAR (TP),662.3,111935.21
DVA,2024-04-29,2024-05-23,138.14,132.25,ZARAR (SL),-429.38,111502.84
DVA,2024-06-07,2024-06-28,143.18,138.57,ZARAR (SL),-324.97,111174.86
DVA,2024-08-02,2024-08-07,139.52,133.98,ZARAR (SL),-400.08,110771.79
DVA,2024-08-20,2024-09-12,147.58,157.64,KAR (TP),678.66,111447.45
DVA,2024-09-17,2024-10-02,164.22,159.11,ZARAR (SL),-314.17,111130.28
DVA,2024-10-15,2024-10-25,164.57,156.99,ZARAR (SL),-463.59,110663.69
DVA,2025-01-13,2025-01-17,157.06,166.24,KAR (TP),581.49,111242.18
DVA,2025-02-06,2025-02-14,172.07,157.42,ZARAR (SL),-854.4,110384.78
DVA,2025-04-04,2025-04-08,149.49,143.92,ZARAR (SL),-375.6,110006.18
DVA,2025-05-19,2025-05-22,144.96,138.52,ZARAR (SL),-447.26,109555.92
DVA,2025-06-26,2025-07-23,141.09,151.32,KAR (TP),722.07,110274.99
DVA,2025-07-24,2025-07-31,144.77,140.37,ZARAR (SL),-306.93,109965.06
DVA,2025-09-04,2025-09-15,135.56,130.95,ZARAR (SL),-343.07,109618.99
WAT,2024-02-02,2024-02-28,320.74,337.68,KAR (TP),525.15,110141.14
WAT,2024-02-29,2024-03-07,337.42,361.0,KAR (TP),695.83,110833.97
WAT,2024-03-14,2024-04-12,343.57,322.66,ZARAR (SL),-611.61,110219.36
WAT,2024-05-23,2024-05-30,336.79,307.62,ZARAR (SL),-869.12,109347.25
WAT,2024-07-11,2024-07-16,301.48,316.73,KAR (TP),502.84,109847.08
WAT,2024-07-22,2024-07-30,307.22,327.66,KAR (TP),662.32,110506.4
WAT,2024-08-05,2024-08-30,328.83,346.35,KAR (TP),529.8,111033.2
WAT,2024-09-20,2024-09-26,336.56,355.68,KAR (TP),565.1,111595.3
WAT,2024-10-16,2024-10-22,353.97,339.43,ZARAR (SL),-413.77,111178.53
WAT,2024-11-01,2024-11-15,387.21,358.46,ZARAR (SL),-745.49,110430.04
WAT,2024-11-25,2024-12-18,378.16,360.43,ZARAR (SL),-471.85,109955.19
WAT,2025-05-05,2025-05-12,348.38,366.67,KAR (TP),522.0,110474.2
WAT,2025-05-14,2025-07-14,345.38,304.18,ZARAR (SL),-1195.89,109275.31
WAT,2025-08-29,2025-09-03,301.8,290.06,ZARAR (SL),-392.0,108880.31
WAT,2025-09-17,2025-09-24,303.68,292.65,ZARAR (SL),-366.21,108511.1
WAT,2025-10-09,2025-10-21,330.45,349.23,KAR (TP),565.32,109073.41
WAT,2025-11-03,2025-11-04,345.59,367.34,KAR (TP),626.36,109696.77
WAT,2025-12-04,2025-12-16,396.37,378.53,ZARAR (SL),-453.08,109240.69
RGEN,2024-01-26,2024-02-08,193.4,203.99,KAR (TP),544.57,109782.26
RGEN,2024-02-20,2024-02-22,199.73,193.4,ZARAR (SL),-319.93,109459.33
RGEN,2024-05-14,2024-05-21,172.48,166.9,ZARAR (SL),-326.52,109129.81
RGEN,2024-07-17,2024-07-18,132.31,127.63,ZARAR (SL),-356.71,108770.1
RGEN,2024-07-29,2024-07-30,138.0,160.59,KAR (TP),1633.96,110401.05
RGEN,2024-09-26,2024-10-03,147.18,139.04,ZARAR (SL),-556.06,109841.99
RGEN,2024-10-15,2024-10-16,144.98,138.17,ZARAR (SL),-472.72,109366.27
RGEN,2024-11-12,2024-11-14,148.59,142.43,ZARAR (SL),-417.56,108945.71
RGEN,2024-12-16,2024-12-18,160.92,147.34,ZARAR (SL),-846.9,108095.81
RGEN,2025-01-03,2025-01-13,149.9,158.44,KAR (TP),566.71,108659.52
RGEN,2025-01-29,2025-02-03,169.4,159.87,ZARAR (SL),-565.57,108090.95
RGEN,2025-07-29,2025-07-31,125.3,117.07,ZARAR (SL),-659.82,107428.12
RGEN,2025-08-28,2025-09-03,122.17,116.18,ZARAR (SL),-493.3,106931.82
RGEN,2025-09-19,2025-09-30,122.3,133.67,KAR (TP),926.68,107855.51
RGEN,2025-10-21,2025-10-23,156.75,165.2,KAR (TP),536.07,108388.58
RGEN,2025-10-27,2025-10-28,161.1,151.57,ZARAR (SL),-594.56,107791.02
RGEN,2025-11-11,2025-11-21,153.44,162.51,KAR (TP),588.11,108376.13
RGEN,2025-11-24,2025-12-08,167.26,160.81,ZARAR (SL),-388.63,107984.51
IQV,2024-02-09,2024-02-14,218.2,243.47,KAR (TP),1155.11,109136.62
IQV,2024-03-15,2024-04-03,252.71,242.98,ZARAR (SL),-388.03,108745.59
IQV,2024-05-15,2024-05-22,233.69,226.03,ZARAR (SL),-330.78,108411.81
IQV,2024-07-25,2024-07-30,232.29,245.57,KAR (TP),568.7,108977.51
IQV,2024-07-31,2024-08-05,246.23,233.65,ZARAR (SL),-513.9,108460.6
IQV,2024-08-20,2024-09-10,246.94,235.2,ZARAR (SL),-478.42,107979.18
IQV,2025-01-21,2025-01-29,205.69,198.07,ZARAR (SL),-373.46,107602.72
IQV,2025-05-07,2025-05-14,153.3,141.82,ZARAR (SL),-751.86,106847.86
IQV,2025-06-10,2025-06-17,159.77,154.1,ZARAR (SL),-357.89,106486.98
IQV,2025-06-30,2025-07-10,157.59,165.53,KAR (TP),500.84,106984.82
IQV,2025-07-17,2025-07-22,163.25,187.38,KAR (TP),1475.1,108456.92
IQV,2025-08-05,2025-08-06,183.93,177.49,ZARAR (SL),-353.13,108100.79
IQV,2025-09-11,2025-09-24,190.69,181.24,ZARAR (SL),-498.57,107599.22
IQV,2025-10-06,2025-10-10,205.02,198.17,ZARAR (SL),-337.11,107259.1
IQV,2025-10-21,2025-11-04,218.67,210.96,ZARAR (SL),-355.59,106900.52
IQV,2025-12-02,2025-12-09,225.63,218.06,ZARAR (SL),-338.51,106559.01
REGN,2024-01-31,2024-02-27,937.58,987.87,KAR (TP),533.39,107089.4
REGN,2024-02-29,2024-04-04,960.76,931.85,ZARAR (SL),-303.9,106782.5
REGN,2024-05-02,2024-05-14,932.44,979.21,KAR (TP),498.59,107278.1
REGN,2024-05-31,2024-06-14,974.75,1030.8,KAR (TP),572.01,107847.1
REGN,2024-07-31,2024-08-13,1073.24,1151.94,KAR (TP),730.33,108574.43
REGN,2024-08-29,2024-09-06,1172.43,1125.26,ZARAR (SL),-405.31,108166.12
REGN,2025-02-05,2025-02-10,712.77,686.55,ZARAR (SL),-370.79,107792.33
REGN,2025-02-25,2025-02-28,720.4,695.78,ZARAR (SL),-344.82,107444.51
REGN,2025-03-11,2025-03-12,715.12,686.58,ZARAR (SL),-402.07,107039.43
REGN,2025-07-16,2025-08-15,546.41,578.8,KAR (TP),589.78,107626.21
REGN,2025-08-20,2025-08-25,590.27,571.66,ZARAR (SL),-318.22,107304.98
REGN,2025-09-18,2025-09-23,597.96,567.18,ZARAR (SL),-517.77,106784.21
REGN,2025-10-03,2025-10-08,599.25,563.15,ZARAR (SL),-605.33,106175.88
REGN,2025-10-27,2025-10-28,584.58,653.66,KAR (TP),1178.77,107351.64
REGN,2025-11-19,2025-11-20,701.87,737.0,KAR (TP),497.52,107846.16
REGN,2025-12-03,2025-12-09,723.67,692.58,ZARAR (SL),-432.62,107410.55
EW,2024-01-31,2024-02-02,78.47,86.09,KAR (TP),968.07,108374.12
EW,2024-02-26,2024-03-07,86.15,93.81,KAR (TP),886.15,109257.27
EW,2024-03-08,2024-04-15,92.14,89.2,ZARAR (SL),-322.08,108932.19
EW,2024-05-15,2024-05-28,90.16,87.04,ZARAR (SL),-349.05,108580.14
EW,2024-06-07,2024-06-27,88.14,93.34,KAR (TP),586.97,109164.11
EW,2024-06-28,2024-07-15,92.37,89.5,ZARAR (SL),-313.71,108847.4
EW,2024-08-29,2024-09-05,70.12,66.02,ZARAR (SL),-587.71,108256.69
EW,2024-09-16,2024-09-17,69.36,67.23,ZARAR (SL),-310.09,107943.59
EW,2024-10-08,2024-11-04,68.54,66.47,ZARAR (SL),-305.01,107635.58
EW,2024-12-02,2024-12-04,70.53,74.2,KAR (TP),517.35,108149.92
EW,2024-12-10,2025-01-13,73.39,71.09,ZARAR (SL),-316.39,107830.53
EW,2025-02-12,2025-02-21,75.82,73.3,ZARAR (SL),-335.37,107492.16
EW,2025-03-05,2025-03-07,72.85,70.33,ZARAR (SL),-348.92,107140.25
EW,2025-04-24,2025-07-25,75.13,80.0,KAR (TP),645.21,107782.46
EW,2025-07-28,2025-09-15,78.49,76.05,ZARAR (SL),-313.87,107465.59
EW,2025-10-22,2025-10-27,76.84,80.82,KAR (TP),514.96,107977.55
TECH,2024-02-29,2024-03-14,72.93,70.6,ZARAR (SL),-322.42,107650.63
TECH,2024-05-01,2024-05-03,72.82,76.61,KAR (TP),518.37,108166.0
TECH,2024-07-29,2024-08-07,79.1,70.41,ZARAR (SL),-1101.85,107061.16
TECH,2024-09-10,2024-09-19,73.29,79.82,KAR (TP),888.84,107947.0
TECH,2024-09-20,2024-09-25,77.78,74.45,ZARAR (SL),-430.84,107513.16
TECH,2024-11-01,2024-11-14,74.81,72.13,ZARAR (SL),-360.72,107149.44
TECH,2025-01-06,2025-01-21,73.83,78.3,KAR (TP),603.06,107749.5
TECH,2025-01-23,2025-01-28,76.48,74.18,ZARAR (SL),-303.35,107443.15
TECH,2025-05-09,2025-05-12,49.72,53.66,KAR (TP),789.95,108230.1
TECH,2025-06-25,2025-07-21,51.74,50.13,ZARAR (SL),-315.2,107911.9
TECH,2025-07-31,2025-08-06,54.57,49.73,ZARAR (SL),-891.0,107017.91
TECH,2025-09-30,2025-10-01,55.56,59.84,KAR (TP),768.17,107783.07
DGX,2024-03-06,2024-04-01,122.59,130.17,KAR (TP),615.5,108395.57
DGX,2024-04-02,2024-04-16,127.77,123.77,ZARAR (SL),-315.88,108076.69
DGX,2024-04-29,2024-07-16,135.51,145.12,KAR (TP),706.52,108780.21
DGX,2024-07-24,2024-08-16,140.54,147.84,KAR (TP),516.07,109293.29
DGX,2024-09-05,2024-10-07,150.62,144.17,ZARAR (SL),-431.07,108859.21
DGX,2024-10-22,2024-12-16,154.55,149.82,ZARAR (SL),-309.09,108547.12
DGX,2025-01-21,2025-01-30,150.55,161.91,KAR (TP),751.67,109295.79
DGX,2025-01-31,2025-02-19,160.86,169.39,KAR (TP),527.35,109820.14
DGX,2025-03-04,2025-03-11,172.6,165.84,ZARAR (SL),-394.98,109422.16
DGX,2025-04-22,2025-06-16,171.3,180.45,KAR (TP),531.02,109950.18
DGX,2025-06-20,2025-07-08,177.83,171.74,ZARAR (SL),-345.55,109601.63
DGX,2025-08-22,2025-09-30,179.43,189.74,KAR (TP),571.27,110169.89
DGX,2025-10-15,2025-10-22,187.35,181.17,ZARAR (SL),-332.86,109834.03
DGX,2025-11-10,2025-12-16,184.31,178.66,ZARAR (SL),-309.55,109521.48
INCY,2024-03-11,2024-03-13,60.79,58.92,ZARAR (SL),-310.62,109207.86
INCY,2024-06-03,2024-06-13,58.8,62.69,KAR (TP),658.56,109863.43
INCY,2024-07-31,2024-08-05,65.07,62.0,ZARAR (SL),-474.8,109385.63
INCY,2024-09-04,2024-09-06,64.33,61.26,ZARAR (SL),-480.23,108902.4
INCY,2024-09-16,2024-09-23,66.41,64.12,ZARAR (SL),-347.83,108551.57
INCY,2024-11-15,2024-11-19,75.87,70.56,ZARAR (SL),-702.88,107845.69
INCY,2025-01-21,2025-02-10,73.47,68.3,ZARAR (SL),-706.69,107136.0
INCY,2025-02-25,2025-03-03,74.4,70.26,ZARAR (SL),-559.45,106573.55
INCY,2025-04-30,2025-05-06,62.66,59.61,ZARAR (SL),-489.75,106080.8
INCY,2025-05-20,2025-06-06,65.3,68.77,KAR (TP),528.39,106606.19
INCY,2025-06-11,2025-07-29,68.85,77.38,KAR (TP),1235.93,107839.12
INCY,2025-07-30,2025-07-31,77.55,74.89,ZARAR (SL),-346.0,107490.11
INCY,2025-09-02,2025-09-12,85.98,83.1,ZARAR (SL),-337.96,107149.15
INCY,2025-10-02,2025-10-24,86.28,91.28,KAR (TP),576.51,107722.66
INCY,2025-10-27,2025-10-29,93.08,90.18,ZARAR (SL),-314.56,107405.1
CRL,2024-02-09,2024-02-14,222.22,245.12,KAR (TP),1027.51,108428.11
CRL,2024-02-16,2024-03-01,244.96,264.38,KAR (TP),789.78,109214.89
CRL,2024-03-15,2024-03-21,258.97,273.43,KAR (TP),555.37,109767.26
CRL,2024-03-28,2024-04-02,270.95,261.82,ZARAR (SL),-339.96,109424.29
CRL,2024-07-11,2024-07-16,210.88,227.31,KAR (TP),776.12,110197.41
CRL,2024-07-19,2024-07-26,218.24,233.47,KAR (TP),694.86,110889.26
CRL,2024-08-02,2024-08-05,233.6,226.4,ZARAR (SL),-311.22,110575.04
CRL,2024-09-16,2024-09-25,203.73,192.9,ZARAR (SL),-534.59,110037.46
CRL,2024-11-05,2024-11-06,188.68,214.2,KAR (TP),1349.55,111384.01
CRL,2024-11-07,2024-11-14,210.29,196.9,ZARAR (SL),-639.74,110741.27
CRL,2025-02-24,2025-02-27,170.51,164.88,ZARAR (SL),-333.19,110405.09
CRL,2025-06-16,2025-06-17,151.03,145.05,ZARAR (SL),-398.95,110003.14
CRL,2025-07-01,2025-07-10,154.4,163.66,KAR (TP),596.74,110596.88
CRL,2025-07-17,2025-07-21,156.7,149.79,ZARAR (SL),-443.97,110149.91
CRL,2025-08-05,2025-08-06,167.49,150.33,ZARAR (SL),-1027.54,109119.37
CRL,2025-09-08,2025-09-10,162.0,153.27,ZARAR (SL),-541.89,108574.48
CRL,2025-10-01,2025-10-20,170.48,184.14,KAR (TP),798.27,109369.75
CRL,2025-10-21,2025-10-29,188.26,180.15,ZARAR (SL),-433.79,108932.96
PG,2024-02-29,2024-05-09,152.04,159.86,KAR (TP),511.16,109441.13
PG,2024-06-04,2024-07-31,160.79,155.71,ZARAR (SL),-319.34,109118.79
PG,2024-08-15,2024-09-10,162.64,172.2,KAR (TP),584.78,109700.57
PG,2024-09-11,2024-10-07,168.45,161.87,ZARAR (SL),-393.98,109303.59
PG,2024-11-18,2024-11-26,166.35,174.69,KAR (TP),498.32,109798.91
PG,2025-01-27,2025-02-14,166.3,159.66,ZARAR (SL),-402.03,109393.87
PG,2025-02-24,2025-03-25,167.16,159.63,ZARAR (SL),-453.92,108936.95
PG,2025-06-02,2025-06-09,165.48,160.33,ZARAR (SL),-314.12,108619.83
PG,2025-08-18,2025-10-06,154.64,149.37,ZARAR (SL),-344.0,108272.84
PG,2025-10-23,2025-11-05,151.15,145.79,ZARAR (SL),-357.81,107912.03
KO,2024-01-30,2024-05-07,56.46,59.49,KAR (TP),534.71,108443.74
KO,2024-05-31,2024-07-24,59.79,63.01,KAR (TP),535.79,108976.53
KO,2024-07-25,2024-08-20,63.26,66.43,KAR (TP),497.98,109471.51
KO,2024-09-05,2024-10-23,68.14,65.56,ZARAR (SL),-381.49,109087.02
KO,2024-12-17,2025-01-06,61.58,59.07,ZARAR (SL),-411.52,108672.5
KO,2025-01-27,2025-02-11,62.04,65.66,KAR (TP),581.0,109250.5
KO,2025-03-04,2025-04-03,68.18,71.61,KAR (TP),499.93,109747.43
KO,2025-04-09,2025-04-22,68.45,72.31,KAR (TP),561.69,110306.12
KO,2025-04-30,2025-05-12,70.99,68.04,ZARAR (SL),-419.26,109883.85
KO,2025-05-30,2025-06-18,70.55,68.2,ZARAR (SL),-335.58,109545.27
KO,2025-07-01,2025-07-09,70.63,68.47,ZARAR (SL),-308.57,109233.71
KO,2025-08-07,2025-09-04,69.41,67.26,ZARAR (SL),-312.53,108918.18
KO,2025-10-10,2025-10-21,66.57,70.72,KAR (TP),620.51,109535.69
PEP,2024-02-05,2024-03-05,159.25,152.13,ZARAR (SL),-450.19,109080.99
PEP,2024-03-18,2024-05-13,160.79,169.84,KAR (TP),559.89,109637.88
PEP,2024-05-23,2024-05-28,168.31,162.78,ZARAR (SL),-331.55,109303.32
PEP,2024-07-12,2024-08-01,157.44,165.56,KAR (TP),512.69,109813.01
PEP,2024-08-05,2024-10-07,164.69,159.43,ZARAR (SL),-322.28,109487.73
PEP,2024-10-21,2024-10-29,166.86,159.7,ZARAR (SL),-432.12,109052.61
PEP,2025-01-27,2025-02-04,148.67,137.98,ZARAR (SL),-722.23,108327.38
PEP,2025-02-21,2025-03-20,147.6,142.75,ZARAR (SL),-331.92,107992.46
PEP,2025-06-10,2025-07-17,129.29,142.64,KAR (TP),1029.39,109018.85
PEP,2025-07-28,2025-08-13,138.84,146.47,KAR (TP),546.55,109562.4
PEP,2025-08-15,2025-09-08,147.5,140.34,ZARAR (SL),-488.62,109070.78
PEP,2025-10-09,2025-10-16,143.31,151.19,KAR (TP),547.06,109614.85
PEP,2025-12-10,2025-12-23,149.7,143.68,ZARAR (SL),-405.14,109206.71
WMT,2024-01-31,2024-02-20,53.91,57.38,KAR (TP),639.06,109842.77
WMT,2024-02-23,2024-03-20,57.28,60.15,KAR (TP),499.15,110338.92
WMT,2024-05-07,2024-05-16,59.54,63.08,KAR (TP),592.77,110928.69
WMT,2024-06-07,2024-07-05,64.93,69.03,KAR (TP),628.45,111554.14
WMT,2024-07-11,2024-08-05,68.79,66.61,ZARAR (SL),-319.62,111231.52
WMT,2024-08-15,2024-08-30,72.12,76.33,KAR (TP),580.51,111809.03
WMT,2024-09-17,2024-10-23,77.68,82.3,KAR (TP),591.15,112397.18
WMT,2024-10-31,2024-11-19,80.99,85.59,KAR (TP),564.42,112958.6
WMT,2024-12-18,2024-12-23,92.66,89.49,ZARAR (SL),-345.06,112610.54
WMT,2025-04-09,2025-04-14,88.99,94.09,KAR (TP),569.55,113177.08
WMT,2025-05-12,2025-08-06,96.33,102.91,KAR (TP),680.2,113854.29
WMT,2025-08-13,2025-08-22,100.55,96.63,ZARAR (SL),-392.53,113458.76
WMT,2025-09-19,2025-10-15,102.12,108.81,KAR (TP),651.74,114107.5
WMT,2025-12-19,2025-12-23,114.36,110.9,ZARAR (SL),-305.55,113798.95
COST,2024-02-02,2024-02-26,702.73,738.26,KAR (TP),502.58,114298.53
COST,2024-02-29,2024-03-07,736.81,778.12,KAR (TP),557.57,114853.1
COST,2024-04-30,2024-05-07,717.17,765.2,KAR (TP),666.66,115516.76
COST,2024-05-31,2024-06-14,803.47,848.89,KAR (TP),562.26,116076.02
COST,2024-06-28,2024-07-25,843.26,809.48,ZARAR (SL),-403.48,115669.55
COST,2024-08-30,2024-11-08,886.57,938.9,KAR (TP),587.27,116253.81
COST,2024-11-11,2024-12-03,928.04,977.05,KAR (TP),525.15,116775.96
COST,2024-12-12,2024-12-19,983.26,949.84,ZARAR (SL),-342.85,116430.12
COST,2025-01-28,2025-02-04,953.69,1016.56,KAR (TP),656.14,117083.26
COST,2025-02-20,2025-03-07,1030.6,960.36,ZARAR (SL),-684.46,116395.79
COST,2025-04-09,2025-05-05,961.24,1012.05,KAR (TP),525.62,116918.42
COST,2025-05-13,2025-06-02,996.24,1053.9,KAR (TP),575.76,117491.18
COST,2025-08-08,2025-08-25,979.59,940.25,ZARAR (SL),-404.64,117083.54
COST,2025-11-04,2025-11-18,940.74,895.08,ZARAR (SL),-488.36,116592.18
HD,2024-01-31,2024-02-22,336.14,353.65,KAR (TP),517.74,117106.92
HD,2024-03-13,2024-04-02,363.09,347.77,ZARAR (SL),-424.91,116679.01
HD,2024-05-09,2024-05-21,332.86,322.05,ZARAR (SL),-327.95,116348.06
HD,2024-06-12,2024-07-03,331.99,321.86,ZARAR (SL),-308.11,116036.95
HD,2024-07-24,2024-07-31,337.95,355.17,KAR (TP),506.55,116540.5
HD,2024-08-01,2024-08-07,345.92,330.31,ZARAR (SL),-454.23,116083.27
HD,2024-08-21,2024-09-19,357.38,378.85,KAR (TP),597.63,116677.9
HD,2024-11-21,2024-11-29,398.37,418.69,KAR (TP),507.17,117182.07
HD,2024-12-09,2024-12-12,418.74,404.34,ZARAR (SL),-346.91,116832.16
HD,2025-01-17,2025-02-19,399.42,385.81,ZARAR (SL),-343.76,116485.4
HD,2025-05-20,2025-05-23,370.21,356.13,ZARAR (SL),-383.32,116099.08
HD,2025-06-03,2025-06-13,366.31,350.39,ZARAR (SL),-437.65,115658.43
HD,2025-06-27,2025-07-16,364.3,353.1,ZARAR (SL),-310.53,115344.89
HD,2025-07-28,2025-08-13,372.69,402.28,KAR (TP),790.94,116132.84
HD,2025-08-15,2025-09-05,394.57,416.26,KAR (TP),546.52,116676.36
HD,2025-09-12,2025-09-24,419.97,407.14,ZARAR (SL),-308.66,116364.7
MCD,2024-02-01,2024-02-05,284.39,272.84,ZARAR (SL),-409.26,115952.43
MCD,2024-02-29,2024-03-13,280.45,271.41,ZARAR (SL),-325.3,115624.14
MCD,2024-05-10,2024-05-21,263.87,255.11,ZARAR (SL),-335.0,115286.13
MCD,2024-06-24,2024-07-01,251.46,241.43,ZARAR (SL),-402.03,114881.1
MCD,2024-07-11,2024-08-01,246.07,259.54,KAR (TP),544.49,115422.59
MCD,2024-08-05,2024-08-19,259.25,277.7,KAR (TP),708.49,116128.08
MCD,2024-09-09,2024-10-14,282.95,300.97,KAR (TP),633.82,116758.9
MCD,2024-12-03,2025-01-10,287.79,275.88,ZARAR (SL),-416.92,116338.98
MCD,2025-02-18,2025-03-07,297.88,315.78,KAR (TP),597.83,116933.81
MCD,2025-03-10,2025-03-11,311.81,301.5,ZARAR (SL),-333.65,116597.15
MCD,2025-03-31,2025-04-04,307.01,294.96,ZARAR (SL),-395.48,116198.67
MCD,2025-04-30,2025-05-13,314.17,303.4,ZARAR (SL),-345.87,115849.8
MCD,2025-07-31,2025-09-02,296.6,313.88,KAR (TP),579.62,116426.41
MCD,2025-11-05,2025-12-18,303.85,319.65,KAR (TP),517.11,116940.52
NKE,2024-02-07,2024-03-04,99.7,95.96,ZARAR (SL),-378.22,116557.81
NKE,2024-05-30,2024-06-28,90.09,72.94,ZARAR (SL),-1906.21,114648.6
NKE,2024-09-04,2024-09-10,78.76,75.91,ZARAR (SL),-364.64,114280.96
NKE,2024-09-20,2024-10-02,84.1,80.78,ZARAR (SL),-398.28,113879.67
NKE,2024-11-25,2024-12-27,77.05,74.67,ZARAR (SL),-312.1,113564.57
NKE,2025-01-31,2025-02-05,75.13,72.86,ZARAR (SL),-305.99,113255.58
NKE,2025-02-18,2025-02-25,75.81,79.84,KAR (TP),529.29,113781.87
NKE,2025-02-26,2025-03-04,79.31,75.93,ZARAR (SL),-429.1,113349.77
NKE,2025-05-12,2025-05-21,61.45,58.9,ZARAR (SL),-418.47,112928.3
NKE,2025-06-10,2025-06-13,63.14,59.84,ZARAR (SL),-525.94,112399.36
NKE,2025-06-26,2025-06-27,61.82,71.21,KAR (TP),1516.03,113912.39
NKE,2025-06-30,2025-07-02,70.22,75.51,KAR (TP),750.1,114659.48
NKE,2025-07-28,2025-07-30,78.33,75.8,ZARAR (SL),-326.07,114330.41
NKE,2025-08-13,2025-09-02,76.31,73.82,ZARAR (SL),-329.93,113997.48
NKE,2025-12-10,2025-12-19,65.79,58.71,ZARAR (SL),-1079.15,112915.33
LOW,2024-02-01,2024-02-23,212.94,224.86,KAR (TP),556.87,113469.2
LOW,2024-03-26,2024-04-03,243.1,232.73,ZARAR (SL),-429.38,113036.82
LOW,2024-05-13,2024-05-21,226.34,218.45,ZARAR (SL),-351.53,112682.29
LOW,2024-06-21,2024-06-25,222.08,211.06,ZARAR (SL),-499.08,112180.21
LOW,2024-07-12,2024-07-31,227.41,239.67,KAR (TP),536.15,112713.36
LOW,2024-08-05,2024-08-23,231.38,244.12,KAR (TP),547.59,113257.95
LOW,2024-08-26,2024-09-24,244.54,259.71,KAR (TP),617.36,113872.31
LOW,2024-10-21,2024-10-29,270.26,257.81,ZARAR (SL),-463.71,113405.59
LOW,2024-11-25,2024-12-12,269.91,258.33,ZARAR (SL),-432.32,112970.28
LOW,2025-05-07,2025-06-16,221.24,213.89,ZARAR (SL),-335.42,112631.85
LOW,2025-07-01,2025-07-15,226.32,212.83,ZARAR (SL),-599.13,112029.72
LOW,2025-07-28,2025-08-12,228.86,243.67,KAR (TP),643.98,112670.7
LOW,2025-09-17,2025-09-23,266.64,258.54,ZARAR (SL),-306.79,112360.91
TGT,2024-02-01,2024-02-23,134.33,141.94,KAR (TP),563.54,112919.96
TGT,2024-02-26,2024-03-05,140.7,157.97,KAR (TP),1224.44,114141.4
TGT,2024-03-13,2024-03-28,156.18,166.05,KAR (TP),629.39,114767.78
TGT,2024-07-08,2024-08-02,140.32,131.31,ZARAR (SL),-645.15,114119.64
TGT,2024-08-21,2024-08-29,151.43,145.88,ZARAR (SL),-369.09,113747.55
TGT,2024-10-11,2024-10-21,150.67,143.5,ZARAR (SL),-479.46,113265.09
TGT,2024-11-18,2024-11-20,148.87,116.58,ZARAR (SL),-2172.12,111089.96
TGT,2025-01-08,2025-01-16,132.38,127.62,ZARAR (SL),-362.57,110724.39
TGT,2025-01-27,2025-01-31,136.48,132.08,ZARAR (SL),-325.1,110396.29
TGT,2025-05-12,2025-05-14,97.63,93.06,ZARAR (SL),-471.04,109922.24
TGT,2025-06-10,2025-06-13,98.45,93.17,ZARAR (SL),-538.87,109380.37
TGT,2025-06-23,2025-07-01,94.31,101.46,KAR (TP),755.31,110132.68
TGT,2025-07-22,2025-07-30,104.08,100.76,ZARAR (SL),-322.13,109807.55
TGT,2025-08-12,2025-08-20,103.81,97.46,ZARAR (SL),-614.68,109189.87
TGT,2025-10-28,2025-10-29,95.9,92.95,ZARAR (SL),-310.9,108875.97
SBUX,2024-02-01,2024-04-02,88.64,85.29,ZARAR (SL),-381.36,108490.11
SBUX,2024-06-13,2024-07-01,77.22,74.22,ZARAR (SL),-390.59,108096.53
SBUX,2024-07-31,2024-08-01,75.01,72.28,ZARAR (SL),-367.34,107726.19
SBUX,2024-09-11,2024-09-24,95.07,91.44,ZARAR (SL),-384.87,107338.32
SBUX,2024-10-22,2024-11-22,93.74,99.85,KAR (TP),649.14,107984.45
SBUX,2024-11-25,2024-12-10,99.21,95.62,ZARAR (SL),-364.35,107617.1
SBUX,2025-02-28,2025-03-04,113.43,109.75,ZARAR (SL),-326.81,107287.3
SBUX,2025-05-12,2025-06-06,83.91,88.41,KAR (TP),534.07,107818.36
SBUX,2025-06-24,2025-07-22,90.25,95.61,KAR (TP),591.54,108406.9
SBUX,2025-07-23,2025-07-29,94.61,91.69,ZARAR (SL),-311.59,108092.31
SBUX,2025-10-16,2025-10-31,83.74,80.29,ZARAR (SL),-414.43,107674.88
SBUX,2025-11-12,2025-11-17,86.63,83.69,ZARAR (SL),-342.83,107329.05
SBUX,2025-12-04,2025-12-09,85.0,82.28,ZARAR (SL),-323.0,107003.05
SBUX,2025-12-19,2025-12-23,88.33,83.86,ZARAR (SL),-509.06,106490.99
MDLZ,2024-01-26,2024-02-13,71.57,68.56,ZARAR (SL),-423.55,106064.44
MDLZ,2024-04-23,2024-05-24,67.8,65.45,ZARAR (SL),-349.29,105712.15
MDLZ,2024-07-17,2024-08-02,64.73,68.17,KAR (TP),527.39,106236.55
MDLZ,2024-08-05,2024-09-04,66.56,72.59,KAR (TP),904.11,107137.66
MDLZ,2024-09-20,2024-10-03,71.64,69.07,ZARAR (SL),-361.96,106772.7
MDLZ,2025-02-07,2025-02-19,57.18,60.59,KAR (TP),592.38,107362.08
MDLZ,2025-03-28,2025-04-07,66.25,64.26,ZARAR (SL),-303.37,107055.71
MDLZ,2025-04-30,2025-05-12,67.12,64.85,ZARAR (SL),-340.59,106712.12
MDLZ,2025-06-11,2025-07-22,65.95,70.19,KAR (TP),638.38,107347.5
MDLZ,2025-07-28,2025-07-30,69.02,64.58,ZARAR (SL),-646.86,106697.63
MDLZ,2025-09-10,2025-10-29,61.77,57.85,ZARAR (SL),-638.05,106056.58
CL,2024-02-02,2024-03-13,81.32,85.72,KAR (TP),538.24,106591.83
CL,2024-03-27,2024-04-10,86.44,83.19,ZARAR (SL),-379.88,106208.95
CL,2024-04-23,2024-05-06,85.62,90.07,KAR (TP),516.3,106722.25
CL,2024-06-06,2024-06-24,90.84,95.68,KAR (TP),530.09,107249.35
CL,2024-06-28,2024-08-02,93.8,99.88,KAR (TP),645.65,107891.99
CL,2024-08-05,2024-08-30,98.1,103.47,KAR (TP),544.69,108433.68
CL,2024-09-11,2024-09-19,103.11,99.11,ZARAR (SL),-391.2,108039.48
CL,2024-12-03,2024-12-30,92.38,88.65,ZARAR (SL),-406.76,107629.72
CL,2025-01-30,2025-01-31,89.25,85.13,ZARAR (SL),-464.0,107162.72
CL,2025-02-21,2025-03-07,87.85,94.99,KAR (TP),809.56,107969.28
CL,2025-03-11,2025-03-12,92.4,89.18,ZARAR (SL),-351.57,107614.72
CL,2025-03-31,2025-04-07,92.01,87.58,ZARAR (SL),-484.32,107127.39
CL,2025-04-17,2025-04-28,94.3,89.82,ZARAR (SL),-478.39,106646.0
CL,2025-05-27,2025-06-17,91.27,87.51,ZARAR (SL),-414.12,106228.88
CL,2025-07-01,2025-07-14,90.88,87.73,ZARAR (SL),-349.59,105876.29
CL,2025-09-05,2025-09-15,84.56,81.58,ZARAR (SL),-355.4,105517.89
CL,2025-11-07,2025-12-08,78.76,76.11,ZARAR (SL),-339.47,105175.42
PM,2024-03-14,2024-04-05,87.2,84.2,ZARAR (SL),-346.62,104825.81
PM,2024-04-19,2024-04-24,88.24,93.18,KAR (TP),556.88,105379.69
PM,2024-04-25,2024-05-22,90.42,95.11,KAR (TP),515.26,105891.95
PM,2024-05-31,2024-07-12,95.4,101.0,KAR (TP),583.78,106472.73
PM,2024-08-06,2024-08-21,108.87,114.39,KAR (TP),504.88,106974.61
PM,2024-09-12,2024-09-19,118.83,114.15,ZARAR (SL),-396.9,106574.71
PM,2024-11-14,2024-12-19,123.58,117.77,ZARAR (SL),-473.36,106098.35
PM,2025-01-21,2025-01-27,120.68,127.13,KAR (TP),531.69,106627.04
PM,2025-01-28,2025-02-06,125.7,141.64,KAR (TP),1265.61,107889.65
PM,2025-03-18,2025-04-03,149.95,159.36,KAR (TP),624.97,108511.62
PM,2025-04-16,2025-04-24,157.8,167.23,KAR (TP),594.58,109103.2
PM,2025-05-21,2025-06-12,171.72,181.02,KAR (TP),538.69,109638.88
PM,2025-06-13,2025-07-02,181.25,174.27,ZARAR (SL),-387.94,109247.94
PM,2025-07-16,2025-07-22,181.56,163.73,ZARAR (SL),-985.16,108259.79
PM,2025-11-25,2025-12-03,157.41,151.71,ZARAR (SL),-365.11,107891.68
MO,2024-02-01,2024-02-07,36.51,35.23,ZARAR (SL),-352.95,107534.22
MO,2024-03-06,2024-03-14,36.27,38.75,KAR (TP),679.75,108210.97
MO,2024-05-31,2024-07-12,41.37,43.63,KAR (TP),542.9,108750.87
MO,2024-07-31,2024-08-21,44.8,47.36,KAR (TP),568.31,109316.19
MO,2024-09-11,2024-09-17,48.6,47.07,ZARAR (SL),-318.64,108994.54
MO,2024-12-04,2024-12-11,52.62,50.98,ZARAR (SL),-314.78,108676.76
MO,2025-01-27,2025-01-30,50.79,48.97,ZARAR (SL),-360.34,108313.42
MO,2025-02-18,2025-02-25,50.12,53.21,KAR (TP),613.11,108923.53
MO,2025-02-28,2025-03-10,53.07,56.05,KAR (TP),559.22,109479.75
MO,2025-03-21,2025-03-31,54.73,58.06,KAR (TP),604.82,110081.58
MO,2025-04-01,2025-04-04,56.87,54.24,ZARAR (SL),-465.66,109612.91
MO,2025-05-30,2025-06-10,58.63,56.65,ZARAR (SL),-341.23,109268.69
MO,2025-06-20,2025-07-09,58.8,56.83,ZARAR (SL),-337.73,108927.96
MO,2025-07-29,2025-08-05,58.42,61.53,KAR (TP),529.34,109454.3
MO,2025-09-12,2025-10-28,65.59,63.28,ZARAR (SL),-355.19,109096.11
KR,2024-02-01,2024-02-06,44.73,43.08,ZARAR (SL),-371.23,108720.39
KR,2024-02-16,2024-03-06,45.91,48.66,KAR (TP),595.24,109312.62
KR,2024-03-28,2024-04-08,55.06,53.36,ZARAR (SL),-311.07,108998.55
KR,2024-05-14,2024-05-23,53.56,51.65,ZARAR (SL),-359.37,108636.18
KR,2024-08-02,2024-08-13,52.64,50.97,ZARAR (SL),-319.58,108313.6
KR,2024-09-03,2024-09-09,52.35,50.66,ZARAR (SL),-325.16,107985.44
KR,2024-09-19,2024-10-23,53.45,56.17,KAR (TP),505.85,108488.29
KR,2024-10-24,2024-11-06,55.26,58.29,KAR (TP),545.6,109030.88
KR,2024-11-07,2024-12-12,57.81,62.04,KAR (TP),727.86,109755.74
KR,2024-12-13,2025-01-07,60.82,57.96,ZARAR (SL),-473.51,109279.23
KR,2025-02-25,2025-03-03,64.48,61.94,ZARAR (SL),-397.07,108879.16
KR,2025-03-13,2025-04-03,65.1,69.67,KAR (TP),698.97,109575.12
KR,2025-04-04,2025-04-17,66.17,70.14,KAR (TP),598.37,110170.49
KR,2025-04-21,2025-04-25,71.22,68.94,ZARAR (SL),-322.46,109845.03
KR,2025-06-20,2025-07-08,71.23,69.02,ZARAR (SL),-312.85,109529.18
KR,2025-08-01,2025-08-27,70.62,67.62,ZARAR (SL),-428.25,109097.93
KR,2025-10-22,2025-10-29,68.24,65.69,ZARAR (SL),-376.18,108718.76
KR,2025-11-18,2025-11-24,67.38,64.29,ZARAR (SL),-461.59,108254.16
DG,2024-02-01,2024-02-13,130.6,126.52,ZARAR (SL),-315.45,107935.71
DG,2024-02-27,2024-03-05,138.55,148.68,KAR (TP),728.12,108660.83
DG,2024-03-14,2024-04-03,144.09,152.84,KAR (TP),604.76,109262.58
DG,2024-04-04,2024-04-09,152.71,147.83,ZARAR (SL),-322.46,108937.12
DG,2024-05-16,2024-05-17,141.28,136.98,ZARAR (SL),-307.25,108626.88
DG,2024-05-28,2024-05-30,137.11,123.3,ZARAR (SL),-1010.24,107613.64
DG,2024-06-28,2024-07-03,127.44,120.88,ZARAR (SL),-517.25,107093.38
DG,2024-08-28,2024-08-29,119.89,81.35,ZARAR (SL),-3217.63,103872.75
DG,2024-12-05,2024-12-13,77.61,75.01,ZARAR (SL),-337.17,103532.58
DG,2025-02-07,2025-02-20,71.23,74.81,KAR (TP),499.14,104028.72
DG,2025-02-26,2025-03-03,72.9,70.64,ZARAR (SL),-313.01,103712.7
DG,2025-03-13,2025-03-26,78.56,83.23,KAR (TP),591.12,104300.82
DG,2025-03-27,2025-04-03,86.02,92.77,KAR (TP),781.78,105079.61
DG,2025-04-08,2025-04-17,86.73,92.04,KAR (TP),609.31,105685.92
DG,2025-05-15,2025-05-19,91.96,97.09,KAR (TP),555.13,106238.05
DG,2025-05-20,2025-05-28,101.07,96.69,ZARAR (SL),-436.46,105798.58
DG,2025-06-24,2025-07-17,112.06,108.57,ZARAR (SL),-313.92,105481.66
DG,2025-08-06,2025-08-29,112.64,108.11,ZARAR (SL),-405.4,105073.26
DG,2025-10-15,2025-10-23,106.32,102.99,ZARAR (SL),-316.21,104754.06
DG,2025-11-11,2025-11-19,104.07,99.65,ZARAR (SL),-427.71,104323.34
DG,2025-12-02,2025-12-04,110.03,125.29,KAR (TP),1383.89,105704.24
ADBE,2024-01-31,2024-02-15,617.78,590.44,ZARAR (SL),-445.55,105255.69
ADBE,2024-05-10,2024-05-30,482.29,445.87,ZARAR (SL),-758.15,104494.54
ADBE,2024-06-14,2024-06-28,525.31,555.54,KAR (TP),572.47,105064.01
ADBE,2024-09-06,2024-09-13,563.41,536.87,ZARAR (SL),-474.06,104586.95
ADBE,2024-11-06,2024-11-13,504.83,532.5,KAR (TP),545.11,105129.05
ADBE,2024-11-15,2024-12-04,503.37,536.49,KAR (TP),654.97,105781.02
ADBE,2025-02-10,2025-02-27,451.1,437.19,ZARAR (SL),-311.36,105466.66
ADBE,2025-06-02,2025-06-17,403.4,382.68,ZARAR (SL),-516.63,104947.03
ADBE,2025-09-08,2025-09-15,358.66,347.1,ZARAR (SL),-325.31,104618.72
EL,2024-02-07,2024-02-23,136.44,144.19,KAR (TP),564.89,105179.1
EL,2024-03-11,2024-03-18,148.63,142.74,ZARAR (SL),-399.31,104776.79
EL,2024-03-28,2024-04-03,148.85,141.44,ZARAR (SL),-500.57,104273.22
EL,2025-01-22,2025-01-30,78.32,84.0,KAR (TP),722.22,104992.45
EL,2025-05-16,2025-05-29,64.35,67.81,KAR (TP),534.06,105523.5
EL,2025-05-30,2025-06-10,66.44,69.93,KAR (TP),522.84,106043.34
EL,2025-06-16,2025-06-23,74.03,78.24,KAR (TP),565.44,106605.78
EL,2025-06-24,2025-07-01,76.47,84.47,KAR (TP),1043.07,107645.86
EL,2025-07-24,2025-07-28,86.12,91.82,KAR (TP),659.67,108302.53
EL,2025-07-30,2025-08-06,92.95,89.47,ZARAR (SL),-377.76,107921.77
EL,2025-10-07,2025-10-10,92.33,87.32,ZARAR (SL),-545.73,107373.04
EL,2025-10-21,2025-11-03,98.17,92.9,ZARAR (SL),-539.84,106830.2
EL,2025-12-02,2025-12-05,99.64,105.13,KAR (TP),547.98,107375.19
EL,2025-12-15,2025-12-18,101.03,107.94,KAR (TP),680.96,108053.14
KHC,2024-03-22,2024-04-19,32.64,34.4,KAR (TP),535.35,108585.5
KHC,2024-04-24,2024-05-01,35.12,33.03,ZARAR (SL),-596.73,107985.77
KHC,2024-07-24,2024-07-31,30.44,32.43,KAR (TP),650.55,108633.32
KHC,2024-08-05,2024-10-30,32.42,31.43,ZARAR (SL),-310.66,108319.66
KHC,2025-02-11,2025-02-12,27.91,27.0,ZARAR (SL),-327.54,107989.12
KHC,2025-02-24,2025-03-19,29.59,28.57,ZARAR (SL),-348.29,107637.83
KHC,2025-07-02,2025-07-07,26.25,25.3,ZARAR (SL),-365.16,107269.67
KHC,2025-07-30,2025-07-31,27.64,26.64,ZARAR (SL),-364.53,106902.14
KHC,2025-08-28,2025-09-02,26.81,25.61,ZARAR (SL),-450.87,106448.27
KHC,2025-12-17,2025-12-23,24.75,23.7,ZARAR (SL),-427.24,106018.03
GIS,2024-02-06,2024-02-09,60.38,58.06,ZARAR (SL),-387.08,105627.95
GIS,2024-02-20,2024-03-20,61.26,64.66,KAR (TP),551.88,106176.83
GIS,2024-03-26,2024-04-22,63.64,66.84,KAR (TP),499.63,106673.46
GIS,2024-04-24,2024-05-06,67.26,64.94,ZARAR (SL),-347.92,106322.53
GIS,2024-08-15,2024-08-30,65.19,68.55,KAR (TP),511.91,106831.44
GIS,2024-09-11,2024-10-18,69.34,66.87,ZARAR (SL),-358.98,106469.46
GIS,2024-12-11,2024-12-30,62.63,60.6,ZARAR (SL),-328.19,106138.27
GIS,2025-02-21,2025-03-07,58.91,62.29,KAR (TP),570.77,106706.04
GIS,2025-03-11,2025-03-12,60.2,57.97,ZARAR (SL),-372.0,106331.04
GIS,2025-06-09,2025-06-17,53.48,51.8,ZARAR (SL),-316.87,106011.17
GIS,2025-09-18,2025-10-15,49.23,47.74,ZARAR (SL),-306.07,105702.1
GIS,2025-11-21,2025-12-02,48.33,45.93,ZARAR (SL),-499.59,105199.51
K,2024-02-15,2024-03-14,52.08,50.28,ZARAR (SL),-348.97,104846.05
K,2024-04-19,2024-05-02,54.5,58.2,KAR (TP),676.68,105519.73
K,2024-07-17,2024-07-23,56.51,54.27,ZARAR (SL),-399.95,105116.78
K,2024-10-18,2025-10-07,78.25,82.33,KAR (TP),517.59,105631.37
SYY,2024-01-26,2024-01-30,71.68,77.08,KAR (TP),751.49,106378.36
SYY,2024-02-08,2024-04-12,75.65,72.22,ZARAR (SL),-456.41,105918.95
SYY,2024-05-16,2024-05-22,73.17,69.8,ZARAR (SL),-463.39,105452.57
SYY,2024-06-21,2024-07-01,70.4,67.07,ZARAR (SL),-476.07,104973.49
SYY,2024-07-25,2024-07-30,69.73,73.9,KAR (TP),596.0,105566.49
SYY,2024-07-31,2024-09-19,74.11,71.68,ZARAR (SL),-330.46,105233.03
SYY,2024-10-16,2024-12-04,73.75,78.23,KAR (TP),604.1,105834.13
SYY,2024-12-06,2024-12-17,78.58,75.95,ZARAR (SL),-337.45,105493.68
SYY,2025-02-28,2025-03-13,74.02,71.2,ZARAR (SL),-384.25,105106.43
SYY,2025-04-03,2025-04-04,73.9,70.48,ZARAR (SL),-464.95,104638.48
SYY,2025-04-23,2025-04-28,71.91,69.48,ZARAR (SL),-341.87,104293.61
SYY,2025-05-12,2025-06-23,70.97,74.89,KAR (TP),550.32,104840.93
SYY,2025-06-27,2025-07-18,74.01,77.9,KAR (TP),523.45,105361.38
SYY,2025-07-24,2025-10-28,79.34,75.89,ZARAR (SL),-438.09,104920.28
SYY,2025-11-25,2025-12-03,75.91,73.36,ZARAR (SL),-338.92,104578.36
APO,2024-01-30,2024-02-08,98.72,104.36,KAR (TP),568.85,105142.71
APO,2024-02-28,2024-04-15,109.03,104.92,ZARAR (SL),-379.6,104760.11
APO,2024-05-02,2024-06-10,109.3,116.3,KAR (TP),637.56,105394.67
APO,2024-06-11,2024-07-16,114.29,121.42,KAR (TP),621.63,106013.3
APO,2024-07-30,2024-08-01,120.09,113.56,ZARAR (SL),-546.87,105463.43
APO,2024-09-03,2024-09-09,109.46,105.8,ZARAR (SL),-338.07,105122.36
APO,2024-09-20,2024-10-01,122.41,129.81,KAR (TP),601.92,105721.28
APO,2024-10-31,2024-11-06,140.87,160.94,KAR (TP),1421.68,107139.96
APO,2024-11-07,2024-11-19,157.16,165.92,KAR (TP),554.34,107691.3
APO,2024-11-20,2024-11-25,160.63,172.28,KAR (TP),722.03,108410.33
APO,2024-12-03,2024-12-18,170.6,165.12,ZARAR (SL),-324.39,108082.94
APO,2025-05-08,2025-05-12,131.72,141.86,KAR (TP),767.33,108847.27
APO,2025-06-20,2025-06-27,133.5,141.84,KAR (TP),621.44,109465.71
APO,2025-07-28,2025-08-01,147.58,137.25,ZARAR (SL),-703.07,108759.65
APO,2025-09-17,2025-09-30,138.28,132.75,ZARAR (SL),-402.8,108353.85
APO,2025-11-04,2025-11-17,130.0,124.34,ZARAR (SL),-438.41,107912.44
APO,2025-12-03,2025-12-09,134.5,143.89,KAR (TP),695.14,108604.58
DECK,2024-02-06,2024-02-15,137.56,145.13,KAR (TP),547.31,109148.89
DECK,2024-03-13,2024-04-04,154.61,146.3,ZARAR (SL),-540.27,108605.62
DECK,2024-05-13,2024-05-15,141.78,150.61,KAR (TP),620.16,109222.78
DECK,2024-05-17,2024-05-24,148.09,172.15,KAR (TP),1621.43,110841.2
DECK,2024-08-30,2024-09-03,159.88,149.84,ZARAR (SL),-631.07,110207.13
DECK,2024-10-02,2024-10-04,157.66,166.81,KAR (TP),577.36,110781.5
DECK,2024-10-07,2024-10-22,158.83,154.05,ZARAR (SL),-303.95,110474.55
DECK,2024-12-19,2025-01-23,205.28,218.57,KAR (TP),644.41,111115.95
DECK,2025-01-27,2025-01-30,211.9,223.11,KAR (TP),526.02,111638.98
DECK,2025-05-05,2025-05-08,118.33,125.62,KAR (TP),613.07,112249.05
DECK,2025-05-21,2025-05-23,123.36,101.05,ZARAR (SL),-1811.53,110434.52
DECK,2025-07-01,2025-07-11,105.4,101.73,ZARAR (SL),-351.2,110080.33
DECK,2025-07-21,2025-07-25,105.1,116.85,KAR (TP),1114.98,111192.31
DECK,2025-07-28,2025-07-31,112.39,106.17,ZARAR (SL),-556.43,110632.88
DECK,2025-08-25,2025-08-29,113.03,119.63,KAR (TP),580.92,111210.8
DECK,2025-09-15,2025-09-19,118.66,113.79,ZARAR (SL),-413.42,110794.38
DECK,2025-12-03,2025-12-08,94.97,101.21,KAR (TP),654.05,111445.43
BBY,2024-02-27,2024-03-05,71.91,69.09,ZARAR (SL),-395.11,111045.82
BBY,2024-03-15,2024-03-22,70.97,75.18,KAR (TP),590.84,111633.66
BBY,2024-04-09,2024-04-10,76.0,73.55,ZARAR (SL),-325.23,111305.44
BBY,2024-05-30,2024-06-03,75.08,80.04,KAR (TP),657.95,111960.38
BBY,2024-06-21,2024-06-25,84.07,80.46,ZARAR (SL),-432.2,111525.18
BBY,2024-08-26,2024-08-29,82.67,93.17,KAR (TP),1267.11,112789.29
BBY,2024-09-27,2024-10-03,96.01,92.19,ZARAR (SL),-401.01,112385.28
BBY,2024-11-25,2024-11-26,87.35,83.07,ZARAR (SL),-492.09,111890.19
BBY,2025-01-31,2025-02-14,81.48,86.45,KAR (TP),607.3,112494.49
BBY,2025-02-18,2025-03-03,86.42,82.31,ZARAR (SL),-478.46,112013.03
BBY,2025-05-19,2025-05-29,68.81,63.74,ZARAR (SL),-740.43,111269.6
BBY,2025-06-09,2025-06-13,69.92,66.89,ZARAR (SL),-435.99,110830.61
BBY,2025-07-01,2025-07-16,68.84,65.14,ZARAR (SL),-540.86,110286.75
BBY,2025-08-12,2025-08-19,68.44,72.2,KAR (TP),546.55,110830.29
BBY,2025-08-26,2025-09-08,71.78,75.6,KAR (TP),529.1,111356.39
BBY,2025-10-13,2025-10-21,76.44,81.58,KAR (TP),669.69,112023.09
BBY,2025-10-24,2025-11-04,82.17,78.34,ZARAR (SL),-470.21,111549.87
WHR,2024-03-07,2024-03-27,96.67,105.39,KAR (TP),898.61,112445.48
WHR,2024-05-31,2024-06-04,84.73,81.27,ZARAR (SL),-411.47,112031.02
WHR,2024-06-17,2024-06-25,83.56,79.26,ZARAR (SL),-517.44,111510.57
WHR,2024-07-18,2024-07-23,95.81,92.31,ZARAR (SL),-368.02,111139.55
WHR,2024-09-13,2024-09-24,91.35,95.96,KAR (TP),501.11,111637.66
WHR,2024-09-25,2024-10-23,95.16,91.99,ZARAR (SL),-336.01,111298.65
WHR,2024-11-06,2024-11-13,100.11,105.46,KAR (TP),531.99,111827.64
WHR,2024-11-26,2024-12-05,105.83,102.12,ZARAR (SL),-353.35,111471.29
WHR,2025-06-05,2025-06-10,80.25,86.03,KAR (TP),717.12,112185.41
WHR,2025-09-02,2025-09-08,89.39,94.32,KAR (TP),548.08,112730.49
WHR,2025-09-09,2025-09-15,92.61,88.78,ZARAR (SL),-416.6,112310.89
WHR,2025-11-21,2025-11-25,73.4,77.73,KAR (TP),586.92,112894.81
WHR,2025-12-10,2025-12-16,78.12,75.58,ZARAR (SL),-328.14,112563.66
NWSA,2024-01-30,2024-02-09,24.44,25.66,KAR (TP),497.0,113057.66
NWSA,2024-02-13,2024-04-10,25.38,24.56,ZARAR (SL),-327.49,112727.18
NWSA,2024-05-10,2024-05-16,24.76,26.01,KAR (TP),504.39,113228.57
NWSA,2024-06-07,2024-08-02,26.89,26.01,ZARAR (SL),-330.33,112895.24
NWSA,2024-08-29,2024-09-03,27.55,26.68,ZARAR (SL),-318.98,112573.26
NWSA,2024-10-15,2024-11-05,26.28,27.65,KAR (TP),518.35,113088.61
NWSA,2024-11-18,2024-12-18,28.41,27.48,ZARAR (SL),-328.06,112757.55
NWSA,2025-01-23,2025-02-11,27.67,29.24,KAR (TP),563.92,113318.47
NWSA,2025-05-05,2025-06-24,27.63,29.15,KAR (TP),548.95,113864.42
NWSA,2025-07-15,2025-08-08,29.57,28.42,ZARAR (SL),-390.6,113470.82
NWSA,2025-09-05,2025-09-22,29.34,30.81,KAR (TP),498.05,113965.87
NWSA,2025-11-07,2025-11-17,26.72,25.48,ZARAR (SL),-467.07,113495.79
FOXA,2024-02-05,2024-02-07,30.63,28.74,ZARAR (SL),-620.64,112870.66
FOXA,2024-04-05,2024-05-08,30.53,32.63,KAR (TP),686.88,113554.53
FOXA,2024-05-13,2024-07-09,32.65,34.63,KAR (TP),602.79,114154.32
FOXA,2024-08-06,2024-08-22,38.19,40.12,KAR (TP),502.02,114653.34
FOXA,2024-09-06,2024-09-12,39.93,38.55,ZARAR (SL),-350.31,114300.03
FOXA,2024-09-23,2024-11-05,40.72,43.19,KAR (TP),602.69,114899.72
FOXA,2024-11-07,2024-11-14,44.25,47.04,KAR (TP),626.06,115522.78
FOXA,2024-11-15,2024-12-17,45.21,48.61,KAR (TP),748.53,116268.32
FOXA,2024-12-18,2025-01-21,48.97,47.45,ZARAR (SL),-312.53,115952.79
FOXA,2025-02-25,2025-03-10,56.38,53.87,ZARAR (SL),-447.36,115502.43
FOXA,2025-05-30,2025-08-13,54.69,58.85,KAR (TP),757.83,116257.26
FOXA,2025-08-14,2025-08-18,59.62,57.31,ZARAR (SL),-390.38,115863.89
FOXA,2025-09-04,2025-09-09,60.81,58.64,ZARAR (SL),-359.85,115501.04
FOXA,2025-09-19,2025-10-10,60.62,57.27,ZARAR (SL),-555.62,114942.41
FOXA,2025-11-17,2025-12-04,64.55,67.79,KAR (TP),498.94,115438.35
HAS,2024-01-26,2024-02-26,46.89,45.28,ZARAR (SL),-347.03,115088.32
HAS,2024-04-03,2024-04-24,51.58,60.5,KAR (TP),1726.8,116812.12
HAS,2024-05-20,2024-05-31,58.39,56.23,ZARAR (SL),-373.49,116435.63
HAS,2024-06-14,2024-06-25,57.85,55.87,ZARAR (SL),-344.46,116088.16
HAS,2024-07-16,2024-07-19,58.43,55.5,ZARAR (SL),-505.25,115579.91
HAS,2024-07-31,2024-08-23,60.63,64.67,KAR (TP),662.61,116239.52
HAS,2024-09-06,2024-09-17,63.22,66.95,KAR (TP),586.47,116822.99
HAS,2024-09-18,2024-10-24,67.65,62.84,ZARAR (SL),-714.07,116105.92
HAS,2024-11-29,2024-12-13,62.65,59.39,ZARAR (SL),-523.34,115579.58
HAS,2025-01-27,2025-02-03,56.48,54.47,ZARAR (SL),-358.87,115217.72
HAS,2025-02-18,2025-02-20,58.9,66.41,KAR (TP),1272.1,116486.82
HAS,2025-02-27,2025-03-04,63.48,60.08,ZARAR (SL),-537.5,115946.32
HAS,2025-06-10,2025-06-24,67.62,71.28,KAR (TP),538.76,116482.07
HAS,2025-06-30,2025-07-02,72.5,76.82,KAR (TP),593.04,117072.12
HAS,2025-07-22,2025-07-24,76.18,73.71,ZARAR (SL),-327.87,116741.25
HAS,2025-10-21,2025-11-12,74.14,78.4,KAR (TP),571.64,117309.89
HAS,2025-11-21,2025-12-11,79.2,83.96,KAR (TP),598.01,117904.9
MAT,2024-02-02,2024-03-11,19.02,20.12,KAR (TP),575.34,118475.73
MAT,2024-03-12,2024-03-14,20.27,19.27,ZARAR (SL),-496.34,117976.39
MAT,2024-05-08,2024-05-22,18.75,17.88,ZARAR (SL),-467.0,117506.39
MAT,2024-07-23,2024-07-24,17.24,18.93,KAR (TP),977.28,118480.67
MAT,2024-09-19,2024-09-25,19.54,18.77,ZARAR (SL),-397.06,118080.61
MAT,2024-10-11,2024-10-17,19.22,18.64,ZARAR (SL),-304.77,117772.84
MAT,2024-10-28,2024-11-06,19.72,18.8,ZARAR (SL),-469.53,117300.31
MAT,2025-01-27,2025-02-03,18.58,17.78,ZARAR (SL),-433.57,116863.74
MAT,2025-02-21,2025-03-04,21.15,20.45,ZARAR (SL),-333.97,116526.77
MAT,2025-06-24,2025-07-02,19.46,20.55,KAR (TP),557.12,117080.89
MAT,2025-07-08,2025-07-15,20.09,19.48,ZARAR (SL),-306.63,116771.26
MAT,2025-10-21,2025-11-21,18.82,19.83,KAR (TP),533.66,117301.92
MAT,2025-11-25,2025-12-19,20.76,20.07,ZARAR (SL),-335.37,116963.55
HOG,2024-02-07,2024-02-09,32.93,35.13,KAR (TP),665.79,117626.34
HOG,2024-02-13,2024-03-05,35.08,37.67,KAR (TP),735.91,118359.25
HOG,2024-03-11,2024-03-15,37.38,39.28,KAR (TP),504.43,118860.68
HOG,2024-04-05,2024-04-11,40.32,38.9,ZARAR (SL),-357.0,118500.68
HOG,2024-06-03,2024-06-04,35.39,33.52,ZARAR (SL),-530.88,117966.8
HOG,2024-07-11,2024-07-16,32.75,34.98,KAR (TP),676.01,118639.81
HOG,2024-07-17,2024-07-19,34.82,33.33,ZARAR (SL),-431.53,118205.28
HOG,2024-07-31,2024-08-02,36.1,34.46,ZARAR (SL),-459.0,117743.28
HOG,2024-08-28,2024-09-06,36.38,35.11,ZARAR (SL),-352.3,117387.98
HOG,2024-09-16,2024-10-02,36.72,35.26,ZARAR (SL),-398.15,116986.83
HOG,2024-11-22,2024-12-16,32.45,31.11,ZARAR (SL),-415.56,116568.27
HOG,2025-03-10,2025-03-11,26.57,25.41,ZARAR (SL),-437.78,116127.49
HOG,2025-05-02,2025-05-12,23.01,24.33,KAR (TP),566.97,116691.46
HOG,2025-05-19,2025-05-23,24.82,23.79,ZARAR (SL),-417.2,116271.26
HOG,2025-07-01,2025-07-15,24.71,23.67,ZARAR (SL),-422.16,115846.09
HOG,2025-07-25,2025-07-28,24.25,23.24,ZARAR (SL),-421.87,115421.23
HOG,2025-08-13,2025-08-25,27.06,28.45,KAR (TP),510.85,115929.07
HOG,2025-09-17,2025-09-19,29.55,28.09,ZARAR (SL),-496.45,115429.62
HOG,2025-11-03,2025-11-04,26.89,25.16,ZARAR (SL),-648.52,114778.1
GT,2024-01-26,2024-01-30,14.67,14.19,ZARAR (SL),-330.2,114444.9
GT,2024-03-14,2024-03-20,12.39,13.15,KAR (TP),610.4,115052.3
GT,2024-07-16,2024-07-30,11.95,11.59,ZARAR (SL),-304.25,114745.04
GT,2024-10-02,2024-10-03,8.56,8.15,ZARAR (SL),-481.97,114260.07
GT,2024-10-18,2024-10-21,8.68,8.25,ZARAR (SL),-498.39,113758.68
GT,2024-11-05,2024-11-07,9.23,9.83,KAR (TP),647.05,114402.73
GT,2024-11-25,2024-11-29,10.13,10.74,KAR (TP),599.17,114998.91
GT,2024-12-05,2024-12-16,9.99,9.47,ZARAR (SL),-523.52,114472.39
GT,2025-01-17,2025-01-29,9.38,9.07,ZARAR (SL),-333.49,114135.89
GT,2025-02-14,2025-02-18,9.58,10.34,KAR (TP),790.32,114923.21
GT,2025-03-07,2025-03-11,9.79,9.38,ZARAR (SL),-421.79,114498.42
GT,2025-03-31,2025-04-01,9.24,8.94,ZARAR (SL),-327.68,114167.74
GT,2025-04-11,2025-04-22,9.67,10.45,KAR (TP),803.62,114968.36
GT,2025-05-12,2025-05-19,10.97,10.64,ZARAR (SL),-303.82,114661.54
GT,2025-06-09,2025-06-12,11.78,11.2,ZARAR (SL),-495.36,114163.18
GT,2025-07-07,2025-07-08,10.89,11.55,KAR (TP),603.06,114763.24
GT,2025-07-21,2025-07-29,11.01,10.45,ZARAR (SL),-511.63,114248.61
GT,2025-09-10,2025-09-23,8.56,8.24,ZARAR (SL),-376.83,113868.78
GT,2025-11-18,2025-11-25,7.86,8.42,KAR (TP),709.47,114575.25
GT,2025-11-26,2025-12-10,8.44,8.94,KAR (TP),589.42,115161.67
TPR,2024-01-26,2024-02-06,37.23,39.17,KAR (TP),517.91,115675.08
TPR,2024-05-13,2024-05-31,39.8,41.86,KAR (TP),514.53,116186.61
TPR,2024-06-06,2024-06-14,41.92,40.57,ZARAR (SL),-324.76,115858.85
TPR,2024-06-28,2024-07-02,41.52,39.34,ZARAR (SL),-528.82,115327.03
TPR,2024-07-12,2024-07-15,42.6,41.22,ZARAR (SL),-326.46,114997.57
TPR,2024-09-03,2024-09-17,40.34,42.36,KAR (TP),497.21,115491.78
TPR,2024-09-20,2024-09-24,41.66,44.43,KAR (TP),661.79,116150.57
TPR,2024-10-07,2024-10-22,44.71,42.99,ZARAR (SL),-386.1,115761.47
TPR,2024-11-04,2024-11-07,47.53,50.45,KAR (TP),612.73,116371.2
TPR,2024-12-06,2024-12-26,61.26,65.13,KAR (TP),628.33,116996.52
TPR,2025-01-14,2025-01-17,66.59,70.26,KAR (TP),548.28,117541.81
TPR,2025-01-27,2025-02-06,71.36,80.89,KAR (TP),1333.37,118872.18
TPR,2025-02-07,2025-02-12,79.1,83.78,KAR (TP),587.94,119457.12
TPR,2025-02-25,2025-03-04,82.7,79.98,ZARAR (SL),-331.45,119122.66
TPR,2025-05-27,2025-05-29,79.96,77.53,ZARAR (SL),-307.08,118812.58
TPR,2025-06-16,2025-07-03,83.65,89.55,KAR (TP),701.96,119511.54
TPR,2025-08-01,2025-08-04,105.54,111.08,KAR (TP),521.88,120030.42
TPR,2025-08-07,2025-08-14,107.69,95.0,ZARAR (SL),-1182.02,118845.41
TPR,2025-09-30,2025-10-10,112.83,107.84,ZARAR (SL),-444.62,118397.79
TPR,2025-10-22,2025-10-30,114.93,110.98,ZARAR (SL),-346.36,118048.43
TTC,2024-03-04,2024-03-07,90.99,85.3,ZARAR (SL),-628.73,117416.7
TTC,2024-04-30,2024-05-15,84.72,89.02,KAR (TP),503.91,117917.6
TTC,2024-05-20,2024-05-21,87.05,83.41,ZARAR (SL),-421.89,117492.72
TTC,2024-06-06,2024-06-07,88.13,92.84,KAR (TP),531.52,118021.23
TTC,2024-06-10,2024-06-25,93.35,88.07,ZARAR (SL),-568.8,117449.43
TTC,2024-07-17,2024-07-23,96.54,93.09,ZARAR (SL),-361.01,117085.43
TTC,2024-09-04,2024-09-05,88.35,79.44,ZARAR (SL),-1011.79,116070.64
TTC,2024-10-03,2024-10-04,84.91,81.87,ZARAR (SL),-360.1,115707.54
TTC,2024-11-06,2024-11-14,82.72,80.04,ZARAR (SL),-327.1,115377.43
TTC,2024-11-25,2024-12-18,85.07,79.4,ZARAR (SL),-669.97,114704.46
TTC,2025-01-29,2025-02-03,82.5,78.97,ZARAR (SL),-431.59,114269.87
TTC,2025-05-07,2025-05-12,68.35,74.63,KAR (TP),916.05,115182.92
TTC,2025-05-21,2025-06-06,73.72,67.45,ZARAR (SL),-852.47,114327.45
TTC,2025-07-28,2025-08-22,73.76,78.32,KAR (TP),615.79,114940.24
TTC,2025-08-29,2025-09-10,80.25,77.71,ZARAR (SL),-320.05,114617.19
TTC,2025-12-10,2025-12-17,72.96,80.03,KAR (TP),965.23,115579.42
VFC,2024-02-12,2024-02-13,16.69,15.73,ZARAR (SL),-576.4,114998.52
VFC,2024-05-13,2024-05-20,12.34,11.85,ZARAR (SL),-393.02,114602.5
VFC,2024-05-31,2024-06-20,12.78,13.47,KAR (TP),541.28,115140.78
VFC,2024-06-21,2024-06-27,13.86,13.37,ZARAR (SL),-359.39,114778.39
VFC,2024-07-16,2024-07-17,13.77,15.64,KAR (TP),1354.24,116129.63
VFC,2024-07-18,2024-07-31,15.53,16.43,KAR (TP),577.16,116703.79
VFC,2024-08-05,2024-08-07,15.57,17.05,KAR (TP),949.08,117649.88
VFC,2024-08-28,2024-09-06,17.68,17.12,ZARAR (SL),-315.33,117331.55
VFC,2024-09-18,2024-09-23,18.61,17.87,ZARAR (SL),-400.7,116927.85
VFC,2024-10-07,2024-10-21,19.32,17.7,ZARAR (SL),-839.69,116085.16
VFC,2024-10-31,2024-11-13,20.16,19.47,ZARAR (SL),-345.83,115736.33
VFC,2024-12-16,2025-01-10,21.14,22.28,KAR (TP),538.17,116271.5
VFC,2025-01-13,2025-01-21,22.5,24.25,KAR (TP),774.92,117043.42
VFC,2025-02-03,2025-02-10,24.07,23.14,ZARAR (SL),-388.87,116651.55
VFC,2025-05-27,2025-05-29,13.31,12.62,ZARAR (SL),-519.6,116128.95
VFC,2025-07-01,2025-07-10,12.11,12.79,KAR (TP),560.73,116686.67
VFC,2025-07-17,2025-07-22,12.16,12.88,KAR (TP),590.98,117274.65
VFC,2025-07-23,2025-07-24,13.28,12.54,ZARAR (SL),-561.45,116710.2
VFC,2025-08-04,2025-08-05,12.44,11.92,ZARAR (SL),-424.3,116282.9
VFC,2025-09-15,2025-10-08,14.64,13.94,ZARAR (SL),-478.87,115801.03
VFC,2025-10-24,2025-10-28,16.23,14.51,ZARAR (SL),-1063.7,114734.33
VFC,2025-12-16,2025-12-18,19.02,18.36,ZARAR (SL),-350.0,114381.33
HBI,2024-01-29,2024-02-05,4.63,4.43,ZARAR (SL),-434.97,113943.37
HBI,2024-02-20,2024-02-23,4.54,4.81,KAR (TP),591.71,114532.08
HBI,2024-02-26,2024-02-27,4.86,5.14,KAR (TP),573.13,115102.21
HBI,2024-02-29,2024-03-15,5.4,5.68,KAR (TP),515.52,115614.73
HBI,2024-05-10,2024-05-28,4.96,4.78,ZARAR (SL),-365.9,115245.83
HBI,2024-06-12,2024-06-20,5.06,4.66,ZARAR (SL),-793.51,114449.31
HBI,2024-07-15,2024-07-17,5.04,5.49,KAR (TP),889.86,115336.17
HBI,2024-07-18,2024-07-26,5.42,6.14,KAR (TP),1325.41,116658.58
HBI,2024-07-31,2024-08-01,5.94,5.74,ZARAR (SL),-339.7,116315.88
HBI,2024-09-06,2024-09-10,6.32,6.1,ZARAR (SL),-351.1,115961.78
HBI,2024-09-23,2024-09-26,6.7,7.15,KAR (TP),668.64,116627.42
HBI,2024-11-07,2024-11-08,8.38,8.0,ZARAR (SL),-456.46,116167.96
HBI,2024-11-25,2024-12-02,8.45,8.91,KAR (TP),541.38,116706.34
HBI,2024-12-03,2024-12-09,8.67,8.37,ZARAR (SL),-349.02,116354.32
HBI,2025-01-21,2025-01-29,8.33,8.07,ZARAR (SL),-315.13,116036.19
HBI,2025-05-14,2025-05-22,5.21,5.04,ZARAR (SL),-329.3,115703.9
HBI,2025-07-23,2025-07-24,4.73,4.58,ZARAR (SL),-320.12,115380.77
HBI,2025-08-08,2025-08-12,4.84,6.18,KAR (TP),2765.59,118143.37
HBI,2025-09-19,2025-10-01,6.44,6.77,KAR (TP),509.42,118649.79
HBI,2025-10-10,2025-11-04,6.74,6.47,ZARAR (SL),-403.59,118243.2
KSS,2024-02-29,2024-03-07,24.17,23.27,ZARAR (SL),-376.16,117864.03
KSS,2024-03-27,2024-04-03,25.17,23.82,ZARAR (SL),-540.98,117320.06
KSS,2024-05-09,2024-05-13,21.21,22.94,KAR (TP),815.03,118132.09
KSS,2024-05-14,2024-05-15,23.66,22.71,ZARAR (SL),-403.3,117725.79
KSS,2024-07-11,2024-07-15,20.62,19.79,ZARAR (SL),-406.69,117316.1
KSS,2024-07-31,2024-08-01,19.6,19.01,ZARAR (SL),-303.09,117010.01
KSS,2024-09-03,2024-09-11,18.37,17.71,ZARAR (SL),-361.49,116645.52
KSS,2024-09-24,2024-09-27,18.34,19.4,KAR (TP),573.92,117216.44
KSS,2024-10-21,2024-10-23,19.45,18.0,ZARAR (SL),-747.63,116465.81
KSS,2025-05-12,2025-05-13,7.37,7.85,KAR (TP),644.29,117107.1
KSS,2025-05-16,2025-05-20,8.34,8.08,ZARAR (SL),-306.74,116797.36
KSS,2025-05-30,2025-06-05,7.92,8.35,KAR (TP),538.21,117332.57
KSS,2025-06-27,2025-07-01,8.33,9.04,KAR (TP),850.08,118179.65
KSS,2025-07-23,2025-07-24,12.14,13.46,KAR (TP),1078.3,119254.95
KSS,2025-08-26,2025-08-27,12.87,15.96,KAR (TP),2397.31,121649.26
KSS,2025-09-17,2025-09-25,17.15,15.96,ZARAR (SL),-693.26,120953.0
KSS,2025-11-05,2025-11-06,17.45,16.66,ZARAR (SL),-453.4,120496.6
KSS,2025-11-25,2025-11-26,22.3,23.97,KAR (TP),746.33,121239.93
KSS,2025-12-03,2025-12-22,22.85,21.84,ZARAR (SL),-443.9,120793.03
ULTA,2024-01-26,2024-02-08,493.59,519.12,KAR (TP),514.23,121304.26
ULTA,2024-03-11,2024-03-19,548.56,529.08,ZARAR (SL),-358.11,120943.15
ULTA,2024-07-08,2024-07-24,395.82,369.61,ZARAR (SL),-665.17,120274.98
ULTA,2024-08-21,2024-08-28,380.92,366.82,ZARAR (SL),-373.16,119898.82
ULTA,2024-09-10,2024-09-17,373.5,397.0,KAR (TP),626.18,120522.01
ULTA,2024-09-30,2024-10-02,389.12,373.88,ZARAR (SL),-394.65,120124.35
ULTA,2024-11-06,2024-11-15,387.53,365.17,ZARAR (SL),-579.99,119541.37
ULTA,2024-12-02,2024-12-06,394.06,428.17,KAR (TP),862.6,120400.97
ULTA,2024-12-20,2025-01-08,430.01,415.14,ZARAR (SL),-348.81,120049.16
ULTA,2025-04-03,2025-04-07,367.76,342.93,ZARAR (SL),-678.17,119368.0
ULTA,2025-05-20,2025-05-30,414.4,471.46,KAR (TP),1373.93,120738.93
ULTA,2025-06-20,2025-06-25,473.85,459.09,ZARAR (SL),-314.49,120421.43
ULTA,2025-07-08,2025-07-23,483.21,508.1,KAR (TP),512.1,120930.53
ULTA,2025-08-01,2025-08-27,507.73,533.81,KAR (TP),510.66,121438.19
ULTA,2025-08-28,2025-08-29,530.63,492.73,ZARAR (SL),-717.25,120717.95
ULTA,2025-10-07,2025-10-15,556.77,538.49,ZARAR (SL),-331.32,120383.62
ULTA,2025-11-25,2025-12-01,521.02,547.64,KAR (TP),507.92,120888.54
ULTA,2025-12-02,2025-12-05,548.05,601.5,KAR (TP),972.28,121857.82
XOM,2024-01-26,2024-03-07,96.08,101.08,KAR (TP),518.15,122371.47
XOM,2024-04-16,2024-05-23,111.74,107.73,ZARAR (SL),-361.75,122006.72
XOM,2024-06-28,2024-07-09,109.26,105.29,ZARAR (SL),-366.1,121637.62
XOM,2024-07-19,2024-09-10,110.16,106.03,ZARAR (SL),-378.45,121256.17
XOM,2024-09-20,2024-10-02,110.28,116.26,KAR (TP),539.2,121792.38
XOM,2024-10-15,2024-10-30,115.14,111.64,ZARAR (SL),-307.11,121482.27
XOM,2024-11-13,2024-12-04,116.21,110.23,ZARAR (SL),-517.61,120961.66
XOM,2025-01-21,2025-01-28,107.52,104.22,ZARAR (SL),-310.71,120647.95
XOM,2025-02-20,2025-03-03,109.0,104.87,ZARAR (SL),-381.57,120263.38
XOM,2025-03-17,2025-04-04,110.71,101.55,ZARAR (SL),-831.06,119429.32
XOM,2025-05-08,2025-06-05,103.23,100.02,ZARAR (SL),-314.32,119112.01
XOM,2025-06-24,2025-07-08,106.41,112.16,KAR (TP),536.97,119645.97
XOM,2025-07-29,2025-08-04,110.87,105.46,ZARAR (SL),-491.13,119151.84
XOM,2025-09-08,2025-09-25,108.9,114.59,KAR (TP),519.53,119668.38
CVX,2024-01-30,2024-03-19,137.54,145.06,KAR (TP),543.83,120207.7
CVX,2024-04-04,2024-06-12,148.83,144.28,ZARAR (SL),-308.72,119895.98
CVX,2024-06-24,2024-07-05,149.05,144.37,ZARAR (SL),-316.85,119576.13
CVX,2024-07-31,2024-08-01,150.13,142.79,ZARAR (SL),-492.19,119080.94
CVX,2024-10-25,2024-11-13,142.67,150.16,KAR (TP),521.5,119599.44
CVX,2025-02-27,2025-03-05,151.39,145.73,ZARAR (SL),-377.03,119219.4
CVX,2025-03-18,2025-04-04,155.39,138.45,ZARAR (SL),-1093.11,118123.3
CVX,2025-06-02,2025-06-11,134.82,141.6,KAR (TP),500.48,118620.78
CVX,2025-06-24,2025-07-08,140.4,149.88,KAR (TP),672.03,119289.8
CVX,2025-07-14,2025-08-22,148.32,156.43,KAR (TP),543.71,119830.52
CVX,2025-08-26,2025-10-09,155.62,149.97,ZARAR (SL),-366.5,119461.02
CVX,2025-10-29,2025-11-25,153.39,148.53,ZARAR (SL),-319.64,119138.37
BRK.B,2024-01-29,2024-02-15,383.18,403.45,KAR (TP),525.99,119661.37
BRK.B,2024-02-27,2024-07-15,408.91,434.42,KAR (TP),620.85,120279.22
BRK.B,2024-07-31,2024-08-05,438.5,413.72,ZARAR (SL),-568.11,119708.11
BRK.B,2024-09-06,2024-11-04,459.42,442.29,ZARAR (SL),-375.86,119329.25
BRK.B,2024-11-15,2024-12-16,470.28,455.2,ZARAR (SL),-323.66,119002.59
BRK.B,2025-01-15,2025-02-18,458.51,482.82,KAR (TP),527.2,119526.79
BRK.B,2025-02-21,2025-02-28,478.74,513.83,KAR (TP),729.97,120253.75
BRK.B,2025-03-04,2025-03-17,495.86,523.01,KAR (TP),544.53,120795.29
BRK.B,2025-03-21,2025-04-04,521.91,493.54,ZARAR (SL),-546.58,120245.71
BRK.B,2025-08-15,2025-08-29,477.2,502.98,KAR (TP),537.23,120779.94
BRK.B,2025-09-08,2025-10-29,493.78,475.76,ZARAR (SL),-367.94,120409.0
LMT,2024-02-29,2024-03-27,408.34,435.55,KAR (TP),663.45,121067.95
LMT,2024-04-10,2024-06-24,430.72,452.63,KAR (TP),505.72,121570.67
LMT,2024-06-28,2024-07-23,448.4,481.22,KAR (TP),728.96,122296.63
LMT,2024-08-30,2024-10-01,545.35,584.84,KAR (TP),721.14,123014.76
LMT,2024-10-18,2024-10-22,590.59,556.97,ZARAR (SL),-572.29,122439.47
LMT,2025-01-21,2025-01-28,491.79,444.35,ZARAR (SL),-967.66,121468.8
LMT,2025-03-05,2025-03-21,450.54,430.26,ZARAR (SL),-453.02,121012.78
LMT,2025-04-09,2025-06-04,452.32,475.11,KAR (TP),500.88,121510.66
LMT,2025-06-13,2025-06-16,479.29,460.18,ZARAR (SL),-401.6,121106.06
LMT,2025-08-26,2025-09-22,448.75,476.77,KAR (TP),621.31,121724.37
LMT,2025-10-15,2025-11-05,495.65,469.57,ZARAR (SL),-529.02,121192.35
RTX,2024-03-11,2024-03-26,88.25,92.75,KAR (TP),506.85,121694.69
RTX,2024-04-19,2024-05-22,98.06,103.26,KAR (TP),527.68,122219.37
RTX,2024-05-31,2024-06-14,104.72,101.24,ZARAR (SL),-335.07,121881.31
RTX,2024-07-23,2024-07-25,101.96,110.21,KAR (TP),806.76,122685.06
RTX,2024-09-05,2024-10-16,116.83,123.25,KAR (TP),546.98,123229.05
RTX,2024-10-21,2024-10-30,122.94,119.0,ZARAR (SL),-323.89,122902.16
RTX,2025-01-13,2025-01-21,115.59,123.45,KAR (TP),677.31,123576.47
RTX,2025-02-10,2025-02-14,125.9,120.17,ZARAR (SL),-458.36,123115.11
RTX,2025-02-25,2025-03-03,125.64,132.05,KAR (TP),506.66,123618.77
RTX,2025-03-05,2025-04-04,127.91,115.88,ZARAR (SL),-943.3,122672.47
RTX,2025-05-23,2025-06-05,131.25,137.92,KAR (TP),504.74,123174.22
RTX,2025-06-09,2025-06-17,139.81,147.25,KAR (TP),528.99,123700.21
RTX,2025-06-23,2025-06-25,144.6,140.21,ZARAR (SL),-306.82,123390.39
RTX,2025-07-22,2025-07-25,147.93,155.58,KAR (TP),513.86,123901.25
RTX,2025-08-05,2025-09-29,155.03,162.99,KAR (TP),510.06,124408.31
RTX,2025-10-21,2025-12-15,172.36,182.11,KAR (TP),562.75,124968.06
RTX,2025-12-17,2025-12-24,177.2,186.38,KAR (TP),515.06,125480.12
BA,2024-02-28,2024-03-01,207.0,200.0,ZARAR (SL),-341.16,125135.95
BA,2024-06-03,2024-06-14,184.57,177.27,ZARAR (SL),-398.51,124734.44
BA,2024-06-27,2024-08-02,182.51,169.95,ZARAR (SL),-691.18,124040.26
BA,2024-10-21,2024-10-25,159.82,155.01,ZARAR (SL),-303.96,123733.29
BA,2024-12-09,2024-12-11,157.04,165.96,KAR (TP),565.01,124295.3
BA,2025-01-02,2025-01-15,171.87,166.2,ZARAR (SL),-332.9,123959.4
BA,2025-02-20,2025-02-26,180.88,173.04,ZARAR (SL),-436.44,123519.96
BA,2025-03-21,2025-03-31,178.11,170.55,ZARAR (SL),-427.46,123089.51
BA,2025-06-09,2025-06-12,217.51,203.75,ZARAR (SL),-635.61,122450.89
BA,2025-06-27,2025-07-09,214.55,226.6,KAR (TP),558.64,123006.53
BA,2025-08-12,2025-08-19,232.61,225.0,ZARAR (SL),-330.16,122673.38
BA,2025-09-02,2025-09-05,237.38,229.61,ZARAR (SL),-330.32,122340.05
BA,2025-10-28,2025-10-29,223.33,213.58,ZARAR (SL),-439.57,121897.48
BA,2025-12-02,2025-12-10,205.38,198.72,ZARAR (SL),-327.28,121567.2
HON,2024-02-22,2024-04-16,181.35,173.18,ZARAR (SL),-453.26,121110.94
HON,2024-05-13,2024-06-18,185.06,194.32,KAR (TP),497.35,121605.29
HON,2024-06-28,2024-07-25,194.93,184.81,ZARAR (SL),-522.34,121079.95
HON,2024-08-23,2024-10-09,185.85,196.14,KAR (TP),551.13,121628.08
HON,2024-11-06,2024-11-12,198.62,214.69,KAR (TP),806.15,122431.22
HON,2024-12-16,2024-12-18,217.68,209.25,ZARAR (SL),-390.29,122037.94
HON,2025-02-05,2025-02-06,205.09,193.53,ZARAR (SL),-566.53,121468.41
HON,2025-03-26,2025-04-03,197.63,191.66,ZARAR (SL),-305.18,121160.23
HON,2025-05-05,2025-05-19,198.68,209.65,KAR (TP),549.59,121706.83
HON,2025-05-29,2025-07-01,209.89,222.54,KAR (TP),600.05,122303.87
HON,2025-07-18,2025-07-24,220.47,209.23,ZARAR (SL),-512.85,121788.02
HON,2025-08-26,2025-09-03,208.52,200.5,ZARAR (SL),-387.62,121397.41
HON,2025-10-23,2025-10-29,206.74,199.46,ZARAR (SL),-355.56,121038.84
MMM,2024-03-05,2024-03-12,74.74,79.6,KAR (TP),647.56,121681.9
MMM,2024-04-30,2024-05-16,93.07,101.12,KAR (TP),862.19,122541.09
MMM,2024-05-31,2024-07-26,97.24,123.48,KAR (TP),2695.22,125233.32
MMM,2024-09-03,2024-09-26,127.75,136.13,KAR (TP),653.48,125883.79
MMM,2024-11-25,2024-12-18,127.91,123.2,ZARAR (SL),-370.56,125510.23
MMM,2025-01-08,2025-01-21,132.04,144.17,KAR (TP),915.76,126422.99
MMM,2025-02-28,2025-03-04,153.0,143.86,ZARAR (SL),-599.96,125820.03
MMM,2025-03-21,2025-03-28,148.3,142.86,ZARAR (SL),-370.12,125446.91
MMM,2025-05-14,2025-06-13,145.86,141.06,ZARAR (SL),-331.85,125112.07
MMM,2025-06-27,2025-07-30,150.67,145.32,ZARAR (SL),-358.22,124750.85
MMM,2025-08-29,2025-10-10,154.86,148.11,ZARAR (SL),-438.93,124308.92
MMM,2025-10-20,2025-10-21,154.12,165.93,KAR (TP),763.25,125069.17
MMM,2025-10-22,2025-11-03,166.51,161.5,ZARAR (SL),-304.38,124761.79
MMM,2025-11-13,2025-11-20,169.89,164.61,ZARAR (SL),-313.79,124445.0
GE,2024-01-30,2024-02-13,105.71,111.89,KAR (TP),582.38,125024.38
GE,2024-03-28,2024-04-04,138.54,145.76,KAR (TP),518.26,125539.64
GE,2024-04-23,2024-06-13,161.11,154.24,ZARAR (SL),-429.15,125107.49
GE,2024-07-16,2024-07-17,161.61,155.47,ZARAR (SL),-383.1,124721.39
GE,2024-09-12,2024-09-13,168.41,176.92,KAR (TP),502.6,125220.99
GE,2024-09-16,2024-10-11,180.06,189.98,KAR (TP),548.32,125766.31
GE,2024-10-21,2024-10-22,193.04,175.57,ZARAR (SL),-907.6,124855.71
GE,2024-11-25,2024-12-05,179.1,171.85,ZARAR (SL),-408.08,124444.62
GE,2025-01-13,2025-01-15,170.79,179.47,KAR (TP),505.25,124946.87
GE,2025-01-16,2025-01-23,178.93,199.89,KAR (TP),1168.69,126112.56
GE,2025-02-28,2025-03-04,206.04,197.87,ZARAR (SL),-399.66,125709.91
GE,2025-03-21,2025-04-03,203.58,187.13,ZARAR (SL),-811.31,124895.6
GE,2025-06-10,2025-06-27,241.35,253.83,KAR (TP),513.94,125406.54
GE,2025-06-30,2025-07-01,256.7,248.35,ZARAR (SL),-328.19,125075.35
GE,2025-07-11,2025-07-25,255.11,271.26,KAR (TP),630.08,125702.43
GE,2025-08-26,2025-09-16,273.61,292.61,KAR (TP),691.68,126391.1
GE,2025-09-17,2025-09-23,289.15,305.26,KAR (TP),554.17,126942.27
GE,2025-09-24,2025-11-20,299.93,290.62,ZARAR (SL),-313.52,126625.75
GD,2024-01-26,2024-03-19,255.94,270.07,KAR (TP),548.93,127170.18
GD,2024-04-09,2024-09-09,278.89,294.07,KAR (TP),541.31,127708.49
GD,2024-09-11,2024-11-11,292.15,307.59,KAR (TP),525.49,128230.97
GD,2025-01-16,2025-01-29,263.42,247.7,ZARAR (SL),-599.84,127628.14
GD,2025-03-05,2025-04-04,259.04,246.28,ZARAR (SL),-495.47,127129.67
GD,2025-04-16,2025-04-23,274.01,263.22,ZARAR (SL),-397.03,126729.64
GD,2025-05-15,2025-07-01,275.88,291.6,KAR (TP),566.82,127293.46
GD,2025-07-18,2025-07-23,297.67,315.55,KAR (TP),597.71,127888.17
GD,2025-07-30,2025-09-11,310.81,328.18,KAR (TP),555.65,128440.82
GD,2025-09-16,2025-10-03,324.97,342.12,KAR (TP),524.57,128962.39
CAT,2024-01-26,2024-02-02,291.66,306.92,KAR (TP),520.0,129477.89
CAT,2024-02-29,2024-03-18,325.3,342.77,KAR (TP),534.19,130009.08
CAT,2024-04-08,2024-04-16,363.78,350.55,ZARAR (SL),-366.88,129639.19
CAT,2024-05-23,2024-05-29,342.85,330.54,ZARAR (SL),-362.0,129274.19
CAT,2024-07-15,2024-08-01,338.03,325.42,ZARAR (SL),-376.08,128895.12
CAT,2024-09-17,2024-09-19,347.18,366.44,KAR (TP),551.72,129443.84
CAT,2024-09-20,2024-09-26,362.03,383.77,KAR (TP),597.29,130038.13
CAT,2024-10-14,2024-10-30,386.7,373.6,ZARAR (SL),-341.81,129693.32
CAT,2024-11-25,2024-12-10,399.62,382.61,ZARAR (SL),-428.49,129261.83
CAT,2025-01-17,2025-01-23,380.28,401.82,KAR (TP),563.55,129822.38
CAT,2025-01-27,2025-01-30,390.53,370.76,ZARAR (SL),-509.35,129310.02
CAT,2025-05-30,2025-06-23,345.77,363.85,KAR (TP),519.94,129826.97
CAT,2025-08-01,2025-08-11,427.46,407.37,ZARAR (SL),-473.04,129350.93
CAT,2025-08-22,2025-08-29,434.42,417.84,ZARAR (SL),-384.71,128963.22
CAT,2025-09-11,2025-09-18,430.14,465.62,KAR (TP),821.79,129782.01
CAT,2025-10-10,2025-10-14,489.89,525.96,KAR (TP),733.21,130512.22
CAT,2025-10-22,2025-10-29,513.91,585.49,KAR (TP),1389.85,131899.08
CAT,2025-11-04,2025-11-28,547.58,575.76,KAR (TP),511.63,132407.7
CAT,2025-12-02,2025-12-10,582.47,615.35,KAR (TP),561.49,132966.2
CAT,2025-12-12,2025-12-17,597.89,561.89,ZARAR (SL),-605.12,132358.08
DE,2024-02-01,2024-02-09,383.93,371.84,ZARAR (SL),-317.72,132037.36
DE,2024-05-10,2024-05-16,399.26,386.08,ZARAR (SL),-332.99,131701.37
DE,2024-06-26,2024-07-01,368.29,354.73,ZARAR (SL),-371.0,131327.36
DE,2024-07-29,2024-08-01,370.24,351.71,ZARAR (SL),-503.57,130820.79
DE,2024-09-06,2024-09-18,374.95,394.12,KAR (TP),508.32,131326.11
DE,2024-09-20,2024-11-13,398.86,384.05,ZARAR (SL),-374.17,130948.94
DE,2025-01-17,2025-01-24,450.85,473.94,KAR (TP),509.25,131455.19
DE,2025-02-11,2025-02-18,469.52,496.5,KAR (TP),571.74,132023.93
DE,2025-02-19,2025-02-21,504.13,485.04,ZARAR (SL),-381.78,131639.16
DE,2025-03-06,2025-03-13,477.97,462.38,ZARAR (SL),-329.2,131306.96
DE,2025-05-01,2025-05-15,476.84,512.9,KAR (TP),753.22,132057.18
DE,2025-05-30,2025-08-14,502.91,477.17,ZARAR (SL),-514.68,131539.51
DE,2025-11-04,2025-11-25,468.3,498.13,KAR (TP),633.99,132170.49
DE,2025-12-12,2025-12-22,484.8,468.77,ZARAR (SL),-333.65,131833.84
EOG,2024-02-15,2024-03-11,108.15,114.37,KAR (TP),572.05,132402.89
EOG,2024-03-12,2024-03-25,114.39,120.46,KAR (TP),527.45,132927.35
EOG,2024-04-25,2024-05-01,129.0,123.85,ZARAR (SL),-402.67,132521.67
EOG,2024-06-28,2024-07-15,119.96,126.42,KAR (TP),535.65,133054.32
EOG,2024-07-19,2024-07-23,124.04,119.86,ZARAR (SL),-339.56,132711.77
EOG,2024-08-29,2024-09-03,124.74,118.64,ZARAR (SL),-491.54,132217.23
EOG,2024-09-19,2024-09-26,120.15,115.52,ZARAR (SL),-388.78,131825.45
EOG,2024-11-08,2024-12-04,129.64,125.2,ZARAR (SL),-345.23,131477.22
EOG,2025-01-27,2025-01-31,128.46,122.45,ZARAR (SL),-470.57,131003.65
EOG,2025-02-20,2025-02-25,132.07,127.83,ZARAR (SL),-323.63,130677.02
EOG,2025-05-09,2025-06-10,109.16,115.8,KAR (TP),605.35,131279.37
EOG,2025-06-23,2025-07-21,119.84,115.38,ZARAR (SL),-374.84,130901.53
EOG,2025-08-15,2025-09-02,117.86,124.9,KAR (TP),594.53,131493.06
EOG,2025-09-16,2025-09-19,119.69,114.9,ZARAR (SL),-403.53,131086.53
EOG,2025-11-11,2025-11-25,109.34,105.47,ZARAR (SL),-356.94,130726.59
EOG,2025-12-08,2025-12-15,110.62,105.93,ZARAR (SL),-426.97,130296.62
OXY,2024-02-13,2024-02-16,55.47,58.27,KAR (TP),502.12,130795.74
OXY,2024-02-20,2024-03-14,57.35,60.47,KAR (TP),542.03,131334.76
OXY,2024-04-15,2024-04-17,66.04,63.76,ZARAR (SL),-348.33,130983.43
OXY,2024-06-24,2024-07-08,61.35,59.12,ZARAR (SL),-366.64,130613.8
OXY,2024-07-18,2024-07-22,61.81,59.37,ZARAR (SL),-398.42,130212.38
OXY,2024-10-03,2024-10-15,53.37,50.22,ZARAR (SL),-592.52,129616.85
OXY,2025-01-21,2025-01-28,49.46,47.94,ZARAR (SL),-309.63,129304.23
OXY,2025-02-19,2025-02-25,49.89,47.84,ZARAR (SL),-414.85,128886.38
OXY,2025-05-08,2025-05-12,40.75,43.13,KAR (TP),580.98,129464.36
OXY,2025-06-03,2025-06-11,41.98,44.34,KAR (TP),559.26,130020.62
OXY,2025-06-16,2025-06-23,44.83,43.46,ZARAR (SL),-307.44,129710.18
OXY,2025-07-08,2025-07-15,45.24,42.22,ZARAR (SL),-671.85,129035.33
OXY,2025-07-29,2025-07-31,44.96,43.45,ZARAR (SL),-337.36,128694.97
OXY,2025-09-03,2025-10-02,45.79,43.97,ZARAR (SL),-399.02,128292.95
OXY,2025-11-12,2025-12-15,41.69,40.19,ZARAR (SL),-362.29,127927.65
SLB,2024-04-03,2024-04-12,52.17,49.45,ZARAR (SL),-524.33,127400.33
SLB,2024-07-15,2024-08-02,45.89,43.0,ZARAR (SL),-634.78,126762.55
SLB,2024-10-17,2024-10-18,42.37,40.38,ZARAR (SL),-473.56,126285.99
SLB,2024-11-25,2024-12-05,42.14,40.73,ZARAR (SL),-337.54,125945.45
SLB,2025-01-23,2025-01-31,40.74,39.04,ZARAR (SL),-419.37,125523.09
SLB,2025-02-21,2025-03-03,40.74,38.87,ZARAR (SL),-462.99,125057.09
SLB,2025-03-27,2025-04-03,41.09,38.27,ZARAR (SL),-689.46,124364.63
SLB,2025-06-16,2025-06-23,35.35,33.2,ZARAR (SL),-610.07,123751.56
SLB,2025-07-23,2025-07-31,34.59,33.27,ZARAR (SL),-384.33,123364.23
SLB,2025-09-03,2025-09-22,34.73,33.65,ZARAR (SL),-311.57,123049.65
SLB,2025-10-22,2025-10-29,34.63,36.54,KAR (TP),550.01,123596.66
SLB,2025-12-03,2025-12-10,37.55,39.93,KAR (TP),630.82,124224.48
COP,2024-02-08,2024-02-13,107.09,103.21,ZARAR (SL),-365.6,123854.38
COP,2024-02-29,2024-03-14,106.57,113.42,KAR (TP),640.33,124491.71
COP,2024-07-17,2024-07-22,110.62,107.04,ZARAR (SL),-326.91,124161.8
COP,2024-09-19,2024-09-25,106.11,101.49,ZARAR (SL),-439.0,123719.79
COP,2024-11-06,2024-11-25,109.07,102.55,ZARAR (SL),-600.43,123116.37
COP,2025-01-23,2025-01-31,100.51,95.53,ZARAR (SL),-499.2,122614.17
COP,2025-03-20,2025-04-03,99.69,92.81,ZARAR (SL),-693.06,121918.11
COP,2025-05-12,2025-05-21,89.91,85.64,ZARAR (SL),-477.51,121437.6
COP,2025-06-18,2025-06-24,92.18,87.84,ZARAR (SL),-473.15,120961.45
COP,2025-07-08,2025-07-15,94.13,90.95,ZARAR (SL),-341.24,120617.21
COP,2025-07-30,2025-08-01,95.0,91.16,ZARAR (SL),-407.47,120206.74
COP,2025-08-12,2025-08-29,92.95,98.06,KAR (TP),546.37,120750.11
COP,2025-11-12,2025-12-04,88.25,93.12,KAR (TP),548.7,121295.81
COP,2025-12-05,2025-12-16,93.69,90.77,ZARAR (SL),-314.67,120978.15
PSX,2024-01-26,2024-02-05,130.86,137.41,KAR (TP),497.64,121472.79
PSX,2024-03-06,2024-03-13,137.96,145.2,KAR (TP),521.63,121991.42
PSX,2024-03-14,2024-03-28,145.12,153.54,KAR (TP),577.39,122565.81
PSX,2024-06-28,2024-07-08,133.75,128.81,ZARAR (SL),-372.77,122190.04
PSX,2024-07-31,2024-08-01,137.84,133.55,ZARAR (SL),-314.38,121872.66
PSX,2024-08-30,2024-09-03,134.05,128.97,ZARAR (SL),-381.45,121488.21
PSX,2025-01-27,2025-01-31,118.63,113.61,ZARAR (SL),-426.3,121058.91
PSX,2025-02-11,2025-02-12,124.86,120.52,ZARAR (SL),-351.13,120704.78
PSX,2025-02-24,2025-03-04,123.59,118.93,ZARAR (SL),-379.93,120321.85
PSX,2025-05-21,2025-06-10,109.75,116.55,KAR (TP),616.07,120934.92
PSX,2025-06-23,2025-07-03,118.84,124.98,KAR (TP),514.23,121446.15
PSX,2025-07-08,2025-07-16,127.64,121.43,ZARAR (SL),-489.92,120953.23
PSX,2025-07-28,2025-07-31,125.38,121.34,ZARAR (SL),-324.87,120625.35
PSX,2025-09-10,2025-09-25,130.31,137.91,KAR (TP),579.86,121202.22
PSX,2025-10-29,2025-11-20,136.84,131.99,ZARAR (SL),-357.18,120842.04
PSX,2025-12-03,2025-12-16,139.85,131.78,ZARAR (SL),-580.05,120259.0
MPC,2024-01-26,2024-01-30,153.9,162.88,KAR (TP),580.73,120836.72
MPC,2024-01-31,2024-03-01,158.77,166.87,KAR (TP),507.54,121341.27
MPC,2024-03-04,2024-03-13,167.39,181.98,KAR (TP),868.37,122206.63
MPC,2024-08-06,2024-08-15,165.42,174.97,KAR (TP),573.98,122777.61
MPC,2024-08-16,2024-08-20,174.27,166.12,ZARAR (SL),-470.7,122303.91
MPC,2024-08-30,2024-09-04,172.28,167.06,ZARAR (SL),-306.18,121994.73
MPC,2024-11-13,2024-12-04,154.76,147.13,ZARAR (SL),-495.94,121495.79
MPC,2025-01-24,2025-01-31,148.32,142.54,ZARAR (SL),-392.16,121100.63
MPC,2025-02-11,2025-02-12,151.93,145.97,ZARAR (SL),-395.14,120702.49
MPC,2025-02-24,2025-02-26,150.24,143.95,ZARAR (SL),-422.12,120277.37
MPC,2025-05-30,2025-06-17,159.05,168.29,KAR (TP),578.06,120852.43
MPC,2025-06-18,2025-07-03,165.66,174.2,KAR (TP),512.47,121361.9
MPC,2025-07-11,2025-07-16,177.97,170.56,ZARAR (SL),-419.44,120939.46
MPC,2025-08-22,2025-08-29,170.02,178.81,KAR (TP),513.74,121450.2
MPC,2025-09-19,2025-09-25,184.53,195.46,KAR (TP),589.04,122036.24
MPC,2025-10-29,2025-11-04,194.77,182.86,ZARAR (SL),-614.49,121418.75
WMB,2024-02-21,2024-03-05,32.08,33.94,KAR (TP),576.58,121992.33
WMB,2024-04-10,2024-04-16,36.44,35.29,ZARAR (SL),-319.36,121669.97
WMB,2024-05-06,2024-05-17,36.61,38.68,KAR (TP),562.8,122229.77
WMB,2024-05-31,2024-06-24,38.91,40.88,KAR (TP),502.93,122729.7
WMB,2024-06-28,2024-07-22,40.3,42.45,KAR (TP),531.12,123257.82
WMB,2024-07-23,2024-07-24,41.79,40.29,ZARAR (SL),-363.71,122891.11
WMB,2024-08-07,2024-08-23,40.77,42.94,KAR (TP),529.56,123417.67
WMB,2024-09-04,2024-09-23,42.15,44.29,KAR (TP),505.91,123920.57
WMB,2024-09-24,2024-10-04,44.11,47.56,KAR (TP),779.1,124696.67
WMB,2024-10-31,2024-11-06,50.18,53.02,KAR (TP),562.21,125255.88
WMB,2024-11-13,2024-11-19,53.28,56.15,KAR (TP),536.57,125789.45
WMB,2024-11-26,2024-12-02,55.93,54.09,ZARAR (SL),-331.94,125454.51
WMB,2025-01-13,2025-01-16,54.16,57.2,KAR (TP),559.2,126010.71
WMB,2025-02-28,2025-03-05,56.24,54.34,ZARAR (SL),-339.89,125667.83
WMB,2025-03-21,2025-04-04,58.12,53.22,ZARAR (SL),-846.96,124817.87
WMB,2025-05-06,2025-06-26,57.25,61.83,KAR (TP),797.27,125612.14
WMB,2025-06-27,2025-07-01,61.63,57.75,ZARAR (SL),-633.29,124975.85
WMB,2025-07-31,2025-08-07,58.96,56.93,ZARAR (SL),-346.62,124626.23
WMB,2025-09-16,2025-09-23,57.47,60.89,KAR (TP),590.62,125213.85
WMB,2025-11-21,2025-12-04,59.12,63.14,KAR (TP),676.42,125887.27
WMB,2025-12-05,2025-12-10,62.29,60.0,ZARAR (SL),-370.78,125513.49
KMI,2024-02-16,2024-03-11,15.74,16.53,KAR (TP),499.63,126010.12
KMI,2024-03-14,2024-04-03,16.15,17.06,KAR (TP),560.78,126567.9
KMI,2024-04-18,2024-05-09,16.75,17.76,KAR (TP),599.79,127164.69
KMI,2024-05-31,2024-07-17,18.21,19.18,KAR (TP),530.61,127692.29
KMI,2024-07-24,2024-08-05,19.66,19.01,ZARAR (SL),-335.62,127353.67
KMI,2024-08-30,2024-09-11,20.42,19.72,ZARAR (SL),-346.07,127004.6
KMI,2024-09-25,2024-10-03,20.91,22.11,KAR (TP),567.39,127569.0
KMI,2024-11-05,2024-11-06,23.67,25.24,KAR (TP),660.7,128226.7
KMI,2024-12-05,2024-12-09,26.79,25.96,ZARAR (SL),-314.05,127909.65
KMI,2025-01-02,2025-01-16,26.92,28.79,KAR (TP),690.7,128597.35
KMI,2025-03-21,2025-04-04,27.03,24.48,ZARAR (SL),-948.22,127646.13
KMI,2025-05-05,2025-06-02,26.29,28.03,KAR (TP),659.45,128302.58
KMI,2025-06-20,2025-07-21,27.41,26.53,ZARAR (SL),-324.31,127975.27
KMI,2025-08-04,2025-08-06,27.96,26.45,ZARAR (SL),-544.02,127428.25
KMI,2025-09-19,2025-10-23,27.11,25.96,ZARAR (SL),-429.7,126995.55
ETN,2024-01-29,2024-02-01,243.23,258.73,KAR (TP),634.26,127625.32
ETN,2024-03-13,2024-03-21,294.53,309.52,KAR (TP),505.92,128128.24
ETN,2024-03-26,2024-04-05,306.15,324.23,KAR (TP),587.55,128712.79
ETN,2024-04-09,2024-04-19,307.9,297.26,ZARAR (SL),-348.68,128361.11
ETN,2024-04-29,2024-05-01,320.3,306.1,ZARAR (SL),-446.48,127911.63
ETN,2024-05-31,2024-06-04,327.5,311.09,ZARAR (SL),-504.13,127404.5
ETN,2024-07-10,2024-07-17,321.81,306.49,ZARAR (SL),-479.04,126922.46
ETN,2024-09-11,2024-09-18,293.35,310.63,KAR (TP),586.28,127505.75
ETN,2024-09-19,2024-10-14,324.72,341.2,KAR (TP),504.42,128007.16
ETN,2024-10-15,2024-11-06,333.72,355.59,KAR (TP),652.27,128656.43
ETN,2024-11-07,2024-12-17,356.96,343.61,ZARAR (SL),-376.86,128276.57
ETN,2025-05-02,2025-05-12,297.8,321.15,KAR (TP),781.14,129054.71
ETN,2025-05-30,2025-06-16,319.27,337.03,KAR (TP),553.21,129604.93
ETN,2025-06-18,2025-06-27,333.89,352.2,KAR (TP),545.59,130147.51
ETN,2025-07-21,2025-07-28,372.57,391.62,KAR (TP),508.16,130652.67
ETN,2025-08-01,2025-08-05,380.18,355.41,ZARAR (SL),-654.47,129995.2
ETN,2025-09-11,2025-09-22,360.08,378.31,KAR (TP),503.28,130495.48
ETN,2025-09-23,2025-10-29,368.52,387.75,KAR (TP),518.82,131011.3
ETN,2025-10-30,2025-11-11,383.09,367.91,ZARAR (SL),-399.25,130609.04
AOS,2024-02-29,2024-03-15,80.25,84.31,KAR (TP),502.43,131108.47
AOS,2024-03-18,2024-04-25,83.12,80.17,ZARAR (SL),-357.07,130748.41
AOS,2024-06-24,2024-06-28,82.05,79.47,ZARAR (SL),-316.87,130428.54
AOS,2024-07-10,2024-07-12,80.65,85.35,KAR (TP),580.2,131005.74
AOS,2024-07-15,2024-07-23,85.32,78.2,ZARAR (SL),-837.85,130164.89
AOS,2024-09-16,2024-09-25,79.69,83.73,KAR (TP),503.73,130665.62
AOS,2024-10-08,2024-10-11,84.33,78.88,ZARAR (SL),-648.46,130014.16
AOS,2025-01-17,2025-01-29,70.36,67.82,ZARAR (SL),-363.67,129647.49
AOS,2025-03-05,2025-04-03,65.49,62.69,ZARAR (SL),-430.07,129214.42
AOS,2025-04-30,2025-05-28,67.17,63.58,ZARAR (SL),-537.92,128673.5
AOS,2025-07-16,2025-07-24,67.36,73.19,KAR (TP),862.54,129533.04
AOS,2025-07-25,2025-10-10,71.33,67.38,ZARAR (SL),-555.76,128974.27
EMR,2024-02-08,2024-03-01,98.8,104.88,KAR (TP),612.07,129581.84
EMR,2024-05-31,2024-06-04,109.28,104.12,ZARAR (SL),-474.65,129104.19
EMR,2024-07-02,2024-07-15,106.46,113.96,KAR (TP),701.68,129802.87
EMR,2024-07-19,2024-08-02,112.71,106.4,ZARAR (SL),-562.3,129237.57
EMR,2024-09-17,2024-09-27,101.74,106.95,KAR (TP),509.03,129743.6
EMR,2025-01-21,2025-02-05,127.31,122.67,ZARAR (SL),-367.53,129373.06
EMR,2025-05-06,2025-05-12,105.92,117.91,KAR (TP),1128.72,130498.79
EMR,2025-05-30,2025-06-09,118.4,124.57,KAR (TP),518.03,131013.81
EMR,2025-07-30,2025-08-05,144.86,139.41,ZARAR (SL),-378.87,130631.94
EMR,2025-09-05,2025-10-10,131.98,125.47,ZARAR (SL),-496.4,130132.54
EMR,2025-10-27,2025-11-07,133.88,128.93,ZARAR (SL),-372.63,129756.91
EMR,2025-12-04,2025-12-17,136.64,131.64,ZARAR (SL),-368.93,129384.99
PCAR,2024-03-14,2024-03-19,108.2,113.64,KAR (TP),499.56,129881.55
PCAR,2024-04-03,2024-04-17,113.1,108.88,ZARAR (SL),-375.86,129502.69
PCAR,2024-05-31,2024-06-27,101.25,97.92,ZARAR (SL),-331.37,129168.32
PCAR,2024-07-17,2024-07-23,102.86,91.45,ZARAR (SL),-1111.87,128053.44
PCAR,2024-09-03,2024-09-05,90.29,87.47,ZARAR (SL),-315.89,127734.55
PCAR,2024-09-17,2024-10-04,92.59,97.71,KAR (TP),550.12,128281.67
PCAR,2024-10-22,2024-11-06,99.01,109.61,KAR (TP),1067.71,129346.38
PCAR,2024-11-25,2024-12-12,110.4,106.86,ZARAR (SL),-323.92,129019.46
PCAR,2025-01-21,2025-02-07,107.3,103.32,ZARAR (SL),-374.45,128642.01
PCAR,2025-03-06,2025-03-12,104.49,100.03,ZARAR (SL),-429.61,128209.41
PCAR,2025-05-15,2025-06-02,94.14,90.02,ZARAR (SL),-440.64,127765.77
PCAR,2025-06-26,2025-07-23,93.07,99.18,KAR (TP),653.62,128416.39
PCAR,2025-07-24,2025-08-01,99.49,94.64,ZARAR (SL),-491.02,127922.37
PCAR,2025-08-22,2025-09-03,99.89,94.69,ZARAR (SL),-523.2,127396.17
PCAR,2025-09-15,2025-09-22,100.55,95.53,ZARAR (SL),-502.17,126891.0
PCAR,2025-10-20,2025-11-17,95.93,92.97,ZARAR (SL),-311.98,126576.02
PCAR,2025-12-01,2025-12-05,102.66,108.94,KAR (TP),608.71,127181.74
ROK,2024-03-04,2024-03-18,279.57,269.87,ZARAR (SL),-350.02,126827.22
ROK,2024-04-12,2024-04-18,276.32,265.34,ZARAR (SL),-400.44,126423.77
ROK,2024-06-24,2024-07-12,259.14,276.17,KAR (TP),654.46,127075.24
ROK,2024-08-21,2024-09-04,260.08,251.38,ZARAR (SL),-337.78,126734.46
ROK,2024-09-19,2024-09-25,262.71,252.73,ZARAR (SL),-382.9,126348.56
ROK,2024-10-28,2024-11-06,265.75,287.95,KAR (TP),832.52,127178.08
ROK,2024-11-07,2024-11-22,271.39,286.18,KAR (TP),542.22,127717.3
ROK,2024-11-25,2024-12-18,293.9,283.06,ZARAR (SL),-371.6,127342.7
ROK,2025-01-21,2025-01-29,286.1,274.42,ZARAR (SL),-411.22,126928.48
ROK,2025-02-10,2025-02-25,297.48,285.38,ZARAR (SL),-409.81,126515.67
ROK,2025-06-20,2025-07-01,318.99,336.08,KAR (TP),532.8,127045.47
ROK,2025-07-07,2025-07-17,336.4,353.83,KAR (TP),515.1,127557.57
ROK,2025-07-22,2025-08-06,350.98,326.21,ZARAR (SL),-708.56,126846.01
ROK,2025-09-08,2025-10-10,343.41,332.53,ZARAR (SL),-319.83,126523.19
ROK,2025-11-04,2025-11-10,358.53,389.81,KAR (TP),869.31,127389.49
ROK,2025-11-13,2025-11-18,378.3,366.01,ZARAR (SL),-327.89,127058.6
ROK,2025-12-04,2025-12-17,403.89,389.54,ZARAR (SL),-358.29,126697.31
SWK,2024-03-08,2024-03-15,85.11,82.01,ZARAR (SL),-367.01,126327.29
SWK,2024-03-25,2024-04-12,87.85,85.11,ZARAR (SL),-315.4,126008.89
SWK,2024-07-11,2024-07-26,81.64,89.62,KAR (TP),974.8,126980.69
SWK,2024-08-01,2024-08-05,95.32,89.88,ZARAR (SL),-573.44,126404.25
SWK,2024-09-05,2024-09-18,93.12,99.28,KAR (TP),658.85,127060.1
SWK,2024-09-19,2024-10-23,102.26,97.78,ZARAR (SL),-440.88,126616.22
SWK,2025-01-17,2025-01-23,80.51,84.54,KAR (TP),497.77,127110.99
SWK,2025-01-28,2025-02-03,84.88,81.37,ZARAR (SL),-416.1,126691.89
SWK,2025-03-07,2025-03-11,85.84,79.94,ZARAR (SL),-689.75,125999.14
SWK,2025-06-30,2025-07-02,66.22,69.94,KAR (TP),559.36,126555.5
SWK,2025-07-22,2025-07-29,71.15,67.06,ZARAR (SL),-578.55,125973.95
SWK,2025-08-13,2025-08-21,74.26,71.47,ZARAR (SL),-378.1,125592.85
SWK,2025-09-03,2025-09-05,72.0,77.51,KAR (TP),761.59,126351.44
SWK,2025-09-08,2025-09-22,77.51,74.15,ZARAR (SL),-436.56,125911.88
SWK,2025-12-03,2025-12-11,72.53,76.54,KAR (TP),549.87,126458.75
TDY,2024-03-28,2024-04-08,429.32,414.57,ZARAR (SL),-346.57,126107.68
TDY,2024-05-23,2024-05-29,400.98,385.94,ZARAR (SL),-378.08,125726.6
TDY,2024-07-11,2024-07-24,393.99,417.0,KAR (TP),581.03,126304.63
TDY,2024-08-02,2024-08-30,410.54,432.8,KAR (TP),539.21,126840.84
TDY,2024-09-03,2024-10-02,420.0,443.17,KAR (TP),548.67,127386.51
TDY,2024-10-07,2024-10-23,436.59,470.09,KAR (TP),764.31,128147.82
TDY,2024-10-31,2024-11-06,455.32,480.74,KAR (TP),555.29,128700.11
TDY,2024-11-15,2025-01-06,470.15,455.51,ZARAR (SL),-314.39,128382.72
TDY,2025-01-17,2025-01-22,473.89,511.67,KAR (TP),794.23,129173.95
TDY,2025-03-03,2025-03-04,512.96,492.96,ZARAR (SL),-392.89,128778.05
TDY,2025-03-21,2025-04-03,501.82,471.6,ZARAR (SL),-605.21,128169.84
TDY,2025-05-02,2025-06-09,478.83,505.36,KAR (TP),551.06,128717.9
TDY,2025-06-10,2025-07-10,500.56,527.52,KAR (TP),535.6,129250.5
TDY,2025-08-04,2025-09-30,552.26,586.04,KAR (TP),608.67,129856.17
TDY,2025-10-01,2025-10-22,575.07,543.73,ZARAR (SL),-547.98,129305.19
RSG,2024-02-13,2024-02-23,172.33,181.52,KAR (TP),530.57,129831.26
RSG,2024-03-15,2024-07-05,182.83,192.32,KAR (TP),516.01,130344.27
RSG,2024-07-23,2024-07-25,196.41,186.84,ZARAR (SL),-490.34,129850.93
RSG,2024-08-07,2024-11-08,198.9,209.4,KAR (TP),524.96,130372.89
RSG,2024-11-11,2024-12-18,209.63,201.36,ZARAR (SL),-397.67,129972.22
RSG,2025-01-29,2025-02-11,210.72,221.58,KAR (TP),512.29,130481.5
RSG,2025-02-18,2025-03-31,226.84,240.35,KAR (TP),592.49,131070.99
RSG,2025-04-09,2025-05-07,238.04,250.52,KAR (TP),521.53,131589.53
RSG,2025-05-22,2025-07-02,249.72,237.04,ZARAR (SL),-510.78,131075.75
WM,2024-02-09,2024-02-13,183.46,193.79,KAR (TP),559.85,131631.1
WM,2024-04-02,2024-05-29,205.8,199.03,ZARAR (SL),-332.21,131295.89
WM,2024-09-03,2024-09-18,204.9,198.25,ZARAR (SL),-327.21,130965.68
WM,2024-10-23,2024-11-08,208.0,220.09,KAR (TP),578.68,131541.36
WM,2024-11-12,2024-11-15,220.74,213.99,ZARAR (SL),-309.08,131229.29
WM,2024-11-25,2024-12-09,221.6,214.28,ZARAR (SL),-333.14,130893.15
WM,2025-01-29,2025-01-30,206.48,219.17,KAR (TP),611.65,131501.8
WM,2025-01-31,2025-02-28,217.03,229.37,KAR (TP),565.42,132064.22
WM,2025-03-04,2025-03-12,226.59,219.59,ZARAR (SL),-311.75,131749.47
WM,2025-04-28,2025-05-30,226.56,238.32,KAR (TP),516.03,132262.5
WM,2025-07-29,2025-08-14,233.77,224.44,ZARAR (SL),-402.47,131857.03
WM,2025-10-10,2025-10-28,218.41,203.44,ZARAR (SL),-688.06,131165.96
CARR,2024-02-02,2024-02-06,55.54,53.12,ZARAR (SL),-438.01,130723.45
CARR,2024-02-29,2024-03-07,54.37,58.25,KAR (TP),711.28,131431.74
CARR,2024-03-08,2024-04-04,56.78,54.63,ZARAR (SL),-381.98,131046.75
CARR,2024-04-25,2024-05-06,58.5,62.86,KAR (TP),740.98,131784.73
CARR,2024-06-24,2024-07-01,63.6,60.92,ZARAR (SL),-425.4,131356.33
CARR,2024-07-11,2024-07-16,65.36,68.77,KAR (TP),519.51,131872.84
CARR,2024-07-17,2024-07-25,66.51,63.8,ZARAR (SL),-409.92,131459.92
CARR,2024-08-15,2024-08-30,67.31,71.63,KAR (TP),637.35,132094.27
CARR,2024-09-03,2024-09-11,68.95,72.5,KAR (TP),512.27,132603.54
CARR,2024-09-12,2024-09-19,74.17,79.29,KAR (TP),686.93,133287.47
CARR,2024-10-09,2024-10-24,80.78,71.74,ZARAR (SL),-1121.42,132163.05
CARR,2024-11-21,2024-12-06,75.0,72.69,ZARAR (SL),-310.85,131849.2
CARR,2025-01-21,2025-01-27,69.85,66.76,ZARAR (SL),-445.24,131400.96
CARR,2025-03-07,2025-03-13,66.72,63.61,ZARAR (SL),-468.94,130929.01
CARR,2025-06-27,2025-07-23,73.17,79.31,KAR (TP),835.12,131761.13
CARR,2025-10-21,2025-10-22,59.59,56.52,ZARAR (SL),-517.88,131240.26
ITW,2024-01-26,2024-02-05,251.83,243.96,ZARAR (SL),-315.49,130920.27
ITW,2024-02-22,2024-04-17,248.24,240.75,ZARAR (SL),-304.82,130612.45
ITW,2024-05-16,2024-05-23,240.97,232.94,ZARAR (SL),-336.11,130273.34
ITW,2024-06-24,2024-07-01,234.04,226.52,ZARAR (SL),-324.34,129946.01
ITW,2024-07-18,2024-07-24,241.93,232.24,ZARAR (SL),-403.74,129539.27
ITW,2024-09-04,2024-09-19,237.51,250.35,KAR (TP),537.6,130073.87
ITW,2024-09-20,2024-11-05,246.82,260.05,KAR (TP),533.04,130603.91
ITW,2024-11-22,2024-12-18,267.39,254.97,ZARAR (SL),-467.32,130133.59
ITW,2025-01-22,2025-03-07,254.43,269.49,KAR (TP),588.96,130719.55
ITW,2025-03-10,2025-03-11,262.8,250.19,ZARAR (SL),-483.07,130233.48
ITW,2025-05-02,2025-07-01,239.37,253.62,KAR (TP),592.18,130822.66
ITW,2025-07-02,2025-08-22,254.87,267.75,KAR (TP),502.36,131322.03
ITW,2025-08-26,2025-09-25,264.6,256.3,ZARAR (SL),-316.63,131002.4
ITW,2025-10-23,2025-10-24,257.44,245.75,ZARAR (SL),-457.09,130542.31
GWW,2024-02-29,2024-03-21,959.08,1014.34,KAR (TP),573.19,131111.0
GWW,2024-03-25,2024-04-11,992.86,952.0,ZARAR (SL),-414.52,130693.49
GWW,2024-05-15,2024-05-29,946.03,899.05,ZARAR (SL),-499.58,130190.91
GWW,2024-07-02,2024-07-16,906.35,975.57,KAR (TP),760.64,130948.55
GWW,2024-07-18,2024-09-16,945.25,997.54,KAR (TP),550.24,131495.79
GWW,2024-09-20,2024-10-11,1021.3,1073.56,KAR (TP),508.71,132001.5
GWW,2024-10-15,2024-11-06,1074.08,1182.31,KAR (TP),1004.68,133003.18
GWW,2024-11-07,2024-12-12,1176.37,1138.81,ZARAR (SL),-322.24,132677.94
GWW,2025-01-21,2025-01-31,1111.56,1053.24,ZARAR (SL),-527.65,132147.29
GWW,2025-04-11,2025-05-01,987.13,1046.15,KAR (TP),594.89,132739.18
GWW,2025-05-09,2025-05-16,1029.9,1096.44,KAR (TP),643.11,133379.3
GWW,2025-05-30,2025-06-17,1082.41,1040.51,ZARAR (SL),-390.11,132986.19
GWW,2025-09-11,2025-09-22,1012.29,976.85,ZARAR (SL),-353.06,132630.13
GWW,2025-10-23,2025-11-14,961.79,926.21,ZARAR (SL),-372.92,132254.21
GWW,2025-12-04,2025-12-11,968.91,1032.39,KAR (TP),652.17,132903.38
WAB,2024-02-15,2024-02-29,132.63,140.09,KAR (TP),559.7,133458.59
WAB,2024-03-15,2024-04-03,138.63,146.94,KAR (TP),596.34,134051.93
WAB,2024-04-04,2024-04-24,146.09,162.0,KAR (TP),1085.64,135134.56
WAB,2024-05-17,2024-06-11,166.89,161.64,ZARAR (SL),-317.73,134813.83
WAB,2024-07-15,2024-07-24,162.96,156.13,ZARAR (SL),-422.1,134388.73
WAB,2024-09-13,2024-09-19,167.96,177.16,KAR (TP),544.99,134930.72
WAB,2024-09-20,2024-10-14,178.14,187.23,KAR (TP),507.55,135435.27
WAB,2024-10-23,2024-11-06,186.21,199.19,KAR (TP),694.13,136126.4
WAB,2024-11-25,2024-12-18,198.28,189.31,ZARAR (SL),-455.13,135668.27
WAB,2025-01-15,2025-02-12,199.28,188.32,ZARAR (SL),-553.2,135112.07
WAB,2025-03-21,2025-04-03,184.09,172.93,ZARAR (SL),-609.13,134499.94
WAB,2025-04-30,2025-05-12,184.05,200.24,KAR (TP),876.61,135373.55
WAB,2025-05-28,2025-07-02,200.83,213.35,KAR (TP),620.36,135990.91
WAB,2025-07-08,2025-07-24,211.25,200.2,ZARAR (SL),-526.18,135461.73
WAB,2025-09-04,2025-09-16,193.55,187.42,ZARAR (SL),-319.34,135139.39
WAB,2025-09-30,2025-10-10,200.23,190.8,ZARAR (SL),-473.89,134662.49
WAB,2025-10-27,2025-12-03,200.1,213.45,KAR (TP),664.21,135323.71
IEX,2024-02-01,2024-02-21,214.78,227.71,KAR (TP),598.78,135917.99
IEX,2024-03-14,2024-04-12,235.43,226.96,ZARAR (SL),-362.64,135552.34
IEX,2024-07-22,2024-07-24,201.49,195.1,ZARAR (SL),-320.22,135229.12
IEX,2024-09-03,2024-09-05,199.2,193.19,ZARAR (SL),-304.64,134921.48
IEX,2024-09-16,2024-09-26,198.99,209.53,KAR (TP),526.41,135444.89
IEX,2024-10-30,2024-11-06,215.38,231.39,KAR (TP),740.69,136182.58
IEX,2024-11-07,2024-12-18,225.48,208.49,ZARAR (SL),-756.6,135422.97
IEX,2025-02-03,2025-02-05,216.28,195.25,ZARAR (SL),-975.31,134444.66
IEX,2025-07-09,2025-07-30,182.89,163.58,ZARAR (SL),-1058.89,133382.77
IEX,2025-10-15,2025-10-29,163.19,173.4,KAR (TP),622.65,134002.42
IEX,2025-10-30,2025-11-14,170.3,164.49,ZARAR (SL),-344.16,133655.26
IEX,2025-11-24,2025-12-04,169.91,179.03,KAR (TP),533.75,134186.01
AAL,2024-01-26,2024-01-30,15.13,14.53,ZARAR (SL),-399.56,133781.95
AAL,2024-02-22,2024-03-05,15.24,14.67,ZARAR (SL),-377.02,133401.93
AAL,2024-05-06,2024-05-21,14.65,14.03,ZARAR (SL),-426.21,132972.73
AAL,2024-09-05,2024-09-26,10.8,11.79,KAR (TP),913.67,133883.39
AAL,2024-10-04,2024-10-16,11.51,12.89,KAR (TP),1195.96,135076.35
AAL,2024-11-06,2024-11-25,14.0,14.92,KAR (TP),654.14,135727.49
AAL,2024-12-27,2025-01-10,17.35,18.38,KAR (TP),590.66,136315.15
AAL,2025-01-13,2025-01-21,17.6,18.64,KAR (TP),587.91,136900.06
AAL,2025-01-22,2025-01-23,18.66,17.03,ZARAR (SL),-876.53,136020.53
AAL,2025-04-09,2025-04-10,11.12,9.51,ZARAR (SL),-1450.84,134566.69
AAL,2025-05-02,2025-05-09,10.52,11.11,KAR (TP),557.84,135121.53
AAL,2025-05-27,2025-06-05,11.64,11.27,ZARAR (SL),-320.87,134797.66
AAL,2025-06-24,2025-07-10,11.37,12.94,KAR (TP),1377.83,136172.49
AAL,2025-07-11,2025-07-24,12.22,11.46,ZARAR (SL),-624.93,135544.55
AAL,2025-08-12,2025-08-21,12.98,12.57,ZARAR (SL),-318.87,135222.68
AAL,2025-09-02,2025-09-04,13.39,12.86,ZARAR (SL),-398.82,134820.87
AAL,2025-10-23,2025-10-24,12.77,13.78,KAR (TP),787.92,135605.78
AAL,2025-11-05,2025-11-11,13.42,12.99,ZARAR (SL),-323.42,135279.36
AAL,2025-11-25,2025-12-02,13.46,14.24,KAR (TP),576.49,135852.86
AAL,2025-12-03,2025-12-15,14.56,15.33,KAR (TP),525.85,136375.7
DAL,2024-02-22,2024-03-20,41.18,44.47,KAR (TP),796.62,137167.82
DAL,2024-04-03,2024-04-22,45.64,48.04,KAR (TP),523.09,137687.92
DAL,2024-08-29,2024-09-09,40.95,43.03,KAR (TP),507.1,138192.02
DAL,2024-10-03,2024-10-08,46.76,49.87,KAR (TP),662.82,138851.84
DAL,2024-10-09,2024-10-16,50.23,55.64,KAR (TP),1075.1,139923.95
DAL,2024-10-28,2024-10-30,54.72,57.77,KAR (TP),553.16,140474.11
DAL,2024-11-01,2024-11-06,57.7,61.58,KAR (TP),670.06,141141.17
DAL,2024-11-19,2024-12-03,63.98,61.83,ZARAR (SL),-339.68,140798.49
DAL,2025-01-13,2025-01-29,64.33,67.62,KAR (TP),508.52,141304.01
DAL,2025-05-27,2025-06-13,49.08,46.73,ZARAR (SL),-480.73,140820.28
DAL,2025-06-24,2025-07-10,49.24,56.41,KAR (TP),1453.82,142271.1
DAL,2025-07-15,2025-07-30,55.35,53.25,ZARAR (SL),-381.75,141886.35
DAL,2025-08-12,2025-08-22,58.26,61.5,KAR (TP),553.13,142436.47
DAL,2025-09-02,2025-09-15,60.94,58.24,ZARAR (SL),-446.32,141987.16
DAL,2025-10-14,2025-10-23,61.08,58.77,ZARAR (SL),-381.71,141602.44
DAL,2025-11-24,2025-11-26,60.67,64.27,KAR (TP),590.37,142189.82
DAL,2025-12-03,2025-12-15,67.49,71.27,KAR (TP),557.08,142743.9
UAL,2024-02-20,2024-03-20,43.46,45.98,KAR (TP),576.84,143317.74
UAL,2024-03-26,2024-03-28,45.42,47.88,KAR (TP),538.61,143853.35
UAL,2024-04-02,2024-04-04,45.65,43.22,ZARAR (SL),-535.31,143315.04
UAL,2024-04-17,2024-04-18,48.74,51.42,KAR (TP),546.86,143858.9
UAL,2024-04-19,2024-04-23,51.38,54.03,KAR (TP),512.76,144368.66
UAL,2024-06-06,2024-06-14,53.3,49.69,ZARAR (SL),-680.3,143685.37
UAL,2024-07-22,2024-07-24,48.19,46.02,ZARAR (SL),-453.3,143229.06
UAL,2024-08-29,2024-09-05,42.64,45.12,KAR (TP),578.61,143804.68
UAL,2024-09-06,2024-09-09,46.01,48.75,KAR (TP),592.52,144394.2
UAL,2024-12-09,2024-12-18,96.02,91.47,ZARAR (SL),-476.86,143914.34
UAL,2025-01-07,2025-01-10,101.21,107.11,KAR (TP),579.95,144491.29
UAL,2025-01-13,2025-01-21,104.71,110.52,KAR (TP),551.87,145040.15
UAL,2025-01-22,2025-01-23,107.97,103.0,ZARAR (SL),-463.31,144573.84
UAL,2025-05-14,2025-05-15,78.99,76.54,ZARAR (SL),-313.17,144257.68
UAL,2025-05-27,2025-06-06,78.18,84.23,KAR (TP),770.86,145025.53
UAL,2025-07-16,2025-08-01,88.47,84.57,ZARAR (SL),-443.83,144578.7
UAL,2025-08-12,2025-08-26,98.47,104.13,KAR (TP),571.79,145147.5
UAL,2025-09-02,2025-09-24,104.68,101.39,ZARAR (SL),-317.29,144827.21
UAL,2025-11-25,2025-12-02,98.91,104.38,KAR (TP),550.03,145374.23
UAL,2025-12-03,2025-12-04,108.48,104.73,ZARAR (SL),-348.69,145022.55
LUV,2024-01-26,2024-02-08,28.91,31.06,KAR (TP),741.43,145760.98
LUV,2024-02-12,2024-02-21,31.5,33.18,KAR (TP),530.7,146288.68
LUV,2024-04-17,2024-04-25,27.79,26.33,ZARAR (SL),-531.15,145754.54
LUV,2024-06-03,2024-06-10,26.74,28.68,KAR (TP),722.89,146474.43
LUV,2024-06-11,2024-07-05,27.09,26.18,ZARAR (SL),-338.25,146133.18
LUV,2024-09-18,2024-10-03,28.26,29.83,KAR (TP),554.09,146684.27
LUV,2024-10-04,2024-10-17,30.55,29.42,ZARAR (SL),-374.2,146307.07
LUV,2024-10-29,2024-11-04,30.34,29.24,ZARAR (SL),-363.94,145940.13
LUV,2024-11-25,2024-12-04,31.71,33.39,KAR (TP),527.37,146464.5
LUV,2024-12-11,2024-12-18,32.83,31.75,ZARAR (SL),-333.55,146127.95
LUV,2025-01-21,2025-01-22,32.7,31.32,ZARAR (SL),-426.81,145698.14
LUV,2025-03-11,2025-03-17,30.01,31.77,KAR (TP),583.49,146278.63
LUV,2025-05-22,2025-05-28,30.86,32.52,KAR (TP),535.29,146810.92
LUV,2025-05-30,2025-06-04,33.0,31.91,ZARAR (SL),-335.53,146472.39
LUV,2025-07-01,2025-07-10,33.22,37.14,KAR (TP),1176.29,147645.68
LUV,2025-09-02,2025-09-09,32.07,30.99,ZARAR (SL),-339.76,147302.91
LUV,2025-09-19,2025-10-10,32.52,31.29,ZARAR (SL),-381.23,146918.68
LUV,2025-10-22,2025-10-23,33.76,31.65,ZARAR (SL),-628.0,146287.68
LUV,2025-12-04,2025-12-05,35.81,37.85,KAR (TP),566.67,146851.36
ALK,2024-02-20,2024-02-26,38.92,37.71,ZARAR (SL),-313.89,146534.46
ALK,2024-03-12,2024-03-27,38.61,42.01,KAR (TP),877.6,147409.06
ALK,2024-04-17,2024-04-19,42.72,45.01,KAR (TP),533.05,147939.11
ALK,2024-04-25,2024-04-30,44.55,43.02,ZARAR (SL),-346.43,147589.68
ALK,2024-07-16,2024-07-18,40.5,37.25,ZARAR (SL),-805.47,146781.21
ALK,2024-10-04,2024-10-11,42.48,44.63,KAR (TP),503.12,147281.33
ALK,2024-10-21,2024-11-01,46.04,49.23,KAR (TP),689.88,147968.2
ALK,2024-11-04,2024-11-06,47.23,51.62,KAR (TP),926.49,148891.7
ALK,2024-12-03,2024-12-05,52.55,55.88,KAR (TP),630.68,149519.38
ALK,2024-12-06,2024-12-10,54.34,61.29,KAR (TP),1275.98,150792.36
ALK,2025-01-07,2025-01-21,65.52,68.88,KAR (TP),509.82,151299.18
ALK,2025-01-22,2025-01-28,67.4,71.41,KAR (TP),591.96,151888.14
ALK,2025-01-31,2025-02-21,73.25,70.18,ZARAR (SL),-422.11,151463.03
ALK,2025-05-05,2025-05-08,48.65,52.77,KAR (TP),843.87,152303.89
ALK,2025-05-22,2025-06-13,50.11,47.46,ZARAR (SL),-531.84,151769.06
ALK,2025-07-16,2025-07-28,51.65,54.33,KAR (TP),515.88,152281.93
ALK,2025-07-29,2025-08-01,54.15,51.37,ZARAR (SL),-516.39,151762.54
ALK,2025-08-12,2025-08-22,56.22,59.5,KAR (TP),580.42,152339.97
ALK,2025-08-25,2025-08-28,60.01,63.18,KAR (TP),525.25,152862.21
ALK,2025-11-26,2025-12-03,42.51,45.37,KAR (TP),669.78,153528.99
ALK,2025-12-04,2025-12-10,47.32,51.75,KAR (TP),933.18,154459.17
DUK,2024-03-06,2024-04-24,88.21,92.8,KAR (TP),516.83,154973.0
DUK,2024-04-25,2024-05-17,92.87,98.4,KAR (TP),592.85,155562.85
DUK,2024-05-31,2024-06-18,98.1,94.74,ZARAR (SL),-344.8,155215.05
DUK,2024-07-10,2024-07-24,97.4,102.86,KAR (TP),558.12,155770.17
DUK,2024-08-05,2024-09-03,105.14,110.69,KAR (TP),524.86,156292.02
DUK,2024-09-11,2024-10-07,111.09,105.38,ZARAR (SL),-516.77,155772.26
DUK,2024-10-17,2024-10-29,115.27,109.37,ZARAR (SL),-514.69,155254.56
DUK,2024-12-02,2024-12-10,111.16,107.23,ZARAR (SL),-356.36,154895.2
DUK,2025-01-21,2025-02-11,106.9,112.62,KAR (TP),531.44,155423.64
DUK,2025-02-13,2025-03-03,109.97,115.59,KAR (TP),507.61,155928.25
DUK,2025-03-04,2025-04-03,113.39,120.83,KAR (TP),653.3,156578.55
DUK,2025-05-05,2025-05-12,117.61,112.84,ZARAR (SL),-408.8,156166.75
DUK,2025-06-26,2025-08-01,114.26,120.81,KAR (TP),569.9,156733.66
DUK,2025-08-12,2025-12-03,122.34,118.62,ZARAR (SL),-307.05,156423.6
NEE,2024-03-08,2024-03-19,54.97,58.26,KAR (TP),595.51,157016.11
NEE,2024-04-17,2024-04-29,60.66,64.11,KAR (TP),566.06,157579.17
NEE,2024-05-01,2024-05-08,65.24,69.28,KAR (TP),614.98,158191.15
NEE,2024-05-30,2024-06-11,74.35,69.62,ZARAR (SL),-639.76,157548.39
NEE,2024-07-11,2024-07-15,71.5,67.93,ZARAR (SL),-502.33,157043.06
NEE,2024-07-25,2024-08-01,70.29,75.03,KAR (TP),671.02,157711.08
NEE,2024-08-05,2024-08-26,73.39,77.18,KAR (TP),513.43,158221.51
NEE,2024-08-30,2024-09-13,77.55,81.54,KAR (TP),511.22,158729.73
NEE,2024-09-19,2024-10-29,79.27,76.64,ZARAR (SL),-334.75,158391.98
NEE,2025-01-21,2025-01-22,68.71,66.42,ZARAR (SL),-336.1,158052.88
NEE,2025-02-21,2025-02-27,69.41,67.28,ZARAR (SL),-310.35,157739.53
NEE,2025-03-11,2025-03-18,72.38,69.13,ZARAR (SL),-452.82,157283.71
NEE,2025-04-03,2025-04-04,70.53,65.42,ZARAR (SL),-727.98,156552.74
NEE,2025-05-08,2025-05-13,66.8,70.5,KAR (TP),551.74,157101.48
NEE,2025-05-21,2025-05-22,69.95,65.45,ZARAR (SL),-646.0,156452.48
NEE,2025-06-20,2025-07-17,70.5,74.1,KAR (TP),507.28,156956.76
NEE,2025-08-27,2025-09-04,72.83,70.39,ZARAR (SL),-337.55,156616.21
NEE,2025-09-25,2025-10-01,74.15,78.14,KAR (TP),535.51,157148.73
NEE,2025-10-27,2025-10-29,85.45,81.21,ZARAR (SL),-499.34,156646.39
NEE,2025-11-10,2025-12-08,84.2,80.55,ZARAR (SL),-436.47,156206.92
SO,2024-03-13,2024-04-16,65.96,63.92,ZARAR (SL),-313.27,155890.65
SO,2024-04-26,2024-05-07,69.05,72.58,KAR (TP),507.86,156395.51
SO,2024-05-31,2024-06-17,76.28,73.93,ZARAR (SL),-309.96,156082.55
SO,2024-07-11,2024-08-01,76.01,83.35,KAR (TP),962.44,157041.98
SO,2024-08-06,2024-09-23,82.28,86.87,KAR (TP),554.81,157593.79
SO,2024-09-24,2024-11-07,86.11,83.43,ZARAR (SL),-315.05,157275.74
SO,2025-01-16,2025-02-20,81.17,85.7,KAR (TP),554.29,157827.03
SO,2025-03-04,2025-04-08,87.72,84.76,ZARAR (SL),-340.08,157483.95
SO,2025-04-23,2025-05-12,88.93,85.66,ZARAR (SL),-370.61,157110.35
SO,2025-06-12,2025-07-22,88.92,94.32,KAR (TP),604.57,157711.92
SO,2025-07-28,2025-10-10,92.79,97.49,KAR (TP),502.76,158211.68
EXC,2024-02-21,2024-04-08,33.54,35.37,KAR (TP),542.39,158751.07
EXC,2024-04-19,2024-06-12,35.16,32.86,ZARAR (SL),-656.01,158092.06
EXC,2024-08-05,2024-09-10,35.48,37.3,KAR (TP),511.39,158600.45
EXC,2024-09-18,2024-11-01,37.73,36.44,ZARAR (SL),-344.77,158252.68
EXC,2025-01-22,2025-02-07,37.84,39.86,KAR (TP),529.89,158779.57
EXC,2025-02-10,2025-02-25,40.33,42.89,KAR (TP),630.92,159407.49
EXC,2025-03-04,2025-03-31,42.54,44.88,KAR (TP),546.45,159950.94
EXC,2025-04-04,2025-05-13,44.17,42.22,ZARAR (SL),-443.23,159504.71
EXC,2025-06-12,2025-06-25,42.88,41.55,ZARAR (SL),-312.35,159189.37
EXC,2025-07-08,2025-08-04,42.25,44.38,KAR (TP),501.65,159688.02
EXC,2025-08-06,2025-09-08,44.28,42.65,ZARAR (SL),-370.71,159314.3
EXC,2025-09-26,2025-10-07,43.71,46.38,KAR (TP),609.38,159920.69
EXC,2025-10-27,2025-10-31,47.65,45.72,ZARAR (SL),-408.66,159509.03
AEP,2024-02-15,2024-03-28,76.41,80.86,KAR (TP),579.6,160085.62
AEP,2024-04-19,2024-05-03,79.08,83.21,KAR (TP),519.57,160602.19
AEP,2024-07-11,2024-07-25,86.15,90.9,KAR (TP),547.42,161146.61
AEP,2024-08-05,2024-09-04,93.0,98.02,KAR (TP),537.25,161680.86
AEP,2024-09-19,2024-10-07,97.36,93.84,ZARAR (SL),-364.71,161313.15
AEP,2024-11-05,2024-11-06,96.08,92.11,ZARAR (SL),-416.35,160893.81
AEP,2025-01-13,2025-01-27,91.36,99.17,KAR (TP),852.72,161743.53
AEP,2025-01-30,2025-02-12,94.73,99.83,KAR (TP),535.35,162275.87
AEP,2025-02-13,2025-02-24,98.5,103.67,KAR (TP),521.8,162794.68
AEP,2025-03-04,2025-04-07,102.65,99.07,ZARAR (SL),-351.73,162439.95
AEP,2025-06-23,2025-07-21,101.66,106.81,KAR (TP),503.24,162940.2
AEP,2025-07-28,2025-08-01,106.23,111.77,KAR (TP),518.54,163455.74
AEP,2025-08-13,2025-09-04,112.23,107.79,ZARAR (SL),-398.19,163054.54
AEP,2025-09-30,2025-10-07,111.62,117.24,KAR (TP),500.11,163551.66
AEP,2025-10-29,2025-12-08,121.15,115.73,ZARAR (SL),-450.75,163097.91
SRE,2024-02-23,2024-04-12,67.55,65.03,ZARAR (SL),-374.77,162720.14
SRE,2024-04-22,2024-05-08,67.34,71.23,KAR (TP),573.41,163290.55
SRE,2024-05-31,2024-08-01,72.93,77.78,KAR (TP),661.57,163949.12
SRE,2024-08-05,2024-09-04,75.12,79.61,KAR (TP),594.2,164540.32
SRE,2024-09-09,2024-11-06,79.17,84.88,KAR (TP),718.52,165255.84
SRE,2024-11-07,2024-11-21,86.33,91.07,KAR (TP),546.24,165799.08
SRE,2024-11-26,2024-12-06,89.72,86.76,ZARAR (SL),-333.02,165463.07
SRE,2025-01-21,2025-01-22,83.77,80.18,ZARAR (SL),-431.85,165028.21
SRE,2025-02-14,2025-02-25,81.43,68.4,ZARAR (SL),-1603.48,163421.74
SRE,2025-04-01,2025-04-04,69.93,64.38,ZARAR (SL),-796.74,162622.0
SRE,2025-04-21,2025-04-24,68.85,72.82,KAR (TP),573.21,163192.21
SRE,2025-05-13,2025-05-27,73.41,77.11,KAR (TP),500.13,163689.34
SRE,2025-05-30,2025-06-05,76.8,74.22,ZARAR (SL),-338.92,163347.42
SRE,2025-08-07,2025-09-08,81.4,78.27,ZARAR (SL),-388.03,162956.39
SRE,2025-09-18,2025-09-24,81.3,86.03,KAR (TP),578.96,163532.35
SRE,2025-11-07,2025-11-20,93.04,90.05,ZARAR (SL),-324.17,163205.18
WEC,2024-03-04,2024-05-07,74.98,78.85,KAR (TP),512.55,163714.73
WEC,2024-07-11,2024-07-30,76.31,81.31,KAR (TP),651.72,164363.45
WEC,2024-08-22,2024-10-16,89.13,94.68,KAR (TP),619.85,164980.3
WEC,2024-10-18,2024-10-29,95.74,91.4,ZARAR (SL),-455.68,164521.62
WEC,2024-11-08,2024-11-27,93.57,98.47,KAR (TP),520.45,165039.07
WEC,2025-01-16,2025-02-13,95.15,100.36,KAR (TP),544.82,165580.89
WEC,2025-03-04,2025-07-22,102.91,108.33,KAR (TP),523.79,166101.68
WEC,2025-07-29,2025-09-29,106.89,113.31,KAR (TP),597.7,166696.38
WEC,2025-10-02,2025-12-03,111.13,107.29,ZARAR (SL),-348.95,166344.43
D,2024-02-15,2024-02-23,41.31,43.47,KAR (TP),517.99,166859.42
D,2024-02-26,2024-03-18,42.29,44.67,KAR (TP),561.77,167418.2
D,2024-03-19,2024-03-26,44.67,42.99,ZARAR (SL),-380.24,167034.96
D,2024-04-12,2024-04-16,45.04,43.15,ZARAR (SL),-422.14,166609.82
D,2024-04-30,2024-05-20,46.95,49.53,KAR (TP),546.23,167153.05
D,2024-05-28,2024-06-14,48.71,47.03,ZARAR (SL),-347.56,166802.5
D,2024-07-11,2024-08-01,48.15,51.7,KAR (TP),734.94,167534.44
D,2024-08-05,2024-09-03,50.4,53.54,KAR (TP),621.24,168152.68
D,2024-09-11,2024-10-10,54.01,52.37,ZARAR (SL),-307.04,167842.64
D,2024-10-22,2024-11-04,56.63,54.38,ZARAR (SL),-399.67,167439.97
D,2024-11-27,2024-12-03,56.35,54.09,ZARAR (SL),-403.12,167033.85
D,2025-01-16,2025-01-22,52.55,50.52,ZARAR (SL),-389.85,166641.0
D,2025-02-10,2025-03-25,52.79,51.05,ZARAR (SL),-333.4,166304.6
D,2025-05-12,2025-05-20,52.98,56.02,KAR (TP),571.29,166872.89
D,2025-05-21,2025-06-17,54.6,52.57,ZARAR (SL),-376.16,166493.74
D,2025-07-02,2025-08-01,56.13,59.06,KAR (TP),517.72,167008.46
D,2025-09-15,2025-10-31,59.9,58.03,ZARAR (SL),-314.98,166690.48
D,2025-11-13,2025-12-10,60.19,58.06,ZARAR (SL),-356.96,166330.52
ED,2024-03-05,2024-04-25,83.87,88.7,KAR (TP),572.34,166899.86
ED,2024-05-22,2024-05-28,91.38,88.6,ZARAR (SL),-306.76,166590.11
ED,2024-07-16,2024-07-26,87.02,91.67,KAR (TP),531.13,167118.24
ED,2024-08-15,2024-09-04,95.1,100.05,KAR (TP),518.01,167633.25
ED,2024-09-06,2024-11-01,98.98,95.84,ZARAR (SL),-320.58,167309.67
ED,2025-01-16,2025-02-21,89.14,95.83,KAR (TP),747.38,168054.05
ED,2025-02-24,2025-03-10,97.22,104.03,KAR (TP),697.24,168748.29
ED,2025-03-12,2025-03-18,100.1,105.15,KAR (TP),500.7,169245.99
ED,2025-03-21,2025-04-22,105.14,110.5,KAR (TP),507.21,169750.19
ED,2025-05-01,2025-05-08,109.78,105.09,ZARAR (SL),-430.33,169316.87
ED,2025-06-13,2025-06-18,102.26,99.08,ZARAR (SL),-313.7,169000.17
ED,2025-07-23,2025-08-28,100.87,97.36,ZARAR (SL),-350.99,168646.18
ED,2025-09-30,2025-10-29,99.69,96.2,ZARAR (SL),-353.18,168290.0
ED,2025-11-14,2025-12-02,100.82,96.87,ZARAR (SL),-394.82,167892.19
XEL,2024-04-04,2024-05-21,51.07,53.9,KAR (TP),549.35,168438.54
XEL,2024-05-22,2024-05-24,52.74,51.03,ZARAR (SL),-327.21,168108.33
XEL,2024-07-17,2024-07-30,53.08,56.26,KAR (TP),595.34,168700.67
XEL,2024-08-13,2024-09-04,57.25,60.61,KAR (TP),583.66,169281.32
XEL,2024-09-24,2024-10-10,62.11,60.16,ZARAR (SL),-316.23,168962.09
XEL,2024-10-24,2024-10-30,63.02,61.02,ZARAR (SL),-319.39,168639.71
XEL,2024-11-12,2024-11-27,66.4,70.58,KAR (TP),625.19,169261.9
XEL,2025-01-21,2025-02-28,66.05,70.36,KAR (TP),650.07,169908.97
XEL,2025-03-04,2025-03-06,68.34,66.03,ZARAR (SL),-341.42,169564.54
XEL,2025-04-03,2025-04-04,70.99,66.81,ZARAR (SL),-592.13,168969.41
XEL,2025-04-22,2025-04-25,70.25,67.9,ZARAR (SL),-337.78,168628.63
XEL,2025-05-05,2025-05-12,69.76,66.7,ZARAR (SL),-441.71,168183.92
XEL,2025-07-16,2025-07-22,68.63,72.49,KAR (TP),559.38,168740.31
XEL,2025-07-28,2025-09-24,70.59,77.93,KAR (TP),1037.25,169774.55
XEL,2025-10-30,2025-12-02,81.59,79.04,ZARAR (SL),-315.54,169456.02
VNQ,2024-02-29,2024-04-12,79.17,76.27,ZARAR (SL),-370.23,169082.79
VNQ,2024-05-10,2024-07-11,77.37,82.02,KAR (TP),598.89,169678.67
VNQ,2024-07-31,2024-08-30,85.43,89.9,KAR (TP),519.06,170194.73
VNQ,2024-09-26,2024-11-01,91.99,88.73,ZARAR (SL),-357.99,169833.74
VNQ,2024-11-25,2024-12-10,92.99,90.04,ZARAR (SL),-319.66,169511.08
VNQ,2025-02-03,2025-04-04,86.94,81.85,ZARAR (SL),-589.0,168919.08
VNQ,2025-05-13,2025-07-23,85.99,90.34,KAR (TP),503.92,169420.0
VNQ,2025-07-29,2025-08-01,90.02,87.28,ZARAR (SL),-307.22,169109.78
SPG,2024-02-06,2024-02-22,129.81,137.16,KAR (TP),563.29,169668.57
SPG,2024-02-29,2024-03-19,134.11,141.32,KAR (TP),534.22,170199.79
SPG,2024-03-28,2024-04-02,143.51,137.6,ZARAR (SL),-415.17,169781.62
SPG,2024-05-08,2024-07-17,135.61,143.92,KAR (TP),609.73,170388.36
SPG,2024-07-31,2024-08-05,142.57,137.56,ZARAR (SL),-354.28,170031.08
SPG,2024-08-15,2024-08-23,146.67,154.7,KAR (TP),544.32,170572.4
SPG,2024-09-03,2024-09-24,152.31,160.05,KAR (TP),505.58,171074.98
SPG,2024-10-28,2024-11-11,162.32,170.62,KAR (TP),508.25,171580.23
SPG,2024-11-12,2024-12-19,167.68,161.09,ZARAR (SL),-396.01,171181.22
SPG,2025-02-05,2025-03-07,170.47,162.84,ZARAR (SL),-450.21,170728.01
SPG,2025-05-13,2025-07-03,155.02,162.77,KAR (TP),497.28,171222.28
SPG,2025-07-08,2025-08-13,159.56,168.48,KAR (TP),556.19,171775.48
SPG,2025-08-14,2025-09-04,168.09,177.2,KAR (TP),538.84,172311.32
SPG,2025-09-18,2025-10-29,177.9,171.53,ZARAR (SL),-361.15,171947.17
PLD,2024-02-13,2024-03-26,122.39,117.89,ZARAR (SL),-370.85,171571.82
PLD,2024-05-15,2024-05-23,103.62,99.52,ZARAR (SL),-398.49,171170.33
PLD,2024-06-04,2024-07-03,102.47,107.66,KAR (TP),503.3,171670.62
PLD,2024-07-31,2024-08-05,119.77,113.02,ZARAR (SL),-567.06,171100.56
PLD,2024-08-30,2024-10-03,121.45,116.82,ZARAR (SL),-384.16,170713.41
PLD,2024-11-25,2024-12-05,113.02,108.93,ZARAR (SL),-365.5,170344.91
PLD,2025-01-16,2025-01-21,107.11,113.24,KAR (TP),568.53,170910.44
PLD,2025-01-22,2025-01-27,111.17,117.08,KAR (TP),528.57,171436.01
PLD,2025-02-19,2025-03-10,117.45,113.82,ZARAR (SL),-312.13,171120.88
PLD,2025-05-14,2025-05-23,104.82,101.36,ZARAR (SL),-333.85,170784.02
PLD,2025-07-15,2025-08-01,106.83,103.18,ZARAR (SL),-344.56,170436.47
PLD,2025-08-19,2025-10-01,108.93,115.58,KAR (TP),607.21,171040.68
PLD,2025-10-16,2025-11-25,120.23,126.41,KAR (TP),510.33,171548.01
EQIX,2024-01-26,2024-02-08,777.01,819.5,KAR (TP),543.87,172087.38
EQIX,2024-02-14,2024-02-15,797.93,838.32,KAR (TP),503.24,172587.62
EQIX,2024-02-16,2024-03-01,820.37,867.02,KAR (TP),565.69,173150.3
EQIX,2024-05-14,2024-05-29,760.43,735.68,ZARAR (SL),-328.48,172818.82
EQIX,2024-07-12,2024-07-25,779.06,744.67,ZARAR (SL),-444.46,172371.37
EQIX,2024-08-08,2024-09-10,783.56,841.4,KAR (TP),735.28,173103.65
EQIX,2024-09-30,2024-11-22,863.64,915.38,KAR (TP),596.1,173696.75
EQIX,2025-01-21,2025-01-27,913.06,879.92,ZARAR (SL),-365.95,173327.8
EQIX,2025-02-12,2025-02-25,914.23,886.33,ZARAR (SL),-308.18,173016.62
EQIX,2025-04-30,2025-06-04,845.83,901.21,KAR (TP),651.79,173665.41
EQIX,2025-06-11,2025-06-25,882.93,814.38,ZARAR (SL),-779.43,172882.97
EQIX,2025-09-15,2025-10-23,786.91,826.92,KAR (TP),505.41,173385.39
EQIX,2025-10-28,2025-11-13,811.22,781.81,ZARAR (SL),-365.57,173016.82
AMT,2024-02-29,2024-03-22,187.63,181.91,ZARAR (SL),-308.24,172704.08
AMT,2024-05-10,2024-05-16,175.64,185.59,KAR (TP),563.43,173264.51
AMT,2024-05-30,2024-06-04,181.63,190.79,KAR (TP),501.77,173763.28
AMT,2024-06-10,2024-07-11,185.38,198.9,KAR (TP),726.25,174486.53
AMT,2024-08-05,2024-08-15,217.12,209.32,ZARAR (SL),-362.43,174121.09
AMT,2024-09-03,2024-09-10,221.14,233.1,KAR (TP),537.87,174655.96
AMT,2024-09-13,2024-09-27,228.94,221.09,ZARAR (SL),-345.98,174306.98
AMT,2025-01-22,2025-02-25,180.75,198.76,KAR (TP),993.28,175297.26
AMT,2025-02-26,2025-03-07,195.81,207.09,KAR (TP),572.9,175867.16
AMT,2025-03-17,2025-04-03,207.48,222.6,KAR (TP),725.76,176589.92
AMT,2025-04-04,2025-04-07,214.77,208.16,ZARAR (SL),-310.94,176275.97
AMT,2025-05-07,2025-05-12,215.87,204.49,ZARAR (SL),-530.13,175742.84
AMT,2025-06-13,2025-07-21,212.92,224.52,KAR (TP),541.69,176281.53
AMT,2025-07-22,2025-07-28,230.32,222.25,ZARAR (SL),-353.33,175925.2
AMT,2025-10-16,2025-10-28,191.47,182.72,ZARAR (SL),-459.99,175462.21
AMT,2025-12-08,2025-12-18,183.2,174.29,ZARAR (SL),-489.35,174969.86
CCI,2024-02-16,2024-03-22,96.99,93.46,ZARAR (SL),-366.85,174600.01
CCI,2024-05-30,2024-07-12,90.58,95.64,KAR (TP),555.99,175152.99
CCI,2024-07-15,2024-07-30,95.24,101.06,KAR (TP),607.94,175757.93
CCI,2024-08-05,2024-09-09,102.31,108.56,KAR (TP),608.18,176363.11
CCI,2024-09-18,2024-10-04,110.23,104.34,ZARAR (SL),-537.9,175822.21
CCI,2025-01-27,2025-01-29,87.9,83.58,ZARAR (SL),-494.18,175325.03
CCI,2025-02-20,2025-03-03,86.76,91.16,KAR (TP),504.51,175826.54
CCI,2025-03-04,2025-03-14,89.59,99.8,KAR (TP),1136.71,176960.25
CCI,2025-03-25,2025-04-03,97.13,103.52,KAR (TP),655.04,177612.29
CCI,2025-05-07,2025-05-12,101.28,97.16,ZARAR (SL),-410.64,177198.65
CCI,2025-06-26,2025-07-21,98.07,103.98,KAR (TP),599.89,177795.54
CCI,2025-07-28,2025-07-31,106.33,102.7,ZARAR (SL),-343.99,177448.55
CCI,2025-10-07,2025-10-30,94.03,90.25,ZARAR (SL),-404.51,177041.04
HST,2024-02-15,2024-03-01,18.23,19.19,KAR (TP),524.64,177562.68
HST,2024-03-18,2024-04-15,18.92,18.11,ZARAR (SL),-431.56,177128.11
HST,2024-06-28,2024-07-24,16.82,16.07,ZARAR (SL),-447.94,176677.18
HST,2024-09-04,2024-09-17,15.84,16.66,KAR (TP),516.79,177190.97
HST,2024-09-18,2024-12-05,16.73,17.79,KAR (TP),628.82,177816.79
HST,2024-12-16,2024-12-18,17.65,16.6,ZARAR (SL),-597.86,177215.93
HST,2025-05-27,2025-07-02,15.1,15.98,KAR (TP),583.84,177796.77
HST,2025-07-23,2025-07-31,16.41,15.54,ZARAR (SL),-533.12,177260.65
HST,2025-09-17,2025-10-06,17.32,16.62,ZARAR (SL),-406.58,176851.07
HST,2025-11-06,2025-12-12,17.32,18.36,KAR (TP),597.46,177445.53
O,2024-03-12,2024-04-16,47.94,46.28,ZARAR (SL),-350.2,177090.83
O,2024-04-29,2024-05-23,49.47,47.88,ZARAR (SL),-325.46,176762.37
O,2024-07-11,2024-07-26,50.85,53.68,KAR (TP),555.18,177314.55
O,2024-08-15,2024-09-04,55.45,58.49,KAR (TP),544.09,177855.64
O,2024-09-09,2024-09-19,58.63,56.61,ZARAR (SL),-346.62,177506.02
O,2024-09-30,2024-10-29,59.15,56.58,ZARAR (SL),-437.8,177065.22
O,2025-01-27,2025-01-29,53.19,51.34,ZARAR (SL),-349.43,176712.79
O,2025-02-25,2025-04-07,53.67,50.99,ZARAR (SL),-503.06,176206.73
O,2025-05-07,2025-05-14,54.91,52.79,ZARAR (SL),-390.73,175813.0
O,2025-06-09,2025-08-20,55.25,58.81,KAR (TP),641.39,176451.39
O,2025-08-22,2025-11-04,57.84,55.87,ZARAR (SL),-343.26,176105.13
O,2025-12-03,2025-12-19,58.09,56.33,ZARAR (SL),-305.98,175796.15
ARE,2024-02-22,2024-03-08,110.24,115.79,KAR (TP),500.84,176293.99
ARE,2024-03-14,2024-03-28,112.44,118.59,KAR (TP),543.76,176834.75
ARE,2024-06-28,2024-07-11,108.82,116.13,KAR (TP),668.97,177500.71
ARE,2024-07-23,2024-07-24,112.95,107.52,ZARAR (SL),-484.01,177013.7
ARE,2024-08-22,2024-09-13,110.11,115.75,KAR (TP),509.0,177519.7
ARE,2024-09-16,2024-09-30,116.02,111.68,ZARAR (SL),-377.51,177139.18
ARE,2024-10-17,2024-10-24,114.03,109.42,ZARAR (SL),-407.12,176729.06
ARE,2025-01-23,2025-01-28,95.76,92.71,ZARAR (SL),-321.56,176404.49
ARE,2025-03-03,2025-03-13,96.76,92.14,ZARAR (SL),-480.83,175920.66
ARE,2025-06-20,2025-06-24,68.99,72.86,KAR (TP),557.46,176475.12
ARE,2025-06-25,2025-07-02,71.22,75.08,KAR (TP),538.17,177010.29
ARE,2025-07-07,2025-07-10,73.87,78.05,KAR (TP),563.36,177570.65
ARE,2025-07-14,2025-07-23,77.38,81.64,KAR (TP),547.82,178115.47
ARE,2025-09-09,2025-10-07,82.41,78.09,ZARAR (SL),-527.32,177585.15
PSA,2024-02-29,2024-04-12,261.95,253.73,ZARAR (SL),-316.59,177265.57
PSA,2024-05-23,2024-05-29,255.8,245.96,ZARAR (SL),-387.9,176874.67
PSA,2024-07-18,2024-08-14,286.21,302.48,KAR (TP),565.48,177437.14
PSA,2024-08-22,2024-09-09,314.13,331.34,KAR (TP),544.95,177979.1
PSA,2024-09-27,2024-10-04,339.02,328.34,ZARAR (SL),-318.16,177657.93
PSA,2024-11-25,2024-12-03,330.65,319.49,ZARAR (SL),-340.52,177314.41
PSA,2025-01-30,2025-03-07,286.0,301.29,KAR (TP),531.47,177842.89
PSA,2025-03-10,2025-03-12,300.92,291.18,ZARAR (SL),-326.66,177513.22
PSA,2025-04-30,2025-07-15,291.16,277.93,ZARAR (SL),-457.47,177052.75
PSA,2025-09-02,2025-10-13,282.11,296.36,KAR (TP),502.13,177551.88
PSA,2025-12-03,2025-12-08,275.21,266.61,ZARAR (SL),-315.67,177233.22
WY,2024-02-22,2024-03-20,31.79,33.51,KAR (TP),538.86,177769.08
WY,2024-03-22,2024-04-08,33.8,32.67,ZARAR (SL),-337.18,177428.9
WY,2024-07-12,2024-07-26,27.98,30.2,KAR (TP),789.35,178215.25
WY,2024-08-05,2024-08-12,29.75,28.8,ZARAR (SL),-321.02,177891.23
WY,2024-09-11,2024-09-13,29.68,31.21,KAR (TP),512.23,178400.46
WY,2024-11-25,2024-12-05,31.0,29.96,ZARAR (SL),-337.29,178060.17
WY,2025-01-17,2025-02-19,29.23,28.26,ZARAR (SL),-334.13,177723.05
WY,2025-03-03,2025-03-06,30.38,29.25,ZARAR (SL),-375.73,177344.32
WY,2025-05-07,2025-06-09,25.16,26.54,KAR (TP),542.93,177884.25
WY,2025-07-25,2025-07-30,26.01,25.09,ZARAR (SL),-354.34,177526.91
WY,2025-08-20,2025-09-02,25.57,24.66,ZARAR (SL),-359.24,177164.67
BXP,2024-01-29,2024-01-30,65.59,63.58,ZARAR (SL),-309.05,176851.12
BXP,2024-03-01,2024-03-06,60.18,57.33,ZARAR (SL),-475.45,176372.66
BXP,2024-03-21,2024-03-22,60.05,57.47,ZARAR (SL),-432.59,175937.08
BXP,2024-04-09,2024-04-10,60.28,56.62,ZARAR (SL),-610.96,175323.11
BXP,2024-04-23,2024-05-01,58.09,54.7,ZARAR (SL),-587.78,174732.34
BXP,2024-05-13,2024-05-23,57.93,55.17,ZARAR (SL),-479.49,174249.84
BXP,2024-06-28,2024-07-11,57.75,61.2,KAR (TP),593.17,174840.01
BXP,2024-07-31,2024-08-02,66.9,62.79,ZARAR (SL),-617.22,174219.79
BXP,2024-09-09,2024-09-12,69.71,73.75,KAR (TP),577.08,174793.87
BXP,2024-10-08,2024-10-15,76.85,82.13,KAR (TP),684.1,175474.97
BXP,2024-10-29,2024-10-30,81.85,78.59,ZARAR (SL),-402.12,175069.85
BXP,2024-12-09,2024-12-11,78.83,75.97,ZARAR (SL),-366.81,174700.04
BXP,2025-03-31,2025-04-03,65.62,61.13,ZARAR (SL),-686.14,174010.9
BXP,2025-05-14,2025-06-03,64.56,68.73,KAR (TP),642.89,174650.8
BXP,2025-06-04,2025-06-25,69.56,65.08,ZARAR (SL),-647.39,174000.4
BXP,2025-07-29,2025-07-30,69.78,65.81,ZARAR (SL),-570.94,173426.46
BXP,2025-09-09,2025-09-11,71.73,75.52,KAR (TP),526.01,173949.47
BXP,2025-09-19,2025-10-08,75.73,73.03,ZARAR (SL),-359.54,173586.93
BXP,2025-11-07,2025-11-17,72.36,69.11,ZARAR (SL),-452.14,173131.79
BXP,2025-12-01,2025-12-05,71.97,69.28,ZARAR (SL),-376.77,172752.02
BXP,2025-12-15,2025-12-18,71.62,69.19,ZARAR (SL),-342.29,172406.73
REG,2024-03-11,2024-03-14,57.14,55.26,ZARAR (SL),-332.64,172071.09
REG,2024-05-03,2024-06-13,55.01,58.1,KAR (TP),557.83,172625.92
REG,2024-06-21,2024-07-17,58.59,62.57,KAR (TP),676.11,173299.03
REG,2024-07-24,2024-07-30,61.09,64.48,KAR (TP),552.64,173848.68
REG,2024-07-31,2024-08-21,63.49,66.74,KAR (TP),507.84,174353.52
REG,2024-09-17,2024-09-26,70.1,67.48,ZARAR (SL),-377.59,173972.92
REG,2024-10-18,2024-12-17,69.05,72.51,KAR (TP),498.98,174468.91
REG,2025-02-06,2025-02-28,70.06,73.66,KAR (TP),511.05,174976.96
REG,2025-03-04,2025-03-07,73.33,71.03,ZARAR (SL),-316.03,174657.93
REG,2025-05-13,2025-06-17,70.84,68.68,ZARAR (SL),-307.29,174347.63
REG,2025-07-24,2025-12-05,70.04,67.93,ZARAR (SL),-303.79,174040.85
VTR,2024-03-28,2024-04-16,41.62,39.84,ZARAR (SL),-430.19,173607.65
VTR,2024-04-30,2024-05-03,42.32,44.72,KAR (TP),563.85,174168.5
VTR,2024-05-30,2024-07-02,46.83,49.94,KAR (TP),660.0,174825.49
VTR,2024-07-31,2024-08-06,52.49,55.13,KAR (TP),498.47,175320.96
VTR,2024-09-26,2024-12-09,61.55,59.29,ZARAR (SL),-369.37,174948.6
VTR,2025-01-27,2025-01-29,60.5,58.32,ZARAR (SL),-362.11,174583.49
VTR,2025-02-13,2025-02-26,63.55,66.82,KAR (TP),511.32,175091.81
VTR,2025-03-10,2025-04-07,66.07,63.23,ZARAR (SL),-432.41,174656.4
VTR,2025-07-30,2025-09-15,66.02,69.37,KAR (TP),503.92,175157.32
VTR,2025-09-23,2025-10-20,68.06,71.5,KAR (TP),501.73,175656.05
VTR,2025-10-21,2025-10-30,70.24,74.36,KAR (TP),583.56,176236.61
VTR,2025-11-05,2025-11-17,74.98,79.0,KAR (TP),533.14,176766.75
VTR,2025-12-08,2025-12-10,81.0,77.73,ZARAR (SL),-406.7,176357.05
AVB,2024-03-04,2024-05-03,174.56,183.49,KAR (TP),508.5,176862.55
AVB,2024-06-04,2024-06-28,187.41,198.53,KAR (TP),590.06,177449.6
AVB,2024-07-01,2024-08-15,196.06,206.0,KAR (TP),504.05,177950.65
AVB,2024-08-16,2024-09-03,206.51,217.96,KAR (TP),551.34,178498.99
AVB,2024-09-17,2024-10-03,221.46,213.39,ZARAR (SL),-367.47,178128.53
AVB,2024-10-23,2024-10-31,221.94,214.27,ZARAR (SL),-348.47,177777.05
AVB,2024-11-25,2024-12-10,225.19,217.6,ZARAR (SL),-340.05,177434.0
AVB,2025-01-30,2025-03-11,214.26,207.49,ZARAR (SL),-318.63,177112.37
AVB,2025-05-07,2025-05-14,204.25,198.07,ZARAR (SL),-305.56,176803.81
AVB,2025-06-09,2025-07-28,203.29,196.97,ZARAR (SL),-313.91,176486.9
AVB,2025-09-10,2025-10-10,190.9,184.53,ZARAR (SL),-336.6,176147.3
EPR,2024-03-11,2024-04-02,37.48,36.33,ZARAR (SL),-308.04,175834.77
EPR,2024-05-02,2024-05-23,37.63,36.19,ZARAR (SL),-387.8,175443.97
EPR,2024-06-24,2024-07-12,37.16,39.09,KAR (TP),514.59,175955.55
EPR,2024-07-19,2024-08-21,39.82,42.14,KAR (TP),579.69,176532.24
EPR,2024-09-12,2024-10-31,43.75,42.13,ZARAR (SL),-371.54,176157.7
EPR,2024-12-09,2024-12-18,42.26,40.35,ZARAR (SL),-454.13,175700.57
EPR,2025-01-06,2025-01-21,42.04,44.77,KAR (TP),645.77,176343.34
EPR,2025-01-23,2025-02-13,43.73,46.11,KAR (TP),543.21,176883.55
EPR,2025-02-18,2025-02-27,46.34,49.32,KAR (TP),640.25,177520.8
EPR,2025-03-11,2025-04-03,49.49,46.72,ZARAR (SL),-562.48,176955.33
EPR,2025-05-29,2025-06-20,53.2,56.43,KAR (TP),603.75,177556.08
EPR,2025-06-24,2025-07-14,56.26,59.55,KAR (TP),581.1,178134.18
EPR,2025-09-09,2025-09-12,54.37,57.49,KAR (TP),572.15,178703.33
EPR,2025-09-16,2025-10-08,55.81,53.71,ZARAR (SL),-379.93,178320.4
EPR,2025-12-02,2025-12-09,52.36,50.7,ZARAR (SL),-320.04,177997.36
KIM,2024-03-28,2024-04-02,18.09,17.43,ZARAR (SL),-370.16,177624.2
KIM,2024-05-02,2024-05-28,17.49,16.82,ZARAR (SL),-388.02,177233.18
KIM,2024-06-21,2024-07-11,17.73,18.96,KAR (TP),687.2,177917.38
KIM,2024-07-31,2024-08-22,20.3,21.32,KAR (TP),498.61,178412.99
KIM,2024-09-23,2024-09-26,22.31,21.59,ZARAR (SL),-324.63,178085.37
KIM,2024-10-15,2024-11-21,22.68,23.89,KAR (TP),534.05,178616.42
KIM,2024-11-25,2024-12-11,24.11,23.31,ZARAR (SL),-334.24,178279.18
KIM,2025-05-13,2025-05-21,20.7,19.88,ZARAR (SL),-399.09,177877.09
KIM,2025-06-06,2025-07-22,20.49,21.55,KAR (TP),511.53,178385.62
KIM,2025-07-25,2025-08-01,21.27,20.25,ZARAR (SL),-480.5,177902.12
KIM,2025-08-26,2025-10-10,21.59,20.51,ZARAR (SL),-500.3,177398.82
KIM,2025-10-20,2025-10-30,21.72,20.72,ZARAR (SL),-462.09,176933.73
FRT,2024-01-30,2024-02-05,96.1,92.57,ZARAR (SL),-369.8,176559.44
FRT,2024-03-06,2024-04-16,94.44,90.41,ZARAR (SL),-429.89,176126.54
FRT,2024-04-30,2024-05-20,97.66,94.7,ZARAR (SL),-306.35,175817.19
FRT,2024-06-21,2024-07-12,95.01,100.76,KAR (TP),601.49,176415.68
FRT,2024-07-31,2024-09-13,105.82,111.26,KAR (TP),511.11,176923.79
FRT,2024-09-16,2024-09-20,111.1,107.12,ZARAR (SL),-360.45,176560.34
FRT,2024-10-30,2024-11-01,109.33,105.67,ZARAR (SL),-337.35,176219.98
FRT,2024-11-11,2024-12-18,109.91,105.19,ZARAR (SL),-432.22,175784.77
FRT,2025-02-07,2025-02-14,107.25,101.5,ZARAR (SL),-539.13,175242.63
FRT,2025-05-08,2025-08-01,93.08,89.6,ZARAR (SL),-376.67,174862.97
FRT,2025-09-15,2025-10-10,99.95,95.58,ZARAR (SL),-440.46,174419.5
FRT,2025-10-21,2025-10-29,100.26,95.47,ZARAR (SL),-480.76,173935.74
LUMN,2024-03-19,2024-03-22,1.69,1.61,ZARAR (SL),-476.37,173454.87
LUMN,2024-06-05,2024-06-07,1.33,1.27,ZARAR (SL),-454.13,172997.74
LUMN,2024-09-20,2024-09-23,6.66,7.28,KAR (TP),927.93,173922.67
LUMN,2024-10-18,2024-10-22,6.74,6.13,ZARAR (SL),-908.04,173011.63
LUMN,2024-11-01,2024-11-04,7.0,7.48,KAR (TP),682.71,173691.35
LUMN,2025-01-24,2025-01-27,5.92,4.97,ZARAR (SL),-1607.73,172080.61
LUMN,2025-03-05,2025-03-10,5.16,4.93,ZARAR (SL),-448.74,171628.88
LUMN,2025-03-21,2025-03-25,4.92,4.4,ZARAR (SL),-1059.91,170565.97
LUMN,2025-05-02,2025-05-05,3.78,4.23,KAR (TP),1187.48,171750.44
LUMN,2025-06-23,2025-06-27,4.24,4.51,KAR (TP),633.79,172381.24
LUMN,2025-07-22,2025-08-01,4.45,3.71,ZARAR (SL),-1665.92,170712.32
LUMN,2025-08-18,2025-08-20,4.69,4.43,ZARAR (SL),-557.37,170151.95
LUMN,2025-09-04,2025-09-05,4.97,4.75,ZARAR (SL),-445.66,169703.29
LUMN,2025-09-15,2025-09-16,5.85,5.54,ZARAR (SL),-532.91,169167.38
LUMN,2025-10-22,2025-10-23,7.04,7.79,KAR (TP),1062.34,170226.72
LUMN,2025-10-24,2025-10-27,8.09,9.36,KAR (TP),1566.84,171790.56
LUMN,2025-11-04,2025-11-11,10.54,9.25,ZARAR (SL),-1226.91,170560.65
FOX,2024-02-02,2024-02-07,28.77,26.71,ZARAR (SL),-720.18,169837.46
FOX,2024-04-30,2024-05-08,28.19,30.06,KAR (TP),662.97,170497.43
FOX,2024-05-13,2024-06-03,30.21,31.73,KAR (TP),497.98,170992.41
FOX,2024-06-04,2024-06-11,31.62,30.57,ZARAR (SL),-335.61,170653.8
FOX,2024-06-21,2024-07-16,31.51,33.63,KAR (TP),670.74,171321.53
FOX,2024-08-02,2024-08-08,34.28,36.06,KAR (TP),515.92,171834.46
FOX,2024-08-09,2024-08-30,35.97,37.77,KAR (TP),497.0,172328.46
FOX,2024-09-06,2024-09-12,36.98,35.67,ZARAR (SL),-356.32,171969.14
FOX,2024-09-24,2024-11-06,38.47,41.95,KAR (TP),902.81,172868.95
FOX,2024-11-25,2024-12-17,43.27,46.0,KAR (TP),628.44,173494.39
FOX,2024-12-18,2025-02-03,46.06,48.69,KAR (TP),568.67,174060.06
FOX,2025-02-25,2025-03-10,52.74,49.75,ZARAR (SL),-570.21,173486.86
FOX,2025-05-05,2025-05-12,45.59,48.47,KAR (TP),629.91,174113.77
FOX,2025-05-22,2025-08-13,50.26,53.51,KAR (TP),644.4,174755.17
FOX,2025-09-03,2025-09-09,54.87,53.02,ZARAR (SL),-340.16,174412.01
FOX,2025-09-19,2025-09-30,54.55,57.29,KAR (TP),499.29,174908.3
FOX,2025-11-17,2025-12-08,58.06,61.26,KAR (TP),548.15,175453.45
ETSY,2024-02-09,2024-02-13,78.09,74.39,ZARAR (SL),-476.81,174973.64
ETSY,2024-04-16,2024-05-02,68.36,59.24,ZARAR (SL),-1337.11,173633.53
ETSY,2024-05-31,2024-06-13,63.47,60.14,ZARAR (SL),-527.66,173102.87
ETSY,2024-07-16,2024-07-19,65.47,62.76,ZARAR (SL),-416.93,172682.94
ETSY,2024-07-31,2024-08-01,65.14,60.16,ZARAR (SL),-767.51,171912.43
ETSY,2024-09-13,2024-09-16,55.65,53.88,ZARAR (SL),-321.06,171588.37
ETSY,2024-10-31,2024-11-15,51.44,49.63,ZARAR (SL),-354.87,171230.51
ETSY,2024-11-25,2024-12-04,55.68,59.06,KAR (TP),604.04,171831.55
ETSY,2024-12-19,2024-12-24,57.14,55.13,ZARAR (SL),-354.77,171473.78
ETSY,2025-01-28,2025-02-04,55.79,53.96,ZARAR (SL),-331.02,171139.76
ETSY,2025-02-14,2025-02-19,57.2,51.53,ZARAR (SL),-994.26,170142.5
ETSY,2025-04-03,2025-04-04,48.41,44.42,ZARAR (SL),-827.21,169312.29
ETSY,2025-04-22,2025-04-30,45.93,43.48,ZARAR (SL),-536.42,168772.87
ETSY,2025-05-12,2025-05-27,47.59,50.48,KAR (TP),604.27,169374.14
ETSY,2025-06-13,2025-06-16,55.99,53.89,ZARAR (SL),-378.07,168993.08
ETSY,2025-07-29,2025-07-31,60.3,58.27,ZARAR (SL),-339.65,168650.43
ETSY,2025-08-12,2025-08-13,66.49,70.09,KAR (TP),538.43,169185.86
ETSY,2025-09-30,2025-10-01,66.39,70.49,KAR (TP),614.56,169797.42
ETSY,2025-10-03,2025-10-06,72.38,70.0,ZARAR (SL),-331.82,169462.6
ETSY,2025-10-28,2025-10-29,74.78,65.21,ZARAR (SL),-1282.75,168176.85
EBAY,2024-02-16,2024-02-28,41.98,46.27,KAR (TP),1018.86,169191.21
EBAY,2024-04-29,2024-05-01,51.24,49.6,ZARAR (SL),-323.38,168864.83
EBAY,2024-05-28,2024-07-16,51.38,54.11,KAR (TP),526.66,169388.49
EBAY,2024-07-26,2024-08-20,52.9,55.59,KAR (TP),506.41,169891.91
EBAY,2024-08-21,2024-09-12,57.29,61.97,KAR (TP),813.71,170702.61
EBAY,2024-11-25,2024-12-30,63.74,61.13,ZARAR (SL),-413.58,170286.04
EBAY,2025-01-10,2025-01-22,64.91,62.92,ZARAR (SL),-309.53,169973.51
EBAY,2025-02-18,2025-02-27,68.74,62.52,ZARAR (SL),-907.14,169063.37
EBAY,2025-05-12,2025-05-29,68.43,71.97,KAR (TP),514.64,169575.01
EBAY,2025-06-23,2025-06-24,76.35,73.86,ZARAR (SL),-329.57,169242.44
EBAY,2025-07-28,2025-07-31,78.48,91.14,KAR (TP),1610.92,170850.37
EBAY,2025-10-07,2025-10-09,92.71,89.81,ZARAR (SL),-315.77,170531.6
EBAY,2025-10-20,2025-10-30,95.31,83.44,ZARAR (SL),-1249.21,169279.39
EA,2024-01-26,2024-02-05,138.04,133.6,ZARAR (SL),-324.33,168950.56
EA,2024-02-16,2024-03-05,140.87,135.11,ZARAR (SL),-411.93,168535.63
EA,2024-05-16,2024-06-04,128.05,135.52,KAR (TP),580.51,169113.14
EA,2024-06-28,2024-07-16,138.33,145.62,KAR (TP),523.81,169633.95
EA,2024-07-22,2024-07-31,142.22,149.86,KAR (TP),533.82,170164.77
EA,2024-08-01,2024-09-11,147.33,142.85,ZARAR (SL),-307.37,169854.41
EA,2024-10-18,2024-11-04,143.5,151.99,KAR (TP),588.62,170440.02
EA,2024-11-25,2024-12-13,163.17,156.87,ZARAR (SL),-389.15,170047.87
EA,2025-02-21,2025-03-07,130.33,139.57,KAR (TP),706.61,170751.48
EA,2025-05-01,2025-05-05,144.62,154.23,KAR (TP),661.37,171409.84
EA,2025-05-06,2025-05-12,154.03,148.77,ZARAR (SL),-344.01,171062.83
EA,2025-06-20,2025-06-30,150.25,159.37,KAR (TP),604.07,171663.9
EA,2025-07-22,2025-07-25,156.7,151.37,ZARAR (SL),-343.09,171317.82
EA,2025-08-05,2025-08-11,160.66,175.75,KAR (TP),936.19,172251.0
EA,2025-09-16,2025-09-26,171.92,193.17,KAR (TP),1233.05,173481.06
TTWO,2024-02-02,2024-02-09,167.0,154.91,ZARAR (SL),-726.95,172749.6
TTWO,2024-05-15,2024-05-28,148.08,156.79,KAR (TP),585.19,173331.8
TTWO,2024-06-10,2024-06-18,160.54,155.37,ZARAR (SL),-325.04,173003.76
TTWO,2024-08-20,2024-09-20,154.81,148.78,ZARAR (SL),-392.51,172608.25
TTWO,2024-12-05,2024-12-18,190.03,181.9,ZARAR (SL),-430.83,172174.42
TTWO,2025-01-03,2025-01-07,188.75,181.75,ZARAR (SL),-373.86,171797.56
TTWO,2025-01-17,2025-02-07,186.41,208.77,KAR (TP),1196.51,172991.07
TTWO,2025-03-04,2025-03-10,208.55,201.93,ZARAR (SL),-320.43,172667.64
TTWO,2025-03-21,2025-04-04,213.47,194.58,ZARAR (SL),-887.9,171776.74
TTWO,2025-04-24,2025-05-01,222.69,235.17,KAR (TP),557.42,172331.16
TTWO,2025-05-02,2025-05-06,219.5,231.84,KAR (TP),559.19,172887.34
TTWO,2025-05-07,2025-06-16,226.34,238.6,KAR (TP),538.66,173423.01
TTWO,2025-06-27,2025-07-11,241.44,233.92,ZARAR (SL),-314.46,173105.54
TTWO,2025-08-26,2025-09-08,230.82,248.78,KAR (TP),775.1,173877.64
TTWO,2025-09-22,2025-11-07,251.64,232.0,ZARAR (SL),-783.48,173091.16
AMAT,2024-02-08,2024-02-09,170.83,182.57,KAR (TP),684.22,173770.87
AMAT,2024-02-12,2024-02-16,182.28,196.06,KAR (TP),753.17,174521.05
AMAT,2024-02-20,2024-02-22,185.81,196.55,KAR (TP),574.8,175092.85
AMAT,2024-02-29,2024-03-06,198.41,208.79,KAR (TP),520.26,175610.11
AMAT,2024-03-28,2024-04-17,202.95,196.71,ZARAR (SL),-310.43,175296.68
AMAT,2024-05-15,2024-06-10,214.03,224.94,KAR (TP),506.72,175800.4
AMAT,2024-06-21,2024-07-09,232.09,247.92,KAR (TP),679.21,176476.62
AMAT,2024-07-11,2024-07-17,237.85,216.96,ZARAR (SL),-881.3,175592.31
AMAT,2024-08-30,2024-09-03,194.85,181.13,ZARAR (SL),-707.15,174882.17
AMAT,2024-10-01,2024-10-14,194.79,211.27,KAR (TP),843.35,175722.51
AMAT,2024-11-14,2024-11-15,183.72,166.81,ZARAR (SL),-923.43,174796.09
AMAT,2024-12-02,2024-12-05,181.45,170.33,ZARAR (SL),-616.3,174176.78
AMAT,2025-01-06,2025-01-10,175.72,169.95,ZARAR (SL),-331.49,173842.3
AMAT,2025-02-13,2025-02-14,182.44,167.52,ZARAR (SL),-820.82,173018.47
AMAT,2025-04-09,2025-04-10,148.59,137.19,ZARAR (SL),-770.38,172245.09
AMAT,2025-05-16,2025-05-23,164.31,156.75,ZARAR (SL),-462.75,171779.34
AMAT,2025-06-20,2025-06-24,168.65,179.31,KAR (TP),629.6,172405.94
AMAT,2025-06-27,2025-07-08,182.33,194.05,KAR (TP),639.98,173042.92
AMAT,2025-09-17,2025-09-18,177.78,189.39,KAR (TP),649.89,173689.81
AMAT,2025-10-10,2025-10-15,209.54,227.13,KAR (TP),836.72,174523.53
AMAT,2025-10-29,2025-11-11,235.29,228.22,ZARAR (SL),-303.32,174217.22
AMAT,2025-11-24,2025-11-25,230.91,242.46,KAR (TP),497.2,174711.41
AMAT,2025-11-26,2025-12-02,249.97,265.33,KAR (TP),611.47,175319.88
TSM,2024-03-01,2024-03-06,130.28,137.74,KAR (TP),569.82,175886.7
TSM,2024-03-11,2024-04-09,135.26,142.04,KAR (TP),498.4,176382.1
TSM,2024-04-10,2024-04-15,142.84,136.9,ZARAR (SL),-418.81,175960.29
TSM,2024-05-16,2024-05-24,148.71,156.3,KAR (TP),507.41,176464.7
TSM,2024-05-29,2024-06-05,150.77,159.15,KAR (TP),552.92,177014.62
TSM,2024-06-06,2024-06-12,158.32,168.98,KAR (TP),670.17,177681.78
TSM,2024-06-13,2024-07-03,169.45,178.83,KAR (TP),551.05,178229.83
TSM,2024-07-08,2024-07-17,182.89,167.77,ZARAR (SL),-829.77,177397.06
TSM,2024-09-12,2024-09-24,168.62,178.98,KAR (TP),611.83,178005.89
TSM,2024-09-27,2024-10-01,175.05,169.24,ZARAR (SL),-334.52,177668.37
TSM,2024-10-11,2024-10-17,187.68,202.46,KAR (TP),784.69,178450.07
TSM,2024-10-28,2024-11-13,191.48,183.6,ZARAR (SL),-414.96,178032.11
TSM,2024-12-02,2024-12-05,191.21,200.95,KAR (TP),506.26,178535.37
TSM,2024-12-13,2024-12-19,198.32,192.05,ZARAR (SL),-318.94,178213.43
TSM,2025-01-06,2025-01-07,217.08,208.61,ZARAR (SL),-393.44,177817.0
TSM,2025-01-17,2025-01-22,208.69,220.23,KAR (TP),550.19,178364.19
TSM,2025-06-04,2025-06-11,200.49,212.08,KAR (TP),575.06,178936.25
TSM,2025-07-07,2025-07-17,227.83,244.17,KAR (TP),713.94,179647.19
TSM,2025-07-18,2025-08-05,239.0,231.12,ZARAR (SL),-332.87,179311.32
TSM,2025-09-05,2025-09-10,241.99,258.92,KAR (TP),696.64,180004.97
TSM,2025-10-10,2025-10-13,279.9,302.07,KAR (TP),789.06,180791.03
TSM,2025-10-14,2025-11-07,295.14,285.73,ZARAR (SL),-321.98,180466.04
TSM,2025-12-08,2025-12-15,301.06,287.74,ZARAR (SL),-445.35,180017.69
MCHP,2024-03-08,2024-04-12,84.67,81.62,ZARAR (SL),-363.2,179651.49
MCHP,2024-04-24,2024-05-15,86.42,90.88,KAR (TP),513.1,180161.59
MCHP,2024-05-20,2024-06-07,91.93,88.9,ZARAR (SL),-331.93,179826.67
MCHP,2024-07-10,2024-07-11,91.9,88.18,ZARAR (SL),-408.29,179415.37
MCHP,2024-07-22,2024-07-23,89.16,85.9,ZARAR (SL),-369.19,179043.18
MCHP,2024-09-26,2024-10-01,77.32,74.61,ZARAR (SL),-354.14,178686.04
MCHP,2024-10-29,2024-10-30,76.11,72.77,ZARAR (SL),-441.96,178241.08
MCHP,2025-02-21,2025-02-27,59.2,55.79,ZARAR (SL),-579.59,177658.48
MCHP,2025-05-30,2025-06-03,57.13,62.83,KAR (TP),996.31,178651.79
MCHP,2025-06-05,2025-06-09,63.36,66.98,KAR (TP),568.69,179217.49
MCHP,2025-07-22,2025-07-23,74.07,69.14,ZARAR (SL),-668.69,178545.8
MCHP,2025-08-22,2025-08-27,68.52,66.05,ZARAR (SL),-363.14,178179.66
MCHP,2025-12-03,2025-12-08,63.61,67.35,KAR (TP),584.96,178761.62
TER,2024-02-29,2024-03-07,102.84,109.19,KAR (TP),614.82,179373.44
TER,2024-03-08,2024-03-18,105.35,102.12,ZARAR (SL),-310.2,179060.24
TER,2024-03-28,2024-04-03,112.01,108.06,ZARAR (SL),-355.74,178701.49
TER,2024-04-26,2024-05-03,113.3,119.57,KAR (TP),549.88,179248.37
TER,2024-06-12,2024-07-10,147.91,158.11,KAR (TP),686.91,179932.28
TER,2024-07-11,2024-07-16,153.81,161.96,KAR (TP),526.72,180456.0
TER,2024-07-17,2024-07-19,151.38,145.49,ZARAR (SL),-392.24,180060.76
TER,2024-09-11,2024-10-15,130.79,126.67,ZARAR (SL),-318.57,179739.2
TER,2024-12-02,2024-12-09,112.71,119.04,KAR (TP),558.84,180295.04
TER,2024-12-19,2025-01-06,124.65,139.39,KAR (TP),1180.0,181472.04
TER,2025-01-07,2025-01-10,138.22,133.59,ZARAR (SL),-337.97,181131.07
TER,2025-01-21,2025-01-27,131.73,119.75,ZARAR (SL),-912.3,180215.77
TER,2025-05-27,2025-05-30,81.6,78.46,ZARAR (SL),-387.14,179825.63
TER,2025-06-09,2025-06-13,86.65,82.93,ZARAR (SL),-431.57,179391.06
TER,2025-06-23,2025-07-01,87.21,91.76,KAR (TP),518.98,179907.03
TER,2025-07-02,2025-07-07,94.01,90.43,ZARAR (SL),-384.19,179519.85
TER,2025-07-30,2025-08-01,107.46,103.98,ZARAR (SL),-327.2,179189.65
TER,2025-09-02,2025-09-09,120.4,114.98,ZARAR (SL),-452.73,178733.92
TER,2025-09-19,2025-09-22,119.76,135.08,KAR (TP),1276.1,180007.02
TER,2025-09-23,2025-10-02,134.58,144.42,KAR (TP),728.36,180732.38
TER,2025-10-27,2025-10-29,147.39,173.81,KAR (TP),1789.54,182518.92
TER,2025-11-13,2025-11-18,169.46,163.6,ZARAR (SL),-349.13,182166.79
TER,2025-12-02,2025-12-05,189.94,200.77,KAR (TP),567.18,182730.97
U,2024-07-15,2024-07-17,16.93,18.09,KAR (TP),682.17,183408.65
U,2024-07-18,2024-07-24,16.37,15.6,ZARAR (SL),-473.37,182932.27
U,2024-08-30,2024-09-06,16.37,15.86,ZARAR (SL),-314.55,182614.73
U,2024-09-16,2024-09-23,20.3,21.37,KAR (TP),524.09,183135.82
U,2024-11-06,2024-11-08,21.67,20.5,ZARAR (SL),-542.92,182589.91
U,2024-11-20,2024-11-22,21.63,23.53,KAR (TP),875.41,183462.32
U,2024-11-25,2024-12-04,24.02,26.34,KAR (TP),962.86,184422.18
U,2025-02-18,2025-02-20,21.82,28.0,KAR (TP),2829.26,187248.44
U,2025-02-25,2025-03-03,25.65,23.7,ZARAR (SL),-763.23,186482.21
U,2025-05-07,2025-05-12,20.66,21.84,KAR (TP),568.15,187047.36
U,2025-05-13,2025-05-15,21.95,21.22,ZARAR (SL),-335.57,186708.79
U,2025-05-28,2025-05-29,24.54,23.77,ZARAR (SL),-316.77,186389.01
U,2025-07-03,2025-07-07,26.13,27.86,KAR (TP),659.07,187045.09
U,2025-08-04,2025-08-06,34.01,31.92,ZARAR (SL),-617.52,186424.56
U,2025-08-22,2025-09-05,39.16,43.82,KAR (TP),1186.99,187608.55
U,2025-09-18,2025-09-25,45.45,42.11,ZARAR (SL),-737.87,186867.68
U,2025-11-03,2025-11-04,37.55,35.87,ZARAR (SL),-450.4,186414.28
U,2025-11-19,2025-11-20,39.22,37.71,ZARAR (SL),-388.01,186023.27
U,2025-12-15,2025-12-17,45.22,43.78,ZARAR (SL),-321.44,185698.82
VEEV,2024-01-31,2024-02-12,207.41,218.46,KAR (TP),529.76,186225.58
VEEV,2024-02-13,2024-02-28,213.93,225.37,KAR (TP),531.75,186754.34
VEEV,2024-02-29,2024-04-02,225.51,216.41,ZARAR (SL),-406.53,186344.81
VEEV,2024-05-16,2024-05-28,209.65,203.09,ZARAR (SL),-315.9,186025.91
VEEV,2024-07-22,2024-08-21,187.0,201.44,KAR (TP),769.19,186792.1
VEEV,2024-08-23,2024-08-29,199.25,217.02,KAR (TP),888.84,187677.94
VEEV,2024-09-19,2024-09-24,214.39,207.91,ZARAR (SL),-305.25,187369.69
VEEV,2024-10-16,2024-10-31,217.33,208.83,ZARAR (SL),-394.11,186972.58
VEEV,2024-11-11,2024-11-14,236.87,229.71,ZARAR (SL),-305.28,186664.31
VEEV,2024-11-25,2024-12-06,226.95,250.45,KAR (TP),1032.47,187693.78
VEEV,2025-03-07,2025-03-11,246.8,231.68,ZARAR (SL),-615.64,187075.14
VEEV,2025-05-14,2025-05-23,240.3,233.0,ZARAR (SL),-306.79,186765.35
VEEV,2025-06-20,2025-08-29,280.08,269.2,ZARAR (SL),-391.46,186370.89
VEEV,2025-09-08,2025-09-16,282.78,273.88,ZARAR (SL),-317.73,186050.16
VEEV,2025-09-26,2025-10-07,290.27,306.22,KAR (TP),546.49,186593.65
VEEV,2025-10-08,2025-10-10,301.8,286.59,ZARAR (SL),-506.98,186083.67
VEEV,2025-11-12,2025-11-17,296.96,277.01,ZARAR (SL),-674.81,185405.86
OKTA,2024-02-01,2024-02-05,84.9,82.14,ZARAR (SL),-328.09,185074.77
OKTA,2024-02-15,2024-02-20,89.44,83.66,ZARAR (SL),-649.24,184422.53
OKTA,2024-05-13,2024-05-30,98.4,88.81,ZARAR (SL),-977.59,183441.94
OKTA,2024-06-28,2024-07-15,93.61,98.47,KAR (TP),516.18,183955.11
OKTA,2024-07-17,2024-07-24,96.19,92.69,ZARAR (SL),-366.86,183585.25
OKTA,2024-08-16,2024-08-29,96.69,79.51,ZARAR (SL),-1779.81,181802.44
OKTA,2024-10-09,2024-10-21,76.52,74.04,ZARAR (SL),-327.1,181472.34
OKTA,2024-11-06,2024-11-15,76.61,73.66,ZARAR (SL),-388.07,181081.27
OKTA,2024-11-25,2024-12-02,76.5,80.85,KAR (TP),565.63,181643.9
OKTA,2024-12-03,2024-12-04,81.71,86.11,KAR (TP),535.49,182176.39
OKTA,2024-12-05,2024-12-30,83.51,79.64,ZARAR (SL),-466.99,181706.4
OKTA,2025-01-10,2025-01-21,84.37,89.4,KAR (TP),593.18,182296.58
OKTA,2025-02-14,2025-02-21,96.29,92.75,ZARAR (SL),-370.64,181922.94
OKTA,2025-03-04,2025-03-05,108.31,116.31,KAR (TP),735.62,182655.57
OKTA,2025-03-06,2025-03-10,111.22,105.19,ZARAR (SL),-545.17,182107.4
OKTA,2025-04-30,2025-05-07,112.16,118.03,KAR (TP),520.36,182624.76
OKTA,2025-05-27,2025-05-28,125.5,105.22,ZARAR (SL),-1618.54,181003.22
OKTA,2025-07-25,2025-07-28,101.1,97.84,ZARAR (SL),-325.45,180674.76
OKTA,2025-09-19,2025-09-24,93.37,89.87,ZARAR (SL),-377.85,180293.91
OKTA,2025-10-06,2025-10-07,93.71,90.89,ZARAR (SL),-303.93,179986.98
NET,2024-02-02,2024-02-08,82.65,90.31,KAR (TP),923.8,180907.78
NET,2024-02-13,2024-02-21,99.88,95.09,ZARAR (SL),-482.58,180422.21
NET,2024-03-26,2024-04-01,99.07,95.66,ZARAR (SL),-347.2,180072.01
NET,2024-06-12,2024-06-25,75.42,80.66,KAR (TP),691.78,180760.78
NET,2024-08-30,2024-09-03,82.14,78.11,ZARAR (SL),-493.63,180264.16
NET,2024-09-19,2024-10-01,82.83,78.11,ZARAR (SL),-572.84,179688.32
NET,2024-10-11,2024-10-17,93.47,90.4,ZARAR (SL),-331.45,179353.87
NET,2024-10-30,2024-11-04,89.85,86.49,ZARAR (SL),-376.96,178973.91
NET,2024-11-18,2024-11-21,92.29,104.24,KAR (TP),1291.83,180262.74
NET,2024-12-02,2024-12-04,105.05,110.72,KAR (TP),536.74,180796.48
NET,2024-12-18,2025-01-03,109.1,114.73,KAR (TP),513.04,181306.53
NET,2025-01-07,2025-01-21,113.67,119.85,KAR (TP),540.68,181844.2
NET,2025-02-19,2025-02-21,160.59,151.96,ZARAR (SL),-540.39,181300.81
NET,2025-06-12,2025-06-17,170.81,181.23,KAR (TP),607.03,181904.85
NET,2025-06-27,2025-07-01,194.05,184.95,ZARAR (SL),-471.95,181429.89
NET,2025-07-16,2025-07-28,189.81,199.41,KAR (TP),502.77,181929.66
NET,2025-08-01,2025-08-06,200.11,215.53,KAR (TP),767.58,182694.24
NET,2025-08-28,2025-09-03,213.42,205.71,ZARAR (SL),-364.26,182326.98
NET,2025-09-16,2025-10-16,219.24,211.4,ZARAR (SL),-360.6,181963.38
NET,2025-10-27,2025-10-31,225.11,253.3,KAR (TP),1249.28,183209.66
NET,2025-11-04,2025-11-06,232.91,225.9,ZARAR (SL),-303.98,182902.68
CRWD,2024-02-12,2024-02-21,321.29,292.36,ZARAR (SL),-903.43,181994.75
CRWD,2024-03-06,2024-03-11,329.57,317.37,ZARAR (SL),-373.18,181618.57
CRWD,2024-05-06,2024-05-15,317.81,343.12,KAR (TP),793.39,182408.96
CRWD,2024-06-05,2024-06-10,342.18,374.57,KAR (TP),943.58,183349.54
CRWD,2024-06-11,2024-07-11,384.63,370.43,ZARAR (SL),-372.19,182974.35
CRWD,2024-08-28,2024-09-06,264.2,246.39,ZARAR (SL),-677.11,182294.24
CRWD,2024-09-19,2024-09-20,277.38,299.85,KAR (TP),807.08,183098.32
CRWD,2024-09-23,2024-09-26,293.14,281.48,ZARAR (SL),-400.76,182694.56
CRWD,2024-10-10,2024-10-15,314.92,302.31,ZARAR (SL),-403.42,182288.14
CRWD,2024-10-25,2024-11-06,300.62,320.0,KAR (TP),641.67,182926.81
CRWD,2024-11-07,2024-11-13,330.78,347.88,KAR (TP),513.96,183437.77
CRWD,2024-11-15,2024-11-21,336.75,357.55,KAR (TP),614.67,184049.43
CRWD,2024-11-27,2024-12-06,347.59,365.65,KAR (TP),516.58,184563.01
CRWD,2024-12-16,2024-12-17,388.2,376.42,ZARAR (SL),-306.45,184253.56
CRWD,2025-01-22,2025-01-28,377.98,408.68,KAR (TP),809.21,185059.77
CRWD,2025-01-29,2025-02-05,397.07,417.22,KAR (TP),504.47,185561.24
CRWD,2025-04-09,2025-04-21,378.01,362.69,ZARAR (SL),-408.28,185149.96
CRWD,2025-05-07,2025-05-19,422.52,444.35,KAR (TP),513.66,185660.62
CRWD,2025-05-21,2025-05-27,434.74,472.22,KAR (TP),859.12,186516.75
CRWD,2025-06-04,2025-06-17,460.56,492.03,KAR (TP),680.3,187194.04
CRWD,2025-06-20,2025-06-26,476.3,505.22,KAR (TP),604.18,187795.22
CRWD,2025-07-07,2025-07-10,505.46,487.11,ZARAR (SL),-366.04,187426.19
CRWD,2025-09-17,2025-09-18,445.5,502.63,KAR (TP),1279.38,188702.57
CRWD,2025-10-08,2025-10-10,509.95,493.66,ZARAR (SL),-322.44,188377.12
CRWD,2025-10-20,2025-10-27,503.61,529.7,KAR (TP),515.06,188889.18
CRWD,2025-10-28,2025-11-13,546.94,529.78,ZARAR (SL),-316.75,188569.44
DDOG,2024-01-26,2024-02-02,123.95,134.31,KAR (TP),832.82,189399.26
DDOG,2024-02-09,2024-02-16,134.91,129.74,ZARAR (SL),-386.22,189010.04
DDOG,2024-04-10,2024-04-19,125.82,120.09,ZARAR (SL),-458.41,188548.63
DDOG,2024-05-01,2024-05-07,126.42,112.4,ZARAR (SL),-1112.0,187433.63
DDOG,2024-06-12,2024-06-27,119.11,128.45,KAR (TP),781.15,188211.78
DDOG,2024-07-09,2024-07-17,126.63,121.16,ZARAR (SL),-434.97,187773.81
DDOG,2024-10-01,2024-10-04,113.98,122.69,KAR (TP),761.17,188531.98
DDOG,2024-10-25,2024-11-11,126.6,122.36,ZARAR (SL),-337.91,188191.07
DDOG,2024-12-10,2024-12-18,154.91,150.2,ZARAR (SL),-307.05,187881.02
DDOG,2025-01-28,2025-01-29,151.89,145.72,ZARAR (SL),-409.21,187468.8
DDOG,2025-02-10,2025-02-13,147.1,135.89,ZARAR (SL),-765.07,186700.74
DDOG,2025-05-30,2025-06-17,117.88,124.84,KAR (TP),587.43,187285.17
DDOG,2025-06-20,2025-06-30,127.5,134.33,KAR (TP),532.69,187814.85
DDOG,2025-08-28,2025-08-29,140.96,136.68,ZARAR (SL),-306.63,187505.22
DDOG,2025-09-10,2025-09-16,139.13,134.59,ZARAR (SL),-329.31,187172.91
DDOG,2025-09-29,2025-10-01,145.26,152.7,KAR (TP),509.19,187679.09
DDOG,2025-10-03,2025-10-08,151.82,164.12,KAR (TP),807.17,188483.26
DDOG,2025-10-16,2025-10-31,151.17,162.81,KAR (TP),766.99,189247.25
DDOG,2025-11-03,2025-11-05,162.08,154.98,ZARAR (SL),-441.06,188803.2
ZS,2024-01-30,2024-02-05,241.12,232.05,ZARAR (SL),-379.16,188421.04
ZS,2024-02-20,2024-02-21,249.04,213.92,ZARAR (SL),-1413.22,187004.82
ZS,2024-05-16,2024-05-23,179.31,171.91,ZARAR (SL),-415.69,186586.13
ZS,2024-06-06,2024-06-12,178.93,188.83,KAR (TP),550.29,187133.42
ZS,2024-06-21,2024-06-27,179.55,189.2,KAR (TP),534.45,187664.87
ZS,2024-06-28,2024-07-12,192.19,201.9,KAR (TP),502.23,188164.1
ZS,2024-08-16,2024-09-04,192.9,157.13,ZARAR (SL),-1857.33,186303.78
ZS,2024-10-04,2024-10-09,173.93,185.97,KAR (TP),689.23,186990.01
ZS,2024-11-06,2024-11-12,193.03,209.04,KAR (TP),826.4,187813.41
ZS,2024-11-27,2024-12-03,204.96,198.64,ZARAR (SL),-311.35,187499.06
ZS,2025-01-27,2025-01-28,191.24,204.68,KAR (TP),699.78,188195.84
ZS,2025-02-11,2025-02-21,209.24,198.56,ZARAR (SL),-513.42,187679.42
ZS,2025-03-07,2025-03-10,208.76,194.69,ZARAR (SL),-676.98,186999.44
ZS,2025-03-28,2025-03-31,207.14,198.42,ZARAR (SL),-423.97,186572.47
ZS,2025-07-01,2025-07-10,307.32,296.18,ZARAR (SL),-365.49,186203.98
ZS,2025-09-08,2025-09-29,281.6,296.9,KAR (TP),540.32,186741.31
ZS,2025-09-30,2025-10-09,299.66,315.21,KAR (TP),515.92,187254.23
ZS,2025-10-10,2025-10-16,309.88,299.24,ZARAR (SL),-346.36,186904.87
ZS,2025-10-29,2025-11-13,320.96,308.6,ZARAR (SL),-388.09,186513.77
TEAM,2024-01-26,2024-02-02,247.79,217.39,ZARAR (SL),-1229.85,185280.93
TEAM,2024-04-25,2024-04-26,198.41,179.45,ZARAR (SL),-958.6,184319.33
TEAM,2024-06-26,2024-07-02,171.66,182.28,KAR (TP),615.66,184931.99
TEAM,2024-09-06,2024-09-17,161.31,155.82,ZARAR (SL),-343.34,184585.66
TEAM,2024-10-04,2024-10-10,171.0,184.0,KAR (TP),757.23,185339.89
TEAM,2024-10-29,2024-11-01,191.74,224.35,KAR (TP),1697.74,187034.63
TEAM,2024-12-10,2024-12-18,266.45,250.19,ZARAR (SL),-613.25,186418.39
TEAM,2025-01-23,2025-01-31,265.7,306.78,KAR (TP),1543.1,187958.49
TEAM,2025-02-19,2025-02-21,303.72,285.99,ZARAR (SL),-586.76,187368.73
TEAM,2025-05-02,2025-05-12,208.48,223.75,KAR (TP),729.44,188095.17
TEAM,2025-06-05,2025-06-11,218.6,201.5,ZARAR (SL),-785.25,187306.92
TEAM,2025-07-23,2025-07-31,202.57,191.78,ZARAR (SL),-535.66,186768.27
TEAM,2025-09-09,2025-09-10,182.36,174.32,ZARAR (SL),-443.89,186321.38
TEAM,2025-10-22,2025-10-24,167.89,162.64,ZARAR (SL),-315.7,186002.67
TEAM,2025-11-03,2025-11-04,176.08,165.0,ZARAR (SL),-632.26,185367.42
ADSK,2024-02-05,2024-02-09,252.81,266.68,KAR (TP),545.63,185908.55
ADSK,2024-02-13,2024-03-05,256.76,247.29,ZARAR (SL),-371.83,185533.72
ADSK,2024-03-21,2024-04-02,265.75,248.71,ZARAR (SL),-644.2,184886.52
ADSK,2024-05-17,2024-05-28,221.21,210.45,ZARAR (SL),-489.42,184394.1
ADSK,2024-06-12,2024-06-17,223.02,240.51,KAR (TP),781.23,185172.34
ADSK,2024-09-04,2024-09-19,255.79,269.76,KAR (TP),543.15,185712.49
ADSK,2024-09-20,2024-10-11,267.29,281.67,KAR (TP),534.99,186244.48
ADSK,2024-10-14,2024-11-06,285.31,302.33,KAR (TP),593.54,186835.02
ADSK,2024-11-14,2024-11-27,306.65,290.64,ZARAR (SL),-525.09,186306.93
ADSK,2025-01-22,2025-02-20,301.45,291.02,ZARAR (SL),-349.0,185954.94
ADSK,2025-04-09,2025-04-21,263.53,254.27,ZARAR (SL),-354.38,185597.55
ADSK,2025-05-30,2025-07-01,296.12,311.67,KAR (TP),522.13,186116.68
ADSK,2025-07-09,2025-07-10,307.27,286.11,ZARAR (SL),-691.65,185422.03
ADSK,2025-09-19,2025-10-08,322.67,311.41,ZARAR (SL),-351.96,185067.07
MSI,2024-02-05,2024-03-13,318.58,336.58,KAR (TP),562.02,185624.59
MSI,2024-03-18,2024-05-07,333.96,351.77,KAR (TP),530.48,186152.07
MSI,2024-05-13,2024-06-11,351.61,370.17,KAR (TP),524.93,186674.0
MSI,2024-06-12,2024-07-31,372.57,392.82,KAR (TP),540.31,187211.31
MSI,2024-08-01,2024-08-14,392.48,412.19,KAR (TP),499.03,187707.34
MSI,2024-09-06,2024-10-08,424.9,451.91,KAR (TP),632.75,188337.09
MSI,2024-10-23,2024-10-30,460.96,447.06,ZARAR (SL),-304.45,188029.65
MSI,2024-11-11,2024-12-09,490.45,472.64,ZARAR (SL),-366.21,187660.44
MSI,2025-01-21,2025-02-14,462.78,433.4,ZARAR (SL),-637.83,187019.61
MSI,2025-03-21,2025-04-04,419.24,398.83,ZARAR (SL),-489.86,186526.75
MSI,2025-05-01,2025-05-02,435.56,403.09,ZARAR (SL),-748.51,185775.23
MSI,2025-05-15,2025-06-09,422.09,409.39,ZARAR (SL),-304.0,185468.23
MSI,2025-06-30,2025-08-06,418.12,439.66,KAR (TP),512.15,185977.38
MSI,2025-08-19,2025-09-11,457.84,487.57,KAR (TP),646.2,186620.59
MSI,2025-09-16,2025-09-24,475.26,453.62,ZARAR (SL),-458.29,186159.3
FTV,2024-02-29,2024-04-12,63.66,61.63,ZARAR (SL),-322.51,185832.29
FTV,2024-06-27,2024-07-16,55.08,59.08,KAR (TP),724.2,186553.48
FTV,2024-07-23,2024-07-24,57.41,52.7,ZARAR (SL),-821.99,185728.5
FTV,2024-09-03,2024-09-19,54.49,57.93,KAR (TP),628.26,186353.76
FTV,2024-09-20,2024-10-30,57.21,54.03,ZARAR (SL),-559.72,185791.04
FTV,2024-11-20,2024-11-25,56.77,59.72,KAR (TP),515.81,186303.85
FTV,2025-01-15,2025-02-19,58.43,62.25,KAR (TP),651.85,186952.7
FTV,2025-05-05,2025-05-12,50.76,55.38,KAR (TP),906.9,187856.6
FTV,2025-05-15,2025-05-21,54.43,52.64,ZARAR (SL),-331.37,187522.24
FTV,2025-06-03,2025-06-13,54.24,52.2,ZARAR (SL),-378.66,187140.58
FTV,2025-06-27,2025-06-30,53.83,52.01,ZARAR (SL),-341.48,186796.1
FTV,2025-09-11,2025-09-25,49.45,47.62,ZARAR (SL),-374.64,186418.46
FTV,2025-10-29,2025-11-25,50.28,53.22,KAR (TP),581.03,186996.49
WDC,2024-02-29,2024-03-01,44.78,48.42,KAR (TP),809.17,187801.16
WDC,2024-03-21,2024-03-26,47.99,51.31,KAR (TP),688.87,188487.03
WDC,2024-03-28,2024-04-05,51.38,55.05,KAR (TP),710.66,189194.69
WDC,2024-04-26,2024-05-15,53.73,56.99,KAR (TP),603.78,189795.47
WDC,2024-05-29,2024-06-03,58.3,56.46,ZARAR (SL),-319.41,189473.06
WDC,2024-06-13,2024-06-20,59.92,57.44,ZARAR (SL),-416.42,189053.64
WDC,2024-09-03,2024-09-06,47.48,45.76,ZARAR (SL),-366.15,188684.49
WDC,2024-09-16,2024-09-26,48.26,53.05,KAR (TP),990.91,189672.41
WDC,2024-09-30,2024-10-08,51.42,49.82,ZARAR (SL),-313.44,189355.96
WDC,2024-10-21,2024-11-04,50.64,49.11,ZARAR (SL),-306.3,189046.66
WDC,2024-11-26,2024-12-09,54.98,53.27,ZARAR (SL),-315.24,188728.42
WDC,2025-01-17,2025-01-22,48.97,51.68,KAR (TP),548.97,189274.39
WDC,2025-01-24,2025-01-27,50.76,48.49,ZARAR (SL),-449.52,188821.87
WDC,2025-02-10,2025-02-24,51.99,48.83,ZARAR (SL),-609.39,188209.47
WDC,2025-07-17,2025-07-29,66.89,70.47,KAR (TP),532.66,188739.14
WDC,2025-08-06,2025-08-25,73.64,79.06,KAR (TP),734.33,189470.46
WDC,2025-10-07,2025-10-10,119.83,115.33,ZARAR (SL),-379.05,189088.41
WDC,2025-10-29,2025-10-31,141.27,150.09,KAR (TP),621.56,189706.97
WDC,2025-11-13,2025-11-20,157.03,140.12,ZARAR (SL),-1080.25,188623.72
WDC,2025-12-10,2025-12-12,181.95,176.34,ZARAR (SL),-311.33,188309.39
ZBRA,2024-02-14,2024-02-15,252.96,283.75,KAR (TP),1214.19,189519.08
ZBRA,2024-02-16,2024-03-01,275.46,289.64,KAR (TP),511.78,190027.86
ZBRA,2024-03-15,2024-03-28,285.86,301.44,KAR (TP),542.02,190566.88
ZBRA,2024-04-02,2024-04-15,296.5,283.0,ZARAR (SL),-458.31,190105.57
ZBRA,2024-04-30,2024-06-04,314.56,302.77,ZARAR (SL),-377.81,189724.76
ZBRA,2024-07-09,2024-07-16,315.24,335.76,KAR (TP),647.93,190369.69
ZBRA,2024-07-17,2024-07-30,325.89,348.12,KAR (TP),679.13,191045.82
ZBRA,2024-07-31,2024-08-02,351.19,322.3,ZARAR (SL),-825.63,190217.19
ZBRA,2024-09-17,2024-10-09,354.52,373.5,KAR (TP),532.37,190746.56
ZBRA,2024-10-10,2024-11-06,369.24,394.02,KAR (TP),668.11,191411.67
ZBRA,2024-12-11,2024-12-18,404.17,383.47,ZARAR (SL),-515.16,190893.51
ZBRA,2025-01-21,2025-01-27,418.07,399.36,ZARAR (SL),-450.53,190439.98
ZBRA,2025-05-30,2025-06-26,289.77,308.32,KAR (TP),637.16,191074.14
ZBRA,2025-06-27,2025-07-10,309.26,330.35,KAR (TP),678.95,191750.09
ZBRA,2025-07-30,2025-08-05,332.39,302.6,ZARAR (SL),-899.24,190847.86
ZBRA,2025-09-15,2025-09-24,320.91,308.48,ZARAR (SL),-390.34,190454.52
ZBRA,2025-10-23,2025-10-28,313.89,274.31,ZARAR (SL),-1263.95,189187.57
SWKS,2024-02-29,2024-03-05,98.52,94.21,ZARAR (SL),-440.48,188744.09
SWKS,2024-04-29,2024-05-01,101.28,84.79,ZARAR (SL),-1631.04,187110.06
SWKS,2024-05-31,2024-06-12,87.64,97.08,KAR (TP),1074.05,188181.11
SWKS,2024-07-05,2024-07-12,99.85,106.25,KAR (TP),638.34,188816.45
SWKS,2024-07-17,2024-07-25,110.25,106.58,ZARAR (SL),-335.87,188477.58
SWKS,2024-08-29,2024-09-03,102.53,96.96,ZARAR (SL),-547.1,187927.47
SWKS,2024-10-15,2024-10-23,93.83,90.39,ZARAR (SL),-370.29,187554.19
SWKS,2024-12-13,2025-02-03,87.31,81.78,ZARAR (SL),-636.11,186915.08
SWKS,2025-03-10,2025-03-11,69.87,66.16,ZARAR (SL),-533.19,186378.89
SWKS,2025-05-23,2025-06-09,67.29,71.68,KAR (TP),649.21,187025.1
SWKS,2025-06-10,2025-06-12,73.42,70.54,ZARAR (SL),-395.26,186626.84
SWKS,2025-07-01,2025-07-14,75.59,72.91,ZARAR (SL),-356.81,186267.03
SWKS,2025-09-08,2025-09-15,74.78,72.05,ZARAR (SL),-367.93,185896.09
SWKS,2025-10-28,2025-10-31,79.36,76.85,ZARAR (SL),-319.47,185573.62
QDEL,2024-03-15,2024-03-22,48.41,46.8,ZARAR (SL),-335.58,185235.05
QDEL,2024-05-09,2024-05-13,43.62,42.11,ZARAR (SL),-349.17,184882.88
QDEL,2024-07-22,2024-07-24,35.38,38.4,KAR (TP),850.59,185730.47
QDEL,2024-09-05,2024-10-08,44.5,42.16,ZARAR (SL),-528.84,185198.62
QDEL,2024-11-08,2024-11-12,43.75,41.14,ZARAR (SL),-599.57,184596.05
QDEL,2024-11-22,2024-12-05,40.14,37.6,ZARAR (SL),-635.79,183957.27
QDEL,2024-12-16,2024-12-18,43.84,42.46,ZARAR (SL),-317.78,183636.49
QDEL,2025-01-07,2025-01-13,46.91,44.61,ZARAR (SL),-493.3,183140.18
QDEL,2025-01-27,2025-01-29,45.12,43.52,ZARAR (SL),-357.61,182779.58
QDEL,2025-08-22,2025-09-11,27.9,29.94,KAR (TP),728.18,183504.76
QDEL,2025-09-12,2025-09-23,28.57,27.44,ZARAR (SL),-398.52,183103.24
QDEL,2025-10-03,2025-10-07,29.98,27.71,ZARAR (SL),-760.17,182340.07
FSLY,2024-02-13,2024-02-15,22.9,16.34,ZARAR (SL),-2867.63,179467.94
FSLY,2024-04-10,2024-04-15,13.86,13.13,ZARAR (SL),-529.7,178935.24
FSLY,2024-07-11,2024-07-16,7.48,7.97,KAR (TP),652.08,179584.32
FSLY,2024-07-18,2024-07-26,7.75,8.21,KAR (TP),590.55,180171.87
FSLY,2024-07-31,2024-08-01,8.1,7.68,ZARAR (SL),-521.52,179647.35
FSLY,2024-09-12,2024-09-13,6.25,6.7,KAR (TP),717.0,180361.35
FSLY,2024-09-16,2024-09-17,6.95,7.35,KAR (TP),572.54,180930.89
FSLY,2024-10-21,2024-10-23,7.4,7.08,ZARAR (SL),-435.43,180492.46
FSLY,2024-11-05,2024-11-06,7.67,8.16,KAR (TP),635.85,181125.31
FSLY,2024-11-08,2024-11-11,7.67,7.18,ZARAR (SL),-641.85,180480.46
FSLY,2024-11-21,2024-11-25,7.61,8.14,KAR (TP),693.45,181170.91
FSLY,2024-12-03,2024-12-05,9.39,9.93,KAR (TP),572.08,181739.99
FSLY,2024-12-18,2024-12-19,10.52,9.98,ZARAR (SL),-516.31,181220.68
FSLY,2025-01-23,2025-01-27,10.44,10.11,ZARAR (SL),-319.09,180898.59
FSLY,2025-02-10,2025-02-11,10.58,10.06,ZARAR (SL),-494.49,180401.1
FSLY,2025-05-06,2025-05-08,5.83,7.62,KAR (TP),3067.33,183465.42
FSLY,2025-06-09,2025-06-11,8.28,8.03,ZARAR (SL),-304.93,183157.49
FSLY,2025-07-23,2025-07-29,7.3,6.99,ZARAR (SL),-427.66,182726.83
FSLY,2025-08-08,2025-08-11,6.99,6.74,ZARAR (SL),-360.65,182363.18
FSLY,2025-09-10,2025-09-11,7.36,7.89,KAR (TP),717.11,183077.29
FSLY,2025-09-16,2025-09-18,8.42,8.95,KAR (TP),626.45,183700.74
FSLY,2025-09-19,2025-09-25,8.63,8.34,ZARAR (SL),-339.04,183358.7
FSLY,2025-11-18,2025-11-24,10.49,11.62,KAR (TP),1074.22,184429.92
FSLY,2025-12-04,2025-12-05,11.52,10.52,ZARAR (SL),-871.06,183555.86
PLUG,2024-02-01,2024-02-05,4.7,4.35,ZARAR (SL),-747.68,182805.18
PLUG,2024-05-13,2024-05-14,2.89,3.44,KAR (TP),1900.11,184702.3
PLUG,2024-05-22,2024-05-23,3.41,3.08,ZARAR (SL),-970.74,183728.56
PLUG,2024-07-11,2024-07-15,2.93,3.21,KAR (TP),952.63,184678.19
PLUG,2024-07-17,2024-07-18,3.06,2.92,ZARAR (SL),-460.52,184214.67
PLUG,2024-09-30,2024-10-01,2.26,2.06,ZARAR (SL),-887.96,183323.71
PLUG,2024-10-18,2024-10-21,2.24,2.37,KAR (TP),577.36,183898.07
PLUG,2024-10-22,2024-10-23,2.22,2.08,ZARAR (SL),-633.63,183261.44
PLUG,2024-11-04,2024-11-06,2.51,1.97,ZARAR (SL),-2154.39,181104.05
PLUG,2024-12-02,2024-12-03,2.3,2.02,ZARAR (SL),-1220.39,179880.65
PLUG,2024-12-20,2024-12-23,2.56,2.43,ZARAR (SL),-510.81,179366.84
PLUG,2025-01-03,2025-01-06,2.63,3.15,KAR (TP),1974.19,181338.03
PLUG,2025-01-07,2025-01-08,2.95,2.67,ZARAR (SL),-952.15,180382.88
PLUG,2025-06-03,2025-06-05,0.91,0.87,ZARAR (SL),-442.56,179937.32
PLUG,2025-06-30,2025-07-01,1.49,1.41,ZARAR (SL),-539.91,179394.4
PLUG,2025-07-21,2025-07-29,1.82,1.59,ZARAR (SL),-1266.74,178124.67
PLUG,2025-08-13,2025-08-19,1.66,1.58,ZARAR (SL),-484.93,177636.74
PLUG,2025-09-16,2025-09-17,1.68,2.0,KAR (TP),1901.76,179535.5
PLUG,2025-10-13,2025-10-16,3.9,3.48,ZARAR (SL),-1079.92,178452.58
PLUG,2025-12-18,2025-12-22,2.26,2.11,ZARAR (SL),-666.72,177782.86
ENPH,2024-02-07,2024-02-12,117.51,128.9,KAR (TP),966.28,178746.14
ENPH,2024-02-13,2024-02-14,123.56,131.62,KAR (TP),649.31,179392.45
ENPH,2024-03-27,2024-04-02,119.8,113.55,ZARAR (SL),-524.7,178864.75
ENPH,2024-05-03,2024-05-10,114.2,108.35,ZARAR (SL),-515.26,178346.49
ENPH,2024-05-22,2024-05-23,121.23,117.5,ZARAR (SL),-310.68,178032.81
ENPH,2024-06-12,2024-06-13,134.52,129.72,ZARAR (SL),-359.82,177669.99
ENPH,2024-07-24,2024-07-30,116.91,109.37,ZARAR (SL),-647.94,177019.05
ENPH,2024-09-18,2024-09-20,119.74,114.9,ZARAR (SL),-407.21,176608.84
ENPH,2024-12-17,2024-12-18,73.4,68.8,ZARAR (SL),-629.7,175976.14
ENPH,2025-01-07,2025-01-08,73.51,69.66,ZARAR (SL),-526.74,175446.4
ENPH,2025-02-18,2025-02-27,65.67,61.19,ZARAR (SL),-685.2,174758.2
ENPH,2025-05-09,2025-05-12,50.78,47.94,ZARAR (SL),-562.28,174192.92
ENPH,2025-06-26,2025-06-27,43.0,40.88,ZARAR (SL),-496.02,173693.9
ENPH,2025-07-22,2025-07-23,42.5,36.48,ZARAR (SL),-1419.47,172271.43
ENPH,2025-08-22,2025-09-02,38.18,36.98,ZARAR (SL),-317.3,171951.13
ENPH,2025-09-16,2025-09-23,38.99,37.36,ZARAR (SL),-421.06,171527.07
ENPH,2025-10-28,2025-10-29,36.7,31.14,ZARAR (SL),-1517.99,170006.09
ENPH,2025-12-05,2025-12-11,31.25,33.01,KAR (TP),560.2,170563.29
SEDG,2024-02-20,2024-02-21,84.42,74.14,ZARAR (SL),-1220.72,169339.56
SEDG,2024-03-27,2024-04-02,69.69,66.89,ZARAR (SL),-404.78,168931.78
SEDG,2024-08-19,2024-08-20,27.53,26.63,ZARAR (SL),-329.92,168598.87
SEDG,2024-12-09,2024-12-12,14.28,13.28,ZARAR (SL),-703.28,167892.59
SEDG,2025-01-02,2025-01-06,14.8,16.29,KAR (TP),1003.76,168893.35
SEDG,2025-01-08,2025-01-13,14.99,14.46,ZARAR (SL),-356.57,168533.78
SEDG,2025-02-13,2025-02-14,14.85,16.36,KAR (TP),1013.84,169544.61
SEDG,2025-04-01,2025-04-03,16.68,15.43,ZARAR (SL),-758.17,168783.44
SEDG,2025-05-06,2025-05-08,14.37,18.29,KAR (TP),2724.91,171505.35
SEDG,2025-06-24,2025-06-26,18.93,20.07,KAR (TP),596.58,172098.93
SEDG,2025-07-01,2025-07-02,21.86,23.6,KAR (TP),792.97,172888.9
SEDG,2025-07-03,2025-07-07,27.54,26.43,ZARAR (SL),-406.05,172479.85
SEDG,2025-07-23,2025-07-25,29.07,27.23,ZARAR (SL),-635.95,171840.9
SEDG,2025-08-15,2025-08-19,30.06,31.99,KAR (TP),639.05,172476.94
SEDG,2025-08-25,2025-08-29,31.99,33.82,KAR (TP),569.05,173043.0
SEDG,2025-09-05,2025-09-09,34.42,30.04,ZARAR (SL),-1275.52,171764.48
SEDG,2025-09-19,2025-09-22,35.45,38.58,KAR (TP),878.52,172640.01
SEDG,2025-10-09,2025-10-10,38.61,35.06,ZARAR (SL),-922.45,171714.56
SEDG,2025-10-20,2025-10-21,40.0,38.77,ZARAR (SL),-310.5,171401.06
SEDG,2025-11-05,2025-11-06,41.02,38.88,ZARAR (SL),-524.7,170873.36
RUN,2024-02-13,2024-02-14,15.23,16.83,KAR (TP),1047.56,171917.92
RUN,2024-03-27,2024-04-02,13.1,11.72,ZARAR (SL),-1056.44,170858.48
RUN,2024-05-03,2024-05-08,11.9,11.51,ZARAR (SL),-330.73,170524.75
RUN,2024-05-22,2024-05-23,12.92,11.99,ZARAR (SL),-722.81,169798.94
RUN,2024-06-07,2024-06-10,13.45,14.15,KAR (TP),517.45,170313.38
RUN,2024-06-12,2024-06-13,14.65,13.87,ZARAR (SL),-535.42,169774.96
RUN,2024-07-11,2024-07-12,16.07,17.2,KAR (TP),700.17,170472.13
RUN,2024-07-15,2024-07-16,15.66,17.28,KAR (TP),1031.48,171500.62
RUN,2024-07-18,2024-07-29,17.05,16.33,ZARAR (SL),-425.29,171072.33
RUN,2024-09-18,2024-09-19,20.3,19.13,ZARAR (SL),-579.35,170489.98
RUN,2024-11-05,2024-11-06,16.91,11.9,ZARAR (SL),-2965.74,167521.23
RUN,2025-01-06,2025-01-10,10.97,10.04,ZARAR (SL),-850.77,166667.47
RUN,2025-01-24,2025-01-28,10.23,9.26,ZARAR (SL),-951.19,165713.27
RUN,2025-04-23,2025-04-24,6.66,7.05,KAR (TP),582.59,166292.86
RUN,2025-05-07,2025-05-08,7.39,8.5,KAR (TP),1499.03,167788.89
RUN,2025-05-21,2025-05-22,10.66,6.71,ZARAR (SL),-3708.44,164077.45
RUN,2025-06-30,2025-07-01,8.18,9.04,KAR (TP),1048.34,165122.79
RUN,2025-07-03,2025-07-07,10.5,11.11,KAR (TP),577.95,165697.75
RUN,2025-07-08,2025-07-09,9.84,10.51,KAR (TP),672.81,166367.56
RUN,2025-07-24,2025-07-28,10.58,11.15,KAR (TP),535.75,166900.31
RUN,2025-08-07,2025-08-11,12.0,11.6,ZARAR (SL),-336.33,166560.98
RUN,2025-09-18,2025-09-22,16.3,17.61,KAR (TP),800.68,167358.66
RUN,2025-09-23,2025-09-26,16.45,17.67,KAR (TP),738.64,168094.3
RUN,2025-09-30,2025-10-01,17.29,18.35,KAR (TP),610.07,168701.37
RUN,2025-10-02,2025-10-09,19.15,20.32,KAR (TP),607.97,169306.34
RUN,2025-10-10,2025-10-13,18.8,21.17,KAR (TP),1257.64,170560.98
RUN,2025-10-29,2025-11-04,20.12,19.06,ZARAR (SL),-529.84,170028.14
RUN,2025-12-19,2025-12-22,18.26,20.24,KAR (TP),1081.34,171106.47
SPWR,2024-02-08,2024-02-09,1.39,1.34,ZARAR (SL),-362.71,170740.76
SPWR,2024-04-29,2024-04-30,0.73,0.62,ZARAR (SL),-1509.85,169227.91
SPWR,2024-08-14,2024-08-19,1.62,1.83,KAR (TP),1293.3,170518.21
SPWR,2024-09-12,2024-09-16,2.08,2.47,KAR (TP),1872.0,172387.21
SPWR,2024-10-01,2024-10-03,2.45,2.35,ZARAR (SL),-430.7,171953.51
SPWR,2025-01-07,2025-01-08,1.91,1.77,ZARAR (SL),-709.81,171240.7
SPWR,2025-01-21,2025-01-27,1.85,1.78,ZARAR (SL),-381.38,170856.33
SPWR,2025-03-25,2025-03-27,1.71,1.61,ZARAR (SL),-587.8,170265.53
SPWR,2025-04-09,2025-04-10,1.62,1.47,ZARAR (SL),-959.79,169302.74
SPWR,2025-04-21,2025-04-22,1.8,1.63,ZARAR (SL),-972.53,168327.21
SPWR,2025-05-12,2025-05-13,1.87,1.99,KAR (TP),638.71,168962.92
SPWR,2025-05-14,2025-05-20,1.91,1.76,ZARAR (SL),-788.34,168171.58
SPWR,2025-06-03,2025-06-06,1.78,1.97,KAR (TP),1064.42,169233.0
SPWR,2025-06-20,2025-06-23,1.72,1.64,ZARAR (SL),-468.12,168761.88
SPWR,2025-07-29,2025-07-30,1.85,1.78,ZARAR (SL),-381.38,168377.5
SPWR,2025-09-23,2025-09-25,1.69,1.63,ZARAR (SL),-358.03,168016.47
SPWR,2025-10-06,2025-10-07,1.93,1.86,ZARAR (SL),-365.69,167647.78
SPWR,2025-10-21,2025-10-22,2.0,1.89,ZARAR (SL),-553.0,167091.78
BLDP,2024-03-05,2024-03-08,3.15,3.31,KAR (TP),504.94,167592.22
BLDP,2024-04-01,2024-04-02,3.27,3.13,ZARAR (SL),-431.13,167158.08
BLDP,2024-05-17,2024-06-04,3.07,2.92,ZARAR (SL),-491.6,166663.48
BLDP,2024-10-01,2024-10-03,1.76,1.67,ZARAR (SL),-514.36,166146.12
BLDP,2024-12-12,2024-12-18,1.6,1.52,ZARAR (SL),-503.0,165640.12
BLDP,2024-12-30,2025-01-02,1.67,1.84,KAR (TP),1014.96,166652.08
BLDP,2025-01-08,2025-01-13,1.77,1.63,ZARAR (SL),-793.96,165855.12
BLDP,2025-05-15,2025-05-21,1.37,1.31,ZARAR (SL),-440.96,165411.17
BLDP,2025-06-04,2025-06-06,1.38,1.53,KAR (TP),1083.96,166492.12
BLDP,2025-06-09,2025-06-16,1.64,1.79,KAR (TP),911.63,167400.76
BLDP,2025-06-20,2025-06-23,1.52,1.44,ZARAR (SL),-529.32,166868.44
BLDP,2025-07-09,2025-07-11,1.95,1.87,ZARAR (SL),-413.26,166452.18
BLDP,2025-08-15,2025-08-20,2.0,1.9,ZARAR (SL),-503.0,165946.18
BLDP,2025-09-05,2025-09-09,1.99,1.89,ZARAR (SL),-505.51,165437.67
BLDP,2025-10-10,2025-10-13,3.27,3.49,KAR (TP),669.78,166104.45
FCEL,2024-02-09,2024-02-12,41.1,45.0,KAR (TP),945.91,167047.36
FCEL,2024-03-21,2024-03-22,36.0,34.2,ZARAR (SL),-503.0,166541.36
FCEL,2024-04-09,2024-04-10,36.3,34.5,ZARAR (SL),-498.87,166039.49
FCEL,2024-05-22,2024-05-23,26.7,25.5,ZARAR (SL),-452.44,165584.05
FCEL,2024-06-03,2024-06-04,30.0,27.9,ZARAR (SL),-703.0,164878.05
FCEL,2024-09-18,2024-09-19,14.7,13.8,ZARAR (SL),-615.24,164259.81
FCEL,2024-11-04,2024-11-06,11.4,10.5,ZARAR (SL),-792.47,163464.34
FCEL,2025-01-03,2025-01-06,11.81,12.72,KAR (TP),767.53,164228.87
FCEL,2025-05-08,2025-05-12,4.19,4.58,KAR (TP),927.79,165153.66
FCEL,2025-05-14,2025-05-19,4.03,4.88,KAR (TP),2106.18,167256.84
FCEL,2025-05-22,2025-05-23,4.58,5.48,KAR (TP),1962.07,169215.9
FCEL,2025-05-28,2025-05-29,5.61,5.21,ZARAR (SL),-716.01,168496.89
FCEL,2025-06-10,2025-06-12,6.72,6.32,ZARAR (SL),-598.24,167895.65
FCEL,2025-10-01,2025-10-03,8.73,10.21,KAR (TP),1692.3,169584.96
FCEL,2025-10-13,2025-10-14,10.17,11.43,KAR (TP),1235.94,170817.9
FCEL,2025-10-15,2025-10-16,10.71,9.3,ZARAR (SL),-1319.53,169495.37
FCEL,2025-12-05,2025-12-17,8.37,7.9,ZARAR (SL),-564.53,168927.84
BE,2024-02-15,2024-02-16,11.97,9.88,ZARAR (SL),-1749.03,167175.81
BE,2024-03-26,2024-04-01,10.8,11.73,KAR (TP),858.11,168030.92
BE,2024-04-02,2024-04-11,11.75,11.38,ZARAR (SL),-317.89,167710.03
BE,2024-05-23,2024-05-28,15.73,16.53,KAR (TP),505.58,168212.61
BE,2024-07-16,2024-07-19,15.08,14.18,ZARAR (SL),-599.82,167609.79
BE,2024-11-04,2024-11-05,10.82,11.4,KAR (TP),533.04,168139.84
BE,2024-11-06,2024-11-08,10.97,13.17,KAR (TP),2002.47,170139.31
BE,2025-01-21,2025-01-23,25.75,27.67,KAR (TP),742.63,170878.94
BE,2025-05-12,2025-05-14,18.91,20.25,KAR (TP),705.62,171581.56
BE,2025-06-03,2025-06-06,20.41,21.78,KAR (TP),668.24,172246.8
BE,2025-06-16,2025-06-17,22.91,21.34,ZARAR (SL),-688.29,171555.51
BE,2025-06-27,2025-06-30,22.18,23.92,KAR (TP),781.49,172334.0
BE,2025-07-01,2025-07-03,22.13,24.24,KAR (TP),950.46,173281.45
BE,2025-07-07,2025-07-09,24.36,28.71,KAR (TP),1782.71,175061.17
BE,2025-07-10,2025-07-16,25.85,24.69,ZARAR (SL),-451.74,174606.42
BE,2025-08-20,2025-08-22,44.51,48.54,KAR (TP),902.42,175505.84
BE,2025-09-24,2025-09-29,69.18,73.6,KAR (TP),635.91,176138.75
BE,2025-09-30,2025-10-01,84.57,90.19,KAR (TP),661.54,176797.29
BE,2025-10-22,2025-10-23,94.37,101.42,KAR (TP),744.06,177538.35
BE,2025-10-31,2025-11-03,132.16,142.37,KAR (TP),769.55,178304.9
BE,2025-11-04,2025-11-05,129.05,141.41,KAR (TP),954.77,179256.67
BE,2025-11-07,2025-11-11,135.21,127.07,ZARAR (SL),-605.03,178648.64
SOL,2024-02-14,2024-02-22,2.09,1.97,ZARAR (SL),-577.16,178068.48
SOL,2024-03-04,2024-03-05,2.1,2.02,ZARAR (SL),-383.95,177681.52
SOL,2024-04-01,2024-04-03,2.34,1.96,ZARAR (SL),-1626.93,176051.59
SOL,2024-05-14,2024-05-28,2.01,1.85,ZARAR (SL),-799.02,175249.57
SOL,2024-07-29,2024-07-30,1.77,1.65,ZARAR (SL),-680.97,174565.61
SOL,2024-08-20,2024-08-21,1.85,1.96,KAR (TP),591.59,175154.2
SOL,2024-08-22,2024-08-30,1.88,1.81,ZARAR (SL),-375.34,174775.86
SOL,2024-09-11,2024-09-12,2.35,2.26,ZARAR (SL),-385.98,174386.88
SOL,2024-09-27,2024-09-30,2.39,2.7,KAR (TP),1294.07,175677.95
SOL,2024-10-01,2024-10-02,2.57,2.83,KAR (TP),1008.67,176683.63
SOL,2024-12-23,2025-01-03,2.0,2.17,KAR (TP),847.0,177527.63
SOL,2025-01-06,2025-01-07,2.06,2.25,KAR (TP),919.33,178443.96
SOL,2025-01-15,2025-01-21,2.08,2.01,ZARAR (SL),-339.54,178101.42
SOL,2025-05-08,2025-05-13,1.5,1.6,KAR (TP),663.67,178762.09
SOL,2025-05-22,2025-05-27,1.56,1.67,KAR (TP),702.13,179461.21
SOL,2025-05-30,2025-06-02,1.79,1.66,ZARAR (SL),-729.26,178728.96
SOL,2025-06-12,2025-06-20,1.76,1.89,KAR (TP),735.64,179461.59
SOL,2025-06-23,2025-08-28,1.88,1.82,ZARAR (SL),-322.15,179136.45
SOL,2025-09-10,2025-10-13,1.88,1.82,ZARAR (SL),-322.15,178811.3
LI,2024-03-04,2024-03-07,37.6,36.47,ZARAR (SL),-303.53,178503.27
LI,2024-07-03,2024-07-19,20.72,19.64,ZARAR (SL),-524.24,177976.03
LI,2024-08-16,2024-08-28,20.53,17.8,ZARAR (SL),-1332.76,176640.27
LI,2024-12-09,2024-12-10,24.1,22.88,ZARAR (SL),-509.22,176128.04
LI,2024-12-26,2024-12-30,25.32,24.27,ZARAR (SL),-417.69,175707.35
LI,2025-01-21,2025-01-22,23.79,22.62,ZARAR (SL),-494.8,175209.55
LI,2025-02-06,2025-02-10,24.82,26.37,KAR (TP),623.64,175830.19
LI,2025-02-11,2025-02-19,25.07,26.46,KAR (TP),551.45,176378.63
LI,2025-02-21,2025-02-24,27.46,26.36,ZARAR (SL),-403.58,175972.05
LI,2025-03-07,2025-03-10,29.02,27.56,ZARAR (SL),-506.1,175462.95
LI,2025-05-27,2025-06-09,28.24,30.15,KAR (TP),673.35,176133.3
LI,2025-06-10,2025-06-13,29.08,27.76,ZARAR (SL),-455.28,175675.02
LI,2025-07-16,2025-07-17,29.4,31.36,KAR (TP),663.67,176335.68
LI,2025-09-15,2025-09-23,26.17,25.03,ZARAR (SL),-438.61,175894.07
NIO,2024-03-11,2024-03-14,6.1,5.58,ZARAR (SL),-855.46,175035.61
NIO,2024-04-30,2024-05-01,4.72,5.27,KAR (TP),1162.25,176194.87
NIO,2024-05-15,2024-05-23,5.33,4.8,ZARAR (SL),-997.37,175194.5
NIO,2024-07-11,2024-07-19,4.68,4.46,ZARAR (SL),-473.09,174718.41
NIO,2024-09-03,2024-09-05,4.15,4.85,KAR (TP),1683.75,176399.16
NIO,2024-09-23,2024-09-24,5.32,5.94,KAR (TP),1162.41,177558.57
NIO,2024-09-25,2024-09-27,5.65,6.52,KAR (TP),1536.82,179092.39
NIO,2024-09-30,2024-10-01,6.68,7.03,KAR (TP),520.95,179610.35
NIO,2024-10-03,2024-10-08,6.7,6.24,ZARAR (SL),-689.57,178917.78
NIO,2024-12-09,2024-12-10,5.18,4.77,ZARAR (SL),-794.51,178120.27
NIO,2025-01-06,2025-01-07,4.71,4.51,ZARAR (SL),-427.63,177689.64
NIO,2025-01-30,2025-02-03,4.44,4.28,ZARAR (SL),-363.36,177323.28
NIO,2025-02-13,2025-02-26,4.26,4.72,KAR (TP),1076.81,178397.1
NIO,2025-02-27,2025-02-28,4.79,4.63,ZARAR (SL),-337.03,178057.07
NIO,2025-03-10,2025-03-11,4.46,5.22,KAR (TP),1701.04,179755.1
NIO,2025-03-12,2025-03-13,5.1,4.73,ZARAR (SL),-728.49,179023.61
NIO,2025-05-12,2025-05-15,4.2,3.99,ZARAR (SL),-503.0,178517.61
NIO,2025-07-31,2025-08-04,4.87,4.6,ZARAR (SL),-557.41,177957.2
NIO,2025-08-15,2025-08-19,4.81,5.07,KAR (TP),537.54,178491.74
NIO,2025-08-21,2025-08-22,5.54,6.34,KAR (TP),1441.04,179929.78
NIO,2025-09-16,2025-09-17,7.02,7.45,KAR (TP),609.54,180536.32
NIO,2025-09-22,2025-09-25,6.91,7.47,KAR (TP),807.42,181340.74
XPEV,2024-02-26,2024-02-28,9.22,8.73,ZARAR (SL),-534.45,180803.28
XPEV,2024-03-11,2024-03-14,10.05,9.39,ZARAR (SL),-659.72,180140.57
XPEV,2024-04-26,2024-05-02,7.84,9.4,KAR (TP),1986.8,182124.36
XPEV,2024-05-13,2024-05-21,8.09,8.77,KAR (TP),837.54,182958.91
XPEV,2024-07-03,2024-07-05,8.32,7.92,ZARAR (SL),-483.77,182472.14
XPEV,2024-07-16,2024-07-17,8.95,8.6,ZARAR (SL),-394.06,182075.08
XPEV,2024-08-27,2024-08-28,8.0,7.28,ZARAR (SL),-903.0,181169.08
XPEV,2024-09-19,2024-09-24,9.39,10.7,KAR (TP),1392.1,182558.18
XPEV,2024-09-25,2024-09-26,10.43,11.67,KAR (TP),1185.88,183741.06
XPEV,2024-10-14,2024-10-15,11.64,11.16,ZARAR (SL),-415.37,183322.68
XPEV,2024-11-12,2024-11-14,13.67,12.63,ZARAR (SL),-763.79,182555.89
XPEV,2025-01-07,2025-01-08,12.86,12.14,ZARAR (SL),-562.88,181990.02
XPEV,2025-01-21,2025-01-22,15.0,14.53,ZARAR (SL),-316.33,181670.69
XPEV,2025-02-10,2025-02-11,16.65,15.52,ZARAR (SL),-681.68,180986.01
XPEV,2025-02-21,2025-02-26,18.4,21.99,KAR (TP),1948.09,182931.09
XPEV,2025-03-03,2025-03-05,20.25,21.66,KAR (TP),693.3,183621.39
XPEV,2025-03-14,2025-03-18,23.73,22.64,ZARAR (SL),-462.33,183156.06
XPEV,2025-05-12,2025-05-19,21.12,19.98,ZARAR (SL),-542.77,182610.28
XPEV,2025-07-29,2025-08-07,18.4,19.62,KAR (TP),660.04,183267.33
XPEV,2025-08-12,2025-08-14,20.08,19.38,ZARAR (SL),-351.61,182912.72
XPEV,2025-08-27,2025-08-28,22.7,21.91,ZARAR (SL),-351.02,182558.7
XPEV,2025-10-03,2025-10-10,23.07,21.02,ZARAR (SL),-891.6,181664.1
XPEV,2025-10-31,2025-11-04,23.49,22.69,ZARAR (SL),-343.57,181317.53
XPEV,2025-11-14,2025-11-17,25.01,22.43,ZARAR (SL),-1034.59,180279.95
RIVN,2024-02-15,2024-02-21,16.35,15.39,ZARAR (SL),-590.16,179686.79
RIVN,2024-05-15,2024-05-30,10.2,10.97,KAR (TP),751.9,180435.69
RIVN,2024-06-12,2024-06-13,11.8,11.11,ZARAR (SL),-587.75,179844.95
RIVN,2024-06-25,2024-06-26,11.96,14.74,KAR (TP),2321.41,182163.36
RIVN,2024-06-27,2024-06-28,14.47,13.42,ZARAR (SL),-728.64,181431.72
RIVN,2024-09-11,2024-09-13,13.93,13.5,ZARAR (SL),-311.69,181117.04
RIVN,2024-11-08,2024-11-13,10.59,12.03,KAR (TP),1356.77,182470.81
RIVN,2024-11-25,2024-11-27,11.6,12.22,KAR (TP),531.48,182999.29
RIVN,2024-12-18,2024-12-20,13.06,13.83,KAR (TP),586.59,183582.88
RIVN,2025-01-03,2025-01-06,16.49,15.72,ZARAR (SL),-472.98,183106.9
RIVN,2025-02-18,2025-02-19,14.44,13.93,ZARAR (SL),-356.19,182747.71
RIVN,2025-03-24,2025-03-27,12.19,13.02,KAR (TP),677.89,183422.6
RIVN,2025-03-28,2025-04-01,12.41,13.28,KAR (TP),698.05,184117.64
RIVN,2025-04-02,2025-04-03,12.49,11.53,ZARAR (SL),-771.61,183343.03
RIVN,2025-04-28,2025-05-07,13.19,12.72,ZARAR (SL),-359.33,182980.7
RIVN,2025-07-21,2025-07-29,13.7,13.06,ZARAR (SL),-470.15,182507.55
RIVN,2025-09-08,2025-09-12,13.99,13.46,ZARAR (SL),-381.84,182122.7
RIVN,2025-09-22,2025-09-30,15.24,14.68,ZARAR (SL),-370.45,181749.25
RIVN,2025-11-05,2025-11-10,15.42,16.41,KAR (TP),639.02,182385.27
RIVN,2025-12-16,2025-12-18,17.9,20.28,KAR (TP),1326.61,183708.88
LCID,2024-05-02,2024-05-06,27.8,30.5,KAR (TP),968.22,184674.11
LCID,2024-05-13,2024-05-14,28.1,31.2,KAR (TP),1100.2,185771.31
LCID,2024-05-15,2024-05-23,29.0,27.2,ZARAR (SL),-623.69,185144.62
LCID,2024-07-03,2024-07-08,29.5,31.6,KAR (TP),708.86,185850.49
LCID,2024-07-15,2024-07-16,36.1,39.7,KAR (TP),994.23,186841.72
LCID,2024-07-17,2024-07-18,37.9,35.7,ZARAR (SL),-583.48,186255.24
LCID,2024-08-21,2024-08-22,35.8,38.5,KAR (TP),751.19,187003.43
LCID,2024-08-28,2024-09-03,39.4,38.2,ZARAR (SL),-307.57,186692.86
LCID,2024-12-06,2024-12-09,23.0,25.5,KAR (TP),1083.96,187773.82
LCID,2024-12-10,2024-12-12,23.6,25.4,KAR (TP),759.71,188530.53
LCID,2024-12-18,2024-12-20,25.3,30.2,KAR (TP),1933.76,190461.29
LCID,2024-12-31,2025-01-03,30.2,32.9,KAR (TP),891.04,191349.33
LCID,2025-01-07,2025-01-08,31.8,29.8,ZARAR (SL),-631.93,190714.4
LCID,2025-02-13,2025-02-18,32.6,34.8,KAR (TP),671.85,191383.25
LCID,2025-02-21,2025-02-24,30.6,27.8,ZARAR (SL),-918.03,190462.21
LCID,2025-04-01,2025-04-02,25.3,24.0,ZARAR (SL),-516.83,189942.38
LCID,2025-05-12,2025-05-14,26.2,27.6,KAR (TP),531.35,190470.73
LCID,2025-05-16,2025-05-19,28.4,26.8,ZARAR (SL),-566.38,189901.35
LCID,2025-07-08,2025-07-17,23.0,31.2,KAR (TP),3562.22,193460.57
LCID,2025-07-21,2025-07-22,28.2,31.3,KAR (TP),1096.29,194553.86
LCID,2025-10-08,2025-10-09,22.52,21.69,ZARAR (SL),-371.56,194179.3
WKHS,2024-02-16,2024-02-20,882.0,1080.0,KAR (TP),2241.9,196418.19
WKHS,2024-02-21,2024-02-22,951.0,855.0,ZARAR (SL),-1012.46,195402.73
WKHS,2024-03-11,2024-03-12,948.0,828.0,ZARAR (SL),-1268.82,194130.91
WKHS,2024-05-14,2024-05-15,627.0,681.0,KAR (TP),858.24,194986.15
WKHS,2024-05-17,2024-05-21,720.0,639.0,ZARAR (SL),-1128.0,193855.15
WKHS,2024-07-18,2024-07-19,283.5,250.5,ZARAR (SL),-1167.02,192685.13
WKHS,2024-09-24,2024-09-25,133.5,121.65,ZARAR (SL),-890.64,191791.49
WKHS,2024-10-15,2024-10-17,127.5,117.0,ZARAR (SL),-826.53,190961.96
WKHS,2024-11-07,2024-11-08,126.3,118.2,ZARAR (SL),-644.33,190314.63
WKHS,2024-11-19,2024-11-20,183.0,157.5,ZARAR (SL),-1396.44,188915.19
WKHS,2025-06-09,2025-06-12,12.36,11.58,ZARAR (SL),-634.07,188278.12
WKHS,2025-06-27,2025-06-30,13.68,13.2,ZARAR (SL),-353.88,187921.24
WKHS,2025-07-14,2025-07-15,33.72,25.56,ZARAR (SL),-2422.93,185495.31
QS,2024-02-12,2024-02-13,7.88,7.48,ZARAR (SL),-510.61,184981.7
QS,2024-03-28,2024-04-02,6.29,5.9,ZARAR (SL),-623.03,184355.67
QS,2024-05-13,2024-05-17,5.97,5.6,ZARAR (SL),-622.77,183729.9
QS,2024-05-30,2024-06-03,5.99,5.78,ZARAR (SL),-353.58,183373.32
QS,2024-07-25,2024-07-29,6.88,6.54,ZARAR (SL),-497.19,182873.13
QS,2024-09-11,2024-09-25,5.86,5.65,ZARAR (SL),-361.36,182508.77
QS,2024-10-24,2024-10-25,6.5,6.19,ZARAR (SL),-479.92,182025.85
QS,2024-12-02,2024-12-03,5.2,5.01,ZARAR (SL),-368.38,181654.46
QS,2024-12-17,2024-12-18,5.31,5.08,ZARAR (SL),-436.15,181215.32
QS,2024-12-30,2024-12-31,5.49,5.19,ZARAR (SL),-549.45,180662.87
QS,2025-02-18,2025-02-19,5.54,5.2,ZARAR (SL),-616.72,180043.15
QS,2025-05-09,2025-05-12,4.06,4.28,KAR (TP),538.87,180579.02
QS,2025-05-15,2025-05-16,4.26,4.73,KAR (TP),1100.29,181676.31
QS,2025-05-28,2025-05-29,4.32,4.06,ZARAR (SL),-604.85,181068.46
QS,2025-06-09,2025-06-11,4.35,4.62,KAR (TP),617.69,181683.15
QS,2025-06-24,2025-06-25,4.33,5.67,KAR (TP),3091.69,184771.84
QS,2025-09-08,2025-09-09,9.49,8.53,ZARAR (SL),-1014.59,183754.24
QS,2025-10-09,2025-10-13,14.99,16.99,KAR (TP),1331.22,185082.47
QS,2025-10-29,2025-10-31,15.84,18.44,KAR (TP),1638.41,186717.88
GOEV,2024-03-20,2024-03-21,68.2,86.8,KAR (TP),2724.27,189439.16
GOEV,2024-06-28,2024-07-01,42.6,40.4,ZARAR (SL),-519.43,188916.72
COIN,2024-02-09,2024-02-14,141.99,160.38,KAR (TP),1292.16,190205.89
COIN,2024-05-15,2024-05-16,219.91,199.17,ZARAR (SL),-946.11,189256.77
COIN,2024-05-28,2024-05-29,245.0,236.65,ZARAR (SL),-343.82,188909.96
COIN,2024-06-12,2024-06-14,254.96,244.5,ZARAR (SL),-413.26,188493.7
COIN,2024-07-16,2024-07-18,251.49,233.24,ZARAR (SL),-728.67,187762.02
COIN,2024-10-11,2024-10-14,176.38,196.35,KAR (TP),1129.21,188888.24
COIN,2024-10-15,2024-10-16,196.34,210.48,KAR (TP),717.18,189602.41
COIN,2024-10-23,2024-10-24,198.93,209.16,KAR (TP),511.25,190110.67
COIN,2024-11-06,2024-11-08,254.31,270.74,KAR (TP),643.06,190750.73
COIN,2024-11-13,2024-11-15,284.72,305.85,KAR (TP),739.13,191486.86
COIN,2024-11-18,2024-11-21,325.41,295.23,ZARAR (SL),-930.45,190553.42
COIN,2024-12-05,2024-12-06,320.57,343.62,KAR (TP),716.03,191266.45
COIN,2025-01-21,2025-01-27,294.19,277.99,ZARAR (SL),-553.66,190709.78
COIN,2025-02-13,2025-02-14,298.11,274.31,ZARAR (SL),-801.36,189905.42
COIN,2025-05-09,2025-05-13,199.32,256.9,KAR (TP),2885.82,192788.24
COIN,2025-05-15,2025-05-16,244.44,266.46,KAR (TP),897.83,193683.07
COIN,2025-06-18,2025-06-24,295.29,344.82,KAR (TP),1674.33,195354.41
COIN,2025-09-17,2025-09-18,320.56,343.13,KAR (TP),701.08,196052.49
COIN,2025-09-22,2025-09-23,331.95,320.07,ZARAR (SL),-360.89,195688.6
COIN,2025-10-03,2025-10-10,380.02,357.01,ZARAR (SL),-608.49,195077.11
COIN,2025-10-24,2025-10-30,354.46,328.51,ZARAR (SL),-735.1,194339.01
HOOD,2024-02-12,2024-02-14,12.01,13.38,KAR (TP),1137.72,195473.73
HOOD,2024-05-14,2024-05-17,18.02,20.09,KAR (TP),1145.72,196616.45
HOOD,2024-05-22,2024-05-29,19.66,21.08,KAR (TP),721.82,197335.27
HOOD,2024-05-30,2024-05-31,21.84,20.9,ZARAR (SL),-433.4,196898.87
HOOD,2024-06-21,2024-06-24,22.29,21.37,ZARAR (SL),-415.74,196480.13
HOOD,2024-07-17,2024-07-18,24.18,22.83,ZARAR (SL),-561.31,195915.81
HOOD,2024-09-11,2024-09-13,20.64,22.07,KAR (TP),689.83,196602.64
HOOD,2024-09-20,2024-09-27,22.73,23.89,KAR (TP),507.34,197106.98
HOOD,2024-10-02,2024-10-08,22.63,25.61,KAR (TP),1313.84,198417.82
HOOD,2024-10-09,2024-10-14,25.65,27.0,KAR (TP),523.32,198938.14
HOOD,2024-10-28,2024-10-31,27.88,23.49,ZARAR (SL),-1577.61,197357.53
HOOD,2024-11-11,2024-11-18,32.8,35.0,KAR (TP),667.73,198022.26
HOOD,2024-11-19,2024-11-25,35.24,37.85,KAR (TP),737.63,198756.9
HOOD,2024-12-10,2024-12-12,37.36,39.33,KAR (TP),524.3,199278.2
HOOD,2024-12-16,2024-12-17,43.2,41.63,ZARAR (SL),-366.43,198908.77
HOOD,2025-01-14,2025-01-15,41.76,45.56,KAR (TP),906.96,199812.74
HOOD,2025-01-17,2025-01-24,48.15,51.12,KAR (TP),613.82,200423.56
HOOD,2025-01-27,2025-01-29,47.74,51.15,KAR (TP),711.29,201131.84
HOOD,2025-02-10,2025-02-11,56.27,53.34,ZARAR (SL),-523.7,200605.14
HOOD,2025-04-09,2025-04-10,42.21,40.51,ZARAR (SL),-405.75,200196.39
HOOD,2025-05-01,2025-05-07,46.62,49.99,KAR (TP),719.87,200913.26
HOOD,2025-06-10,2025-06-16,72.51,76.75,KAR (TP),581.75,201492.0
HOOD,2025-06-24,2025-06-30,82.01,93.63,KAR (TP),1413.9,202902.9
HOOD,2025-07-08,2025-07-10,91.27,98.7,KAR (TP),811.07,203710.97
HOOD,2025-07-31,2025-08-01,103.05,99.9,ZARAR (SL),-308.68,203399.3
HOOD,2025-08-13,2025-08-15,108.62,114.17,KAR (TP),507.96,203904.25
HOOD,2025-09-08,2025-09-19,117.28,124.78,KAR (TP),636.5,204537.75
UPST,2024-02-09,2024-02-14,33.9,26.46,ZARAR (SL),-2197.69,202337.05
UPST,2024-03-20,2024-03-27,26.56,28.17,KAR (TP),603.17,202937.23
UPST,2024-03-28,2024-04-02,26.89,25.74,ZARAR (SL),-430.67,202503.56
UPST,2024-05-09,2024-05-14,26.17,28.59,KAR (TP),921.72,203422.28
UPST,2024-05-15,2024-05-16,28.11,25.61,ZARAR (SL),-892.36,202526.92
UPST,2024-06-05,2024-06-07,26.43,24.59,ZARAR (SL),-699.18,201824.74
UPST,2024-07-18,2024-07-24,28.41,25.02,ZARAR (SL),-1196.24,200625.5
UPST,2024-08-07,2024-08-09,33.3,36.25,KAR (TP),882.89,201505.39
UPST,2024-10-04,2024-10-11,41.3,47.02,KAR (TP),1381.99,202884.38
UPST,2024-11-05,2024-11-06,50.6,53.98,KAR (TP),664.98,203546.36
UPST,2024-11-07,2024-11-08,55.47,81.0,KAR (TP),4599.49,208142.85
UPST,2024-11-12,2024-11-22,69.43,74.06,KAR (TP),663.86,208803.71
UPST,2024-12-12,2024-12-13,77.08,84.46,KAR (TP),954.45,209755.15
UPST,2025-01-23,2025-01-27,69.31,65.01,ZARAR (SL),-623.4,209128.75
UPST,2025-02-07,2025-02-12,68.85,88.77,KAR (TP),2890.25,212016.0
UPST,2025-02-13,2025-02-20,84.16,79.21,ZARAR (SL),-591.17,211421.83
UPST,2025-05-07,2025-05-12,46.44,52.96,KAR (TP),1400.96,212819.79
UPST,2025-06-13,2025-06-16,52.02,55.06,KAR (TP),581.39,213398.18
UPST,2025-06-20,2025-06-24,58.01,64.85,KAR (TP),1176.11,214571.29
UPST,2025-06-27,2025-07-01,63.43,68.14,KAR (TP),739.55,215307.84
UPST,2025-07-30,2025-08-01,83.32,79.22,ZARAR (SL),-495.65,214809.19
UPST,2025-09-17,2025-09-22,68.12,64.9,ZARAR (SL),-475.7,214330.5
UPST,2025-12-15,2025-12-22,46.05,48.77,KAR (TP),587.66,214915.16
AFRM,2024-02-08,2024-02-09,49.22,43.86,ZARAR (SL),-1091.99,213818.67
AFRM,2024-03-20,2024-03-22,37.79,36.04,ZARAR (SL),-466.09,213349.59
AFRM,2024-05-02,2024-05-08,34.44,31.58,ZARAR (SL),-833.43,212513.16
AFRM,2024-06-11,2024-06-12,33.8,35.75,KAR (TP),573.92,213084.08
AFRM,2024-06-13,2024-06-14,33.43,30.9,ZARAR (SL),-759.81,212321.28
AFRM,2024-06-24,2024-06-26,33.7,31.41,ZARAR (SL),-682.53,211635.75
AFRM,2024-07-16,2024-07-17,33.46,32.27,ZARAR (SL),-358.65,211274.1
AFRM,2024-08-19,2024-08-20,30.34,29.29,ZARAR (SL),-349.08,210922.02
AFRM,2024-09-19,2024-09-25,44.98,43.24,ZARAR (SL),-389.84,210529.19
AFRM,2024-10-09,2024-10-11,43.25,47.08,KAR (TP),882.55,211408.74
AFRM,2024-10-14,2024-10-17,49.26,43.93,ZARAR (SL),-1085.01,210320.72
AFRM,2024-10-30,2024-10-31,45.24,43.85,ZARAR (SL),-310.25,210007.47
AFRM,2024-11-13,2024-11-18,54.82,62.06,KAR (TP),1317.69,211322.16
AFRM,2024-12-17,2024-12-18,70.89,63.34,ZARAR (SL),-1068.03,210251.13
AFRM,2025-02-06,2025-02-07,61.75,75.22,KAR (TP),2178.38,212426.5
AFRM,2025-05-12,2025-05-14,53.74,56.55,KAR (TP),519.89,212943.39
AFRM,2025-05-15,2025-05-20,51.75,49.74,ZARAR (SL),-391.41,212548.99
AFRM,2025-07-08,2025-07-11,67.73,64.72,ZARAR (SL),-447.41,212098.57
AFRM,2025-07-30,2025-08-04,67.43,74.79,KAR (TP),1088.5,213184.08
AFRM,2025-08-05,2025-08-07,74.86,78.96,KAR (TP),544.69,213725.77
AFRM,2025-08-08,2025-08-12,72.33,76.89,KAR (TP),626.75,214349.52
AFRM,2025-08-14,2025-08-19,77.02,73.86,ZARAR (SL),-413.28,213933.24
AFRM,2025-09-02,2025-09-04,82.22,89.66,KAR (TP),901.89,214832.13
AFRM,2025-11-07,2025-11-12,73.62,78.95,KAR (TP),720.99,215550.11
AFRM,2025-11-13,2025-11-14,73.18,70.51,ZARAR (SL),-367.85,215179.26
AFRM,2025-12-16,2025-12-22,73.39,78.57,KAR (TP),702.82,215879.08
SOFI,2024-04-08,2024-04-12,7.76,7.33,ZARAR (SL),-557.12,215318.95
SOFI,2024-04-23,2024-04-29,7.58,7.05,ZARAR (SL),-708.8,214607.15
SOFI,2024-05-14,2024-05-16,7.47,7.12,ZARAR (SL),-471.54,214132.61
SOFI,2024-07-29,2024-08-02,7.33,6.65,ZARAR (SL),-930.69,213198.91
SOFI,2024-09-03,2024-09-05,7.53,7.26,ZARAR (SL),-361.57,212834.35
SOFI,2024-09-16,2024-09-25,8.06,7.73,ZARAR (SL),-412.43,212418.92
SOFI,2024-10-08,2024-10-11,8.41,9.01,KAR (TP),710.44,213126.36
SOFI,2024-12-09,2024-12-16,15.57,16.88,KAR (TP),838.36,213961.72
SOFI,2024-12-17,2024-12-18,16.66,15.24,ZARAR (SL),-855.34,213103.38
SOFI,2025-01-21,2025-01-27,17.9,16.08,ZARAR (SL),-1019.76,212080.62
SOFI,2025-02-18,2025-02-19,16.83,16.18,ZARAR (SL),-389.21,211688.4
SOFI,2025-04-30,2025-05-08,12.51,13.26,KAR (TP),596.52,212281.92
SOFI,2025-06-05,2025-06-10,13.67,14.39,KAR (TP),523.7,212802.62
SOFI,2025-06-13,2025-06-16,14.09,14.9,KAR (TP),571.88,213371.5
SOFI,2025-06-17,2025-06-18,14.43,15.36,KAR (TP),641.49,214009.99
SOFI,2025-06-20,2025-06-25,15.2,16.08,KAR (TP),575.95,214582.94
SOFI,2025-07-29,2025-08-01,22.4,21.23,ZARAR (SL),-525.32,214054.61
SOFI,2025-08-19,2025-08-22,22.75,25.02,KAR (TP),994.8,215046.42
SOFI,2025-08-28,2025-09-02,26.04,24.91,ZARAR (SL),-436.95,214606.47
SOFI,2025-09-17,2025-09-19,27.14,29.51,KAR (TP),870.25,215473.72
SOFI,2025-09-29,2025-09-30,27.55,26.42,ZARAR (SL),-413.16,215057.56
SOFI,2025-10-14,2025-10-16,27.87,26.6,ZARAR (SL),-458.69,214595.87
SOFI,2025-10-27,2025-10-28,30.0,31.66,KAR (TP),550.33,215143.2
SOFI,2025-10-29,2025-10-30,30.9,29.03,ZARAR (SL),-608.18,214532.02
SOFI,2025-11-10,2025-11-12,30.54,32.21,KAR (TP),543.82,215072.85
MQ,2024-02-15,2024-02-21,6.51,6.15,ZARAR (SL),-556.0,214513.85
MQ,2024-05-15,2024-05-16,5.86,5.65,ZARAR (SL),-361.36,214149.49
MQ,2024-06-25,2024-07-19,5.41,5.17,ZARAR (SL),-446.62,213699.87
MQ,2024-08-29,2024-09-03,5.34,5.11,ZARAR (SL),-433.71,213263.16
MQ,2024-10-14,2024-10-28,5.08,5.78,KAR (TP),1374.95,214635.11
MQ,2024-12-09,2024-12-18,3.96,3.71,ZARAR (SL),-634.31,213997.8
MQ,2025-01-27,2025-02-12,3.84,3.71,ZARAR (SL),-341.54,213653.25
MQ,2025-02-27,2025-03-05,4.25,4.11,ZARAR (SL),-332.41,213317.84
MQ,2025-03-17,2025-03-19,4.32,4.57,KAR (TP),575.7,213890.55
MQ,2025-03-26,2025-03-28,4.39,4.19,ZARAR (SL),-458.58,213428.97
MQ,2025-05-07,2025-05-08,4.09,4.49,KAR (TP),974.99,214400.96
MQ,2025-06-13,2025-06-24,5.38,5.75,KAR (TP),684.73,215082.69
MQ,2025-08-08,2025-08-14,6.52,6.18,ZARAR (SL),-524.47,214555.22
MQ,2025-11-11,2025-11-14,5.04,4.88,ZARAR (SL),-320.46,214231.76
MQ,2025-12-09,2025-12-19,4.82,5.07,KAR (TP),515.67,214744.43
BILL,2024-01-31,2024-02-07,78.05,74.93,ZARAR (SL),-402.74,214337.19
BILL,2024-03-18,2024-04-01,67.47,64.5,ZARAR (SL),-443.2,213890.99
BILL,2024-05-01,2024-05-03,62.8,56.58,ZARAR (SL),-993.45,212894.55
BILL,2024-06-28,2024-07-09,52.62,50.79,ZARAR (SL),-350.78,212540.77
BILL,2024-08-29,2024-09-03,54.98,52.75,ZARAR (SL),-408.6,212129.17
BILL,2024-09-19,2024-09-23,54.76,52.65,ZARAR (SL),-388.32,211737.85
BILL,2024-10-04,2024-10-31,55.51,58.36,KAR (TP),510.42,212245.27
BILL,2024-11-01,2024-11-06,58.26,64.72,KAR (TP),1105.82,213348.1
BILL,2024-12-03,2024-12-05,88.48,95.47,KAR (TP),787.01,214132.1
BILL,2025-01-28,2025-02-07,97.07,62.13,ZARAR (SL),-3602.46,210526.64
BILL,2025-05-02,2025-05-08,45.3,47.57,KAR (TP),498.1,211021.74
BILL,2025-05-09,2025-05-12,44.72,47.37,KAR (TP),589.58,211608.32
BILL,2025-05-13,2025-05-16,47.73,46.26,ZARAR (SL),-310.98,211294.34
BILL,2025-06-23,2025-07-02,44.29,46.56,KAR (TP),509.53,211800.87
BILL,2025-07-23,2025-07-29,46.54,45.03,ZARAR (SL),-327.45,211470.42
BILL,2025-08-29,2025-09-05,46.42,51.54,KAR (TP),1099.97,212567.39
BILL,2025-11-12,2025-11-13,51.92,50.11,ZARAR (SL),-351.61,212212.78
BILL,2025-12-17,2025-12-19,53.27,55.98,KAR (TP),505.73,212715.5
TOST,2024-02-15,2024-02-16,19.2,22.42,KAR (TP),1674.08,214386.59
TOST,2024-02-20,2024-02-21,21.78,20.75,ZARAR (SL),-475.91,213907.68
TOST,2024-03-15,2024-03-28,23.55,24.92,KAR (TP),578.74,214483.42
TOST,2024-05-02,2024-05-08,23.38,26.82,KAR (TP),1468.34,215948.76
TOST,2024-07-16,2024-07-24,27.3,24.8,ZARAR (SL),-918.75,215027.01
TOST,2024-09-11,2024-09-16,25.0,26.57,KAR (TP),625.0,215649.01
TOST,2024-09-17,2024-09-30,26.75,28.31,KAR (TP),580.18,216226.19
TOST,2024-10-02,2024-10-09,27.43,28.98,KAR (TP),562.07,216785.26
TOST,2024-10-11,2024-10-18,28.34,30.32,KAR (TP),695.66,217477.92
TOST,2024-10-24,2024-11-06,30.03,32.14,KAR (TP),699.63,218174.55
TOST,2024-11-07,2024-11-08,32.67,37.48,KAR (TP),1469.3,219640.85
TOST,2025-01-06,2025-01-07,38.94,37.43,ZARAR (SL),-390.78,219247.07
TOST,2025-01-21,2025-01-31,38.65,40.92,KAR (TP),584.32,219828.4
TOST,2025-02-04,2025-02-05,39.24,41.32,KAR (TP),527.07,220352.47
TOST,2025-02-07,2025-02-12,41.12,39.75,ZARAR (SL),-336.17,220013.3
TOST,2025-04-28,2025-05-09,35.74,40.84,KAR (TP),1423.97,221434.27
TOST,2025-05-30,2025-06-24,42.18,44.67,KAR (TP),587.33,222018.59
TOST,2025-06-27,2025-07-02,43.89,42.54,ZARAR (SL),-310.59,221705.01
TOST,2025-07-15,2025-07-17,44.34,46.62,KAR (TP),511.21,222213.22
TOST,2025-07-21,2025-08-07,47.31,45.61,ZARAR (SL),-362.33,221847.88
TOST,2025-11-05,2025-11-06,39.02,36.38,ZARAR (SL),-679.58,221165.31
BRZE,2024-02-08,2024-02-20,58.62,56.8,ZARAR (SL),-313.47,220847.33
BRZE,2024-05-13,2024-05-30,41.72,37.32,ZARAR (SL),-1057.65,219786.68
BRZE,2024-07-10,2024-07-15,37.8,40.3,KAR (TP),658.38,220442.06
BRZE,2024-07-25,2024-07-31,41.61,44.06,KAR (TP),585.8,221024.86
BRZE,2024-08-19,2024-09-06,43.71,35.57,ZARAR (SL),-1865.27,219156.59
BRZE,2024-11-18,2024-11-21,34.51,37.98,KAR (TP),1002.51,220156.09
BRZE,2024-11-27,2024-12-04,38.82,42.22,KAR (TP),872.84,221025.93
BRZE,2024-12-18,2024-12-31,43.37,41.88,ZARAR (SL),-346.55,220676.37
BRZE,2025-03-25,2025-03-26,39.14,37.33,ZARAR (SL),-465.44,220207.93
BRZE,2025-05-05,2025-05-08,31.71,33.66,KAR (TP),611.95,220816.88
BRZE,2025-05-19,2025-06-06,35.46,29.73,ZARAR (SL),-1618.91,219194.98
BRZE,2025-07-17,2025-07-28,28.24,29.78,KAR (TP),542.33,219734.3
BRZE,2025-07-29,2025-07-30,29.62,28.66,ZARAR (SL),-327.11,219404.2
BRZE,2025-09-02,2025-09-05,27.04,31.42,KAR (TP),1616.82,221018.02
BRZE,2025-09-15,2025-09-17,30.39,31.93,KAR (TP),503.75,221518.76
BRZE,2025-09-19,2025-09-30,32.04,28.44,ZARAR (SL),-1126.6,220389.17
BRZE,2025-11-12,2025-11-13,29.37,28.21,ZARAR (SL),-397.96,219988.21
BRZE,2025-12-04,2025-12-10,29.87,36.19,KAR (TP),2112.83,222098.04
DOCU,2024-03-06,2024-03-08,52.47,55.97,KAR (TP),664.05,222759.09
DOCU,2024-03-15,2024-04-03,56.77,60.55,KAR (TP),662.84,223418.93
DOCU,2024-04-12,2024-04-15,58.9,56.67,ZARAR (SL),-381.61,223034.33
DOCU,2024-05-13,2024-05-23,59.76,57.32,ZARAR (SL),-411.3,222620.03
DOCU,2024-09-04,2024-09-10,57.42,54.56,ZARAR (SL),-501.08,222115.94
DOCU,2024-09-20,2024-09-26,57.97,62.53,KAR (TP),783.61,222896.56
DOCU,2024-11-27,2024-12-06,80.38,106.99,KAR (TP),3307.53,226201.08
DOCU,2024-12-10,2024-12-18,95.85,92.71,ZARAR (SL),-330.6,225867.49
DOCU,2025-01-28,2025-02-06,97.7,93.85,ZARAR (SL),-397.06,225467.42
DOCU,2025-03-21,2025-03-28,88.06,83.18,ZARAR (SL),-557.17,224907.26
DOCU,2025-05-07,2025-05-12,82.24,87.86,KAR (TP),680.37,225584.62
DOCU,2025-05-21,2025-06-03,85.43,91.61,KAR (TP),720.4,226302.02
DOCU,2025-06-04,2025-06-06,93.84,75.28,ZARAR (SL),-1980.83,224318.19
DOCU,2025-07-21,2025-07-31,79.34,75.64,ZARAR (SL),-469.35,223845.84
DOCU,2025-09-03,2025-09-05,75.9,79.86,KAR (TP),518.74,224361.58
DOCU,2025-09-09,2025-09-17,79.8,84.52,KAR (TP),588.48,224947.06
DOCU,2025-09-19,2025-09-25,84.59,81.31,ZARAR (SL),-390.75,224553.3
DOCU,2025-10-30,2025-11-11,71.61,68.85,ZARAR (SL),-388.42,224161.88
DOCU,2025-12-04,2025-12-05,71.1,65.67,ZARAR (SL),-766.71,223392.17
SABR,2024-02-12,2024-02-13,4.39,4.16,ZARAR (SL),-526.92,222860.75
SABR,2024-04-15,2024-04-19,2.58,2.48,ZARAR (SL),-390.6,222467.15
SABR,2024-04-29,2024-05-03,2.86,2.58,ZARAR (SL),-982.02,221482.13
SABR,2024-05-13,2024-05-22,3.02,2.92,ZARAR (SL),-334.13,221145.01
SABR,2024-06-03,2024-06-04,3.18,3.05,ZARAR (SL),-411.81,220730.2
SABR,2024-07-09,2024-07-12,2.95,3.12,KAR (TP),573.27,221300.47
SABR,2024-07-31,2024-08-01,3.43,3.28,ZARAR (SL),-440.32,220857.16
SABR,2024-09-11,2024-09-13,2.99,3.22,KAR (TP),766.23,221620.39
SABR,2024-09-17,2024-09-24,3.23,3.41,KAR (TP),554.28,222171.66
SABR,2024-10-02,2024-10-07,3.5,3.36,ZARAR (SL),-403.0,221765.66
SABR,2024-11-08,2024-11-18,3.6,3.79,KAR (TP),524.78,222287.44
SABR,2024-12-04,2024-12-27,3.84,3.67,ZARAR (SL),-445.71,221838.73
SABR,2025-02-27,2025-03-03,4.13,3.93,ZARAR (SL),-487.26,221348.47
SABR,2025-05-06,2025-05-12,2.45,2.86,KAR (TP),1670.47,223015.94
SABR,2025-05-21,2025-05-30,2.6,2.52,ZARAR (SL),-310.69,222702.25
SABR,2025-06-09,2025-06-12,2.97,2.88,ZARAR (SL),-306.03,222393.22
SABR,2025-06-23,2025-06-24,2.72,2.93,KAR (TP),769.06,223159.28
SABR,2025-06-25,2025-06-27,2.98,3.18,KAR (TP),668.14,223824.42
SABR,2025-09-12,2025-09-24,1.87,1.81,ZARAR (SL),-323.86,223497.56
SABR,2025-10-20,2025-10-22,1.87,2.18,KAR (TP),1654.75,225149.31
SABR,2025-10-30,2025-10-31,1.91,2.05,KAR (TP),703.81,225850.12
SABR,2025-11-03,2025-11-06,2.01,1.84,ZARAR (SL),-873.65,224973.48
TTEC,2024-06-20,2024-06-24,7.06,6.16,ZARAR (SL),-1277.79,223692.69
TTEC,2025-03-10,2025-03-11,3.73,3.61,ZARAR (SL),-324.72,223364.97
TTEC,2025-06-11,2025-06-13,5.45,5.27,ZARAR (SL),-333.27,223028.7
TTEC,2025-07-09,2025-07-10,5.39,5.15,ZARAR (SL),-448.27,222577.43
TTEC,2025-07-23,2025-07-24,5.45,5.28,ZARAR (SL),-314.93,222259.5
TTEC,2025-09-19,2025-09-23,3.74,3.49,ZARAR (SL),-671.45,221585.05
TTEC,2025-10-08,2025-10-09,3.85,3.66,ZARAR (SL),-496.51,221085.55
TTEC,2025-12-19,2025-12-23,3.66,3.46,ZARAR (SL),-549.45,220533.1
TWLO,2024-02-14,2024-02-15,72.27,61.15,ZARAR (SL),-1541.67,218988.42
TWLO,2024-03-28,2024-04-15,61.15,59.03,ZARAR (SL),-349.69,218635.74
TWLO,2024-05-03,2024-05-08,61.89,58.62,ZARAR (SL),-531.36,218101.38
TWLO,2024-07-22,2024-08-02,58.01,62.86,KAR (TP),833.06,218931.44
TWLO,2024-08-05,2024-09-06,59.92,58.1,ZARAR (SL),-306.74,218621.7
TWLO,2024-09-19,2024-10-02,62.63,66.39,KAR (TP),597.35,219216.05
TWLO,2024-10-25,2024-10-31,70.47,80.65,KAR (TP),1441.59,220654.64
TWLO,2024-12-16,2024-12-18,111.59,105.46,ZARAR (SL),-552.33,220099.31
TWLO,2025-01-08,2025-01-24,111.06,136.23,KAR (TP),2263.34,222359.65
TWLO,2025-06-02,2025-06-12,119.6,115.8,ZARAR (SL),-320.73,222035.93
TWLO,2025-06-27,2025-07-01,122.74,117.23,ZARAR (SL),-451.92,221581.01
TWLO,2025-07-15,2025-07-16,126.16,122.16,ZARAR (SL),-320.06,221257.95
TWLO,2025-08-06,2025-08-07,130.22,122.39,ZARAR (SL),-604.29,220650.66
TWLO,2025-09-19,2025-09-24,106.5,103.24,ZARAR (SL),-309.1,220338.56
TWLO,2025-10-06,2025-10-16,109.7,106.23,ZARAR (SL),-319.32,220016.24
TWLO,2025-10-30,2025-10-31,112.86,134.88,KAR (TP),1948.09,221961.33
TWLO,2025-12-08,2025-12-16,130.13,137.5,KAR (TP),563.36,222521.69
RNG,2024-03-07,2024-04-01,35.05,33.74,ZARAR (SL),-376.75,222140.44
RNG,2024-08-01,2024-08-02,33.45,35.26,KAR (TP),538.11,222675.54
RNG,2024-08-05,2024-08-06,34.87,33.79,ZARAR (SL),-312.72,222359.82
RNG,2024-08-16,2024-09-04,33.77,29.15,ZARAR (SL),-1371.08,220985.74
RNG,2024-10-10,2024-10-17,31.35,32.96,KAR (TP),510.56,221493.3
RNG,2024-11-11,2024-11-18,36.21,35.03,ZARAR (SL),-328.88,221161.42
RNG,2024-12-03,2024-12-04,37.05,39.79,KAR (TP),736.54,221894.96
RNG,2024-12-06,2024-12-13,41.03,39.05,ZARAR (SL),-485.57,221406.39
RNG,2025-06-20,2025-06-30,26.71,28.35,KAR (TP),611.0,222014.39
RNG,2025-07-01,2025-07-11,29.24,26.93,ZARAR (SL),-793.01,221218.38
RNG,2025-07-23,2025-07-25,27.94,26.69,ZARAR (SL),-450.39,220764.99
RNG,2025-08-06,2025-08-08,29.99,28.75,ZARAR (SL),-416.47,220345.52
RNG,2025-08-19,2025-08-21,30.07,29.14,ZARAR (SL),-312.28,220030.24
RNG,2025-09-08,2025-09-10,32.44,30.63,ZARAR (SL),-560.95,219466.29
RNG,2025-09-22,2025-09-23,32.19,30.55,ZARAR (SL),-512.47,218950.82
RNG,2025-11-03,2025-11-04,29.94,27.47,ZARAR (SL),-827.98,218119.83
ZM,2024-02-28,2024-03-05,69.62,66.49,ZARAR (SL),-452.58,217662.75
ZM,2024-05-13,2024-05-30,63.11,60.53,ZARAR (SL),-411.81,217247.94
ZM,2024-06-10,2024-06-12,62.96,60.52,ZARAR (SL),-390.55,216854.39
ZM,2024-07-25,2024-08-05,59.61,55.63,ZARAR (SL),-670.67,216180.72
ZM,2024-08-19,2024-08-22,59.82,68.04,KAR (TP),1371.12,217548.84
ZM,2024-10-08,2024-10-21,68.32,72.17,KAR (TP),560.52,218106.36
ZM,2024-10-22,2024-11-05,72.22,77.75,KAR (TP),762.72,218866.08
ZM,2024-11-18,2024-11-22,78.93,85.88,KAR (TP),877.53,219740.61
ZM,2024-11-25,2024-11-26,89.03,83.41,ZARAR (SL),-634.25,219103.36
ZM,2024-12-20,2024-12-30,85.6,82.73,ZARAR (SL),-338.28,218762.08
ZM,2025-01-28,2025-02-11,88.64,83.82,ZARAR (SL),-546.77,218212.31
ZM,2025-05-30,2025-06-11,81.25,78.16,ZARAR (SL),-383.31,217826.0
ZM,2025-08-26,2025-09-03,78.81,83.49,KAR (TP),590.83,218413.83
ZM,2025-09-19,2025-10-01,84.16,81.28,ZARAR (SL),-345.21,218065.63
ZM,2025-10-27,2025-11-06,85.17,82.22,ZARAR (SL),-349.37,217713.26
MRNA,2024-03-13,2024-03-20,106.51,103.08,ZARAR (SL),-325.04,217383.72
MRNA,2024-04-24,2024-05-02,108.85,125.59,KAR (TP),1534.9,218915.62
MRNA,2024-05-10,2024-05-13,117.31,125.67,KAR (TP),709.64,219622.26
MRNA,2024-05-29,2024-05-31,147.92,142.55,ZARAR (SL),-366.03,219253.23
MRNA,2024-06-10,2024-06-14,148.59,140.03,ZARAR (SL),-579.08,218671.15
MRNA,2025-01-07,2025-01-08,47.53,43.17,ZARAR (SL),-920.32,217747.83
MRNA,2025-01-23,2025-01-28,42.39,44.94,KAR (TP),598.56,218343.39
MRNA,2025-01-29,2025-01-31,40.72,39.42,ZARAR (SL),-322.25,218018.13
MRNA,2025-03-05,2025-03-11,35.21,33.76,ZARAR (SL),-414.82,217600.32
MRNA,2025-03-24,2025-03-26,34.17,31.48,ZARAR (SL),-790.24,216807.08
MRNA,2025-05-19,2025-05-20,26.39,27.99,KAR (TP),603.29,217407.37
MRNA,2025-06-27,2025-07-01,27.16,28.69,KAR (TP),560.33,217964.7
MRNA,2025-07-02,2025-07-08,30.28,32.54,KAR (TP),743.37,218705.07
MRNA,2025-07-23,2025-07-29,34.67,32.66,ZARAR (SL),-582.75,218119.31
MRNA,2025-10-01,2025-10-13,27.6,26.74,ZARAR (SL),-314.59,217801.72
MRNA,2025-12-05,2025-12-11,27.7,29.63,KAR (TP),693.75,218492.47
PFE,2024-03-11,2024-03-22,25.31,24.41,ZARAR (SL),-359.01,218130.46
PFE,2024-05-02,2024-05-15,24.71,26.1,KAR (TP),558.24,218685.7
PFE,2024-05-31,2024-06-12,25.95,25.05,ZARAR (SL),-351.92,218330.78
PFE,2024-07-10,2024-07-17,25.67,27.19,KAR (TP),589.59,218917.37
PFE,2024-07-22,2024-07-26,26.8,28.25,KAR (TP),538.98,219453.35
PFE,2024-08-01,2024-08-06,28.14,26.92,ZARAR (SL),-436.93,219013.42
PFE,2024-09-09,2024-10-03,27.01,26.02,ZARAR (SL),-366.82,218643.6
PFE,2024-12-17,2025-03-26,24.65,23.9,ZARAR (SL),-306.91,218333.69
PFE,2025-05-06,2025-05-27,21.69,22.81,KAR (TP),512.92,218843.61
PFE,2025-05-30,2025-06-12,22.69,24.0,KAR (TP),571.71,219412.32
PFE,2025-06-13,2025-07-10,23.71,24.9,KAR (TP),502.3,219911.62
PFE,2025-07-22,2025-07-30,24.29,23.4,ZARAR (SL),-368.61,219540.0
PFE,2025-09-02,2025-09-12,24.55,23.46,ZARAR (SL),-447.36,219089.65
PFE,2025-09-30,2025-10-01,25.04,26.74,KAR (TP),675.96,219762.61
PFE,2025-11-07,2025-11-12,24.43,25.87,KAR (TP),586.44,220346.05
PFE,2025-11-14,2025-12-15,25.06,26.43,KAR (TP),543.69,220886.74
BIIB,2024-04-29,2024-05-14,215.5,226.88,KAR (TP),525.07,221407.31
BIIB,2024-05-22,2024-05-23,225.21,218.06,ZARAR (SL),-320.48,221083.83
BIIB,2024-06-03,2024-07-15,229.8,221.58,ZARAR (SL),-360.7,220720.13
BIIB,2024-09-03,2024-09-12,204.84,197.89,ZARAR (SL),-342.29,220374.84
BIIB,2025-03-04,2025-03-07,142.65,150.38,KAR (TP),538.89,220910.73
BIIB,2025-05-12,2025-05-14,124.4,120.37,ZARAR (SL),-326.95,220580.77
BIIB,2025-05-30,2025-06-23,129.79,124.76,ZARAR (SL),-390.55,220187.22
BIIB,2025-07-08,2025-07-15,134.46,127.5,ZARAR (SL),-520.63,219663.6
BIIB,2025-08-04,2025-08-07,132.2,127.75,ZARAR (SL),-339.61,219320.98
BIIB,2025-08-18,2025-09-09,135.91,143.6,KAR (TP),562.82,219880.8
BIIB,2025-09-11,2025-09-15,148.84,143.32,ZARAR (SL),-373.87,219503.93
BIIB,2025-10-01,2025-10-10,154.22,146.57,ZARAR (SL),-499.04,219001.89
BIIB,2025-10-28,2025-11-06,149.13,156.74,KAR (TP),507.29,219506.18
BIIB,2025-11-12,2025-11-21,161.48,175.3,KAR (TP),852.83,220356.02
BIIB,2025-12-10,2025-12-16,177.55,171.5,ZARAR (SL),-343.75,220009.27
VRTX,2024-01-31,2024-02-06,433.38,416.13,ZARAR (SL),-401.03,219605.23
VRTX,2024-05-07,2024-05-15,410.24,437.49,KAR (TP),661.25,220263.48
VRTX,2024-06-12,2024-07-30,475.79,502.6,KAR (TP),560.48,220820.96
VRTX,2024-07-31,2024-08-05,495.72,476.91,ZARAR (SL),-382.45,220435.51
VRTX,2024-10-15,2024-11-08,484.3,516.74,KAR (TP),666.83,221099.35
VRTX,2024-11-11,2024-11-14,501.72,483.96,ZARAR (SL),-356.98,220739.36
VRTX,2024-12-16,2024-12-18,468.09,447.5,ZARAR (SL),-442.87,220293.49
VRTX,2025-02-20,2025-03-14,480.33,504.77,KAR (TP),505.82,220796.31
VRTX,2025-03-21,2025-03-31,503.2,484.82,ZARAR (SL),-368.26,220425.05
VRTX,2025-05-05,2025-05-06,500.19,450.03,ZARAR (SL),-1005.82,219416.23
VRTX,2025-06-18,2025-07-09,448.4,478.97,KAR (TP),678.76,220091.98
VRTX,2025-07-17,2025-08-05,463.27,374.98,ZARAR (SL),-1908.8,218180.18
VRTX,2025-09-29,2025-10-08,395.31,421.15,KAR (TP),650.66,218827.85
VRTX,2025-10-22,2025-11-07,426.44,409.47,ZARAR (SL),-400.95,218423.9
VRTX,2025-11-21,2025-12-03,426.76,463.13,KAR (TP),849.24,219270.14
VRTX,2025-12-04,2025-12-08,457.36,442.04,ZARAR (SL),-337.97,218929.17
REGN,2024-01-31,2024-02-27,937.58,987.87,KAR (TP),533.39,219458.06
REGN,2024-02-29,2024-04-04,960.76,931.85,ZARAR (SL),-303.9,219151.16
REGN,2024-05-02,2024-05-14,932.44,979.21,KAR (TP),498.59,219646.76
REGN,2024-05-31,2024-06-14,974.75,1030.8,KAR (TP),572.01,220215.76
REGN,2024-07-31,2024-08-13,1073.24,1151.94,KAR (TP),730.33,220943.09
REGN,2024-08-29,2024-09-06,1172.43,1125.26,ZARAR (SL),-405.31,220534.78
REGN,2025-02-05,2025-02-10,712.77,686.55,ZARAR (SL),-370.79,220160.99
REGN,2025-02-25,2025-02-28,720.4,695.78,ZARAR (SL),-344.82,219813.17
REGN,2025-03-11,2025-03-12,715.12,686.58,ZARAR (SL),-402.07,219408.09
REGN,2025-07-16,2025-08-15,546.41,578.8,KAR (TP),589.78,219994.87
REGN,2025-08-20,2025-08-25,590.27,571.66,ZARAR (SL),-318.22,219673.65
REGN,2025-09-18,2025-09-23,597.96,567.18,ZARAR (SL),-517.77,219152.87
REGN,2025-10-03,2025-10-08,599.25,563.15,ZARAR (SL),-605.33,218544.54
REGN,2025-10-27,2025-10-28,584.58,653.66,KAR (TP),1178.77,219720.31
REGN,2025-11-19,2025-11-20,701.87,737.0,KAR (TP),497.52,220214.83
REGN,2025-12-03,2025-12-09,723.67,692.58,ZARAR (SL),-432.62,219779.21
GILD,2024-03-14,2024-04-03,70.07,66.93,ZARAR (SL),-450.38,219324.33
GILD,2024-06-20,2024-07-17,65.46,70.06,KAR (TP),699.29,220020.62
GILD,2024-08-05,2024-08-29,71.52,75.94,KAR (TP),614.4,220632.02
GILD,2024-10-22,2024-11-07,85.05,94.44,KAR (TP),1101.81,221730.83
GILD,2024-11-13,2024-11-15,89.36,85.28,ZARAR (SL),-459.66,221268.18
GILD,2024-12-05,2025-01-08,90.09,86.72,ZARAR (SL),-377.86,220887.32
GILD,2025-01-21,2025-02-03,90.43,95.7,KAR (TP),580.05,221464.37
GILD,2025-02-10,2025-02-12,92.88,100.5,KAR (TP),817.07,222278.43
GILD,2025-03-11,2025-03-19,111.32,105.32,ZARAR (SL),-541.8,221733.64
GILD,2025-05-12,2025-05-14,101.71,96.38,ZARAR (SL),-526.98,221203.66
GILD,2025-06-02,2025-07-10,106.69,113.0,KAR (TP),588.62,221789.27
GILD,2025-07-25,2025-07-31,114.64,110.78,ZARAR (SL),-339.49,221446.78
GILD,2025-08-11,2025-08-21,118.85,114.58,ZARAR (SL),-362.43,221081.36
GILD,2025-09-23,2025-10-02,113.65,109.83,ZARAR (SL),-338.66,220739.69
GILD,2025-10-31,2025-11-18,119.0,126.35,KAR (TP),613.91,221350.6
GILD,2025-11-20,2025-12-05,124.17,120.42,ZARAR (SL),-304.62,221042.98
AMGN,2024-01-29,2024-02-07,294.67,278.14,ZARAR (SL),-563.86,220474.62
AMGN,2024-03-26,2024-04-04,266.95,253.99,ZARAR (SL),-488.5,219983.12
AMGN,2024-05-01,2024-05-03,262.79,294.92,KAR (TP),1219.92,221200.04
AMGN,2024-06-24,2024-07-17,303.56,320.28,KAR (TP),547.68,221744.72
AMGN,2024-07-31,2024-08-07,317.23,298.17,ZARAR (SL),-603.65,221138.07
AMGN,2024-09-03,2024-09-06,317.55,307.99,ZARAR (SL),-304.05,220831.02
AMGN,2024-09-16,2024-09-25,322.12,300.59,ZARAR (SL),-671.14,220156.88
AMGN,2024-10-31,2024-11-12,307.61,287.12,ZARAR (SL),-668.92,219484.96
AMGN,2025-01-21,2025-02-03,266.15,279.76,KAR (TP),508.62,219990.58
AMGN,2025-02-07,2025-02-24,284.29,302.38,KAR (TP),633.45,220621.03
AMGN,2025-03-04,2025-04-04,304.79,287.41,ZARAR (SL),-573.16,220044.87
AMGN,2025-06-20,2025-06-23,284.97,268.33,ZARAR (SL),-586.76,219455.1
AMGN,2025-07-22,2025-07-31,301.08,290.65,ZARAR (SL),-349.43,219102.67
AMGN,2025-10-01,2025-11-05,296.39,317.59,KAR (TP),712.58,219812.25
AMGN,2025-11-06,2025-11-11,313.36,336.05,KAR (TP),721.36,220530.61
AMGN,2025-12-04,2025-12-05,340.16,329.89,ZARAR (SL),-304.92,220222.69
BMRN,2024-04-03,2024-04-11,86.78,91.46,KAR (TP),536.29,220755.99
BMRN,2024-04-19,2024-04-25,88.63,82.17,ZARAR (SL),-731.87,220021.12
BMRN,2024-07-22,2024-08-05,85.31,80.47,ZARAR (SL),-570.34,219447.77
BMRN,2024-08-19,2024-09-04,92.76,89.86,ZARAR (SL),-315.63,219129.14
BMRN,2024-10-21,2024-10-30,70.28,66.68,ZARAR (SL),-515.24,218610.9
BMRN,2024-12-04,2025-01-14,66.51,63.81,ZARAR (SL),-408.95,218198.95
BMRN,2025-02-13,2025-02-20,64.42,68.73,KAR (TP),666.05,218861.99
BMRN,2025-02-21,2025-03-07,68.25,72.23,KAR (TP),580.15,219439.15
BMRN,2025-03-19,2025-04-01,71.32,67.94,ZARAR (SL),-476.92,218959.23
BMRN,2025-05-12,2025-05-14,61.37,58.7,ZARAR (SL),-438.07,218518.16
BMRN,2025-07-02,2025-08-04,57.17,60.31,KAR (TP),546.24,219061.4
BMRN,2025-08-05,2025-08-07,61.93,59.46,ZARAR (SL),-401.84,218656.56
BMRN,2025-10-23,2025-10-27,54.55,52.67,ZARAR (SL),-347.64,218305.92
BMRN,2025-11-21,2025-12-11,54.69,52.99,ZARAR (SL),-313.84,217989.08
CTAS,2024-01-31,2024-02-26,148.72,156.29,KAR (TP),506.21,218490.79
CTAS,2024-02-29,2024-03-27,154.97,169.03,KAR (TP),904.24,219392.03
CTAS,2024-04-15,2024-05-10,163.88,172.64,KAR (TP),531.81,219920.85
CTAS,2024-05-14,2024-05-29,169.88,163.9,ZARAR (SL),-354.61,219563.24
CTAS,2024-06-28,2024-07-18,172.98,187.48,KAR (TP),835.4,220395.64
CTAS,2024-08-01,2024-08-27,188.21,197.92,KAR (TP),513.04,220905.68
CTAS,2024-09-09,2024-10-14,199.19,209.41,KAR (TP),509.97,221412.66
CTAS,2024-10-29,2024-11-08,207.07,223.49,KAR (TP),789.77,222199.43
CTAS,2024-11-14,2024-12-09,214.9,206.61,ZARAR (SL),-388.86,221807.57
CTAS,2025-02-05,2025-03-12,199.96,191.01,ZARAR (SL),-450.69,221353.88
CTAS,2025-03-26,2025-04-04,203.43,189.14,ZARAR (SL),-705.46,220645.42
CTAS,2025-05-07,2025-05-27,213.77,224.88,KAR (TP),516.83,221159.25
CTAS,2025-07-17,2025-08-18,220.94,213.77,ZARAR (SL),-327.6,220828.65
CORT,2024-03-12,2024-03-14,24.46,23.67,ZARAR (SL),-325.98,220498.18
CORT,2024-04-02,2024-04-08,25.36,24.23,ZARAR (SL),-448.58,220046.59
CORT,2024-05-02,2024-05-06,25.06,23.97,ZARAR (SL),-437.96,219605.64
CORT,2024-05-31,2024-06-04,30.17,32.87,KAR (TP),891.93,220494.57
CORT,2024-06-10,2024-06-14,31.93,28.97,ZARAR (SL),-930.03,219561.54
CORT,2024-06-28,2024-07-03,32.49,30.5,ZARAR (SL),-615.5,218943.04
CORT,2024-07-16,2024-07-26,33.34,35.6,KAR (TP),674.86,219614.91
CORT,2024-08-02,2024-08-06,35.3,34.21,ZARAR (SL),-311.78,219300.12
CORT,2024-09-04,2024-09-13,34.62,38.11,KAR (TP),1005.09,220302.21
CORT,2024-10-07,2024-10-16,44.66,47.27,KAR (TP),581.42,220880.63
CORT,2024-10-18,2024-10-23,49.75,48.06,ZARAR (SL),-342.7,220534.93
CORT,2024-11-04,2024-11-06,50.06,54.23,KAR (TP),830.0,221361.93
CORT,2024-11-15,2024-11-20,51.83,56.09,KAR (TP),818.92,222177.85
CORT,2024-11-25,2024-12-12,59.03,56.33,ZARAR (SL),-460.39,221714.45
CORT,2025-04-01,2025-04-02,91.93,83.81,ZARAR (SL),-886.28,220825.17
CORT,2025-05-27,2025-06-02,76.81,71.68,ZARAR (SL),-670.88,220151.29
CORT,2025-08-04,2025-08-25,71.77,68.82,ZARAR (SL),-414.03,219734.26
CORT,2025-09-11,2025-09-15,74.33,69.53,ZARAR (SL),-648.77,219082.49
CORT,2025-11-10,2025-11-25,75.49,80.28,KAR (TP),631.52,219711.01
CORT,2025-11-26,2025-12-04,79.8,84.66,KAR (TP),606.02,220314.03
EXEL,2024-03-14,2024-03-21,22.61,23.92,KAR (TP),576.39,220885.92
EXEL,2024-04-30,2024-05-01,23.46,21.93,ZARAR (SL),-655.17,220227.75
EXEL,2024-06-03,2024-07-26,21.93,23.39,KAR (TP),662.75,220887.5
EXEL,2024-07-29,2024-08-07,23.11,26.52,KAR (TP),1472.55,222357.05
EXEL,2024-09-18,2024-09-27,26.82,25.96,ZARAR (SL),-323.66,222030.4
EXEL,2024-10-21,2024-10-30,28.66,32.44,KAR (TP),1315.91,223343.31
EXEL,2024-12-16,2024-12-17,36.07,34.69,ZARAR (SL),-385.59,222954.72
EXEL,2025-01-10,2025-01-22,36.02,32.88,ZARAR (SL),-874.74,222076.98
EXEL,2025-03-11,2025-04-04,36.93,34.57,ZARAR (SL),-642.05,221431.93
EXEL,2025-05-19,2025-05-22,44.69,42.86,ZARAR (SL),-412.49,221016.44
EXEL,2025-06-23,2025-06-24,43.37,45.72,KAR (TP),538.85,221552.29
EXEL,2025-06-25,2025-07-03,43.53,46.15,KAR (TP),598.88,222148.18
EXEL,2025-07-07,2025-07-29,44.16,36.94,ZARAR (SL),-1637.96,220507.21
EXEL,2025-09-11,2025-09-30,39.07,41.3,KAR (TP),567.77,221071.99
EXEL,2025-10-01,2025-10-07,41.2,39.63,ZARAR (SL),-384.07,220684.92
EXEL,2025-11-05,2025-11-11,40.37,42.98,KAR (TP),643.52,221325.44
EXEL,2025-11-25,2025-12-10,43.13,41.07,ZARAR (SL),-480.63,220841.81
IONS,2024-05-06,2024-05-07,42.28,40.93,ZARAR (SL),-322.3,220515.01
IONS,2024-06-12,2024-06-24,41.5,44.68,KAR (TP),763.27,221275.28
IONS,2024-07-16,2024-07-17,49.84,47.96,ZARAR (SL),-380.21,220892.07
IONS,2024-08-01,2024-08-02,51.32,49.13,ZARAR (SL),-429.73,220459.34
IONS,2024-09-04,2024-09-10,47.65,42.39,ZARAR (SL),-1106.88,219349.45
IONS,2024-11-06,2024-11-12,39.04,37.77,ZARAR (SL),-328.31,219018.14
IONS,2024-12-16,2024-12-18,38.1,36.25,ZARAR (SL),-488.56,218526.58
IONS,2025-02-20,2025-02-27,32.69,31.35,ZARAR (SL),-412.91,218110.67
IONS,2025-03-10,2025-03-17,32.22,34.3,KAR (TP),642.56,218750.23
IONS,2025-05-27,2025-06-04,33.32,35.11,KAR (TP),534.22,219281.45
IONS,2025-06-09,2025-06-12,36.76,35.62,ZARAR (SL),-313.12,218965.33
IONS,2025-07-14,2025-07-28,42.55,41.17,ZARAR (SL),-327.32,218635.0
IONS,2025-08-13,2025-09-02,43.1,57.49,KAR (TP),3335.75,221967.75
IONS,2025-10-28,2025-11-10,73.57,69.54,ZARAR (SL),-550.78,221413.97
IONS,2025-11-20,2025-11-24,73.12,78.52,KAR (TP),735.51,222146.48
XBI,2024-02-26,2024-02-27,96.84,102.36,KAR (TP),567.17,222709.15
XBI,2024-02-29,2024-03-14,97.91,93.96,ZARAR (SL),-406.37,222299.77
XBI,2024-05-13,2024-07-09,89.42,94.0,KAR (TP),509.64,222806.42
XBI,2024-07-18,2024-08-05,97.16,93.07,ZARAR (SL),-424.37,222379.05
XBI,2024-09-03,2024-11-08,98.28,103.79,KAR (TP),558.06,222934.11
XBI,2024-11-12,2024-11-14,100.13,96.6,ZARAR (SL),-356.2,222574.91
XBI,2024-12-02,2024-12-12,98.94,93.85,ZARAR (SL),-517.55,222054.36
XBI,2025-01-22,2025-02-26,90.87,87.92,ZARAR (SL),-327.53,221723.83
XBI,2025-05-12,2025-05-14,79.16,76.09,ZARAR (SL),-390.67,221330.17
XBI,2025-06-09,2025-08-13,83.96,89.2,KAR (TP),620.9,221948.07
XBI,2025-08-14,2025-09-05,89.25,95.13,KAR (TP),655.7,222600.77
XBI,2025-09-08,2025-09-29,94.09,99.07,KAR (TP),526.29,223124.06
XBI,2025-09-30,2025-10-08,99.87,105.09,KAR (TP),519.95,223641.01
XBI,2025-11-03,2025-11-21,109.5,116.27,KAR (TP),615.06,224253.07
XBI,2025-12-02,2025-12-22,118.07,125.91,KAR (TP),661.07,224911.14
LABU,2024-02-29,2024-03-01,149.41,163.72,KAR (TP),954.5,225862.65
LABU,2024-03-08,2024-03-11,151.02,141.01,ZARAR (SL),-665.66,225193.98
LABU,2024-06-03,2024-06-05,109.75,119.29,KAR (TP),866.84,226057.82
LABU,2024-06-07,2024-06-12,108.76,117.08,KAR (TP),762.18,226817.0
LABU,2024-06-24,2024-06-26,116.44,110.55,ZARAR (SL),-508.94,226305.06
LABU,2024-07-09,2024-07-11,117.87,131.09,KAR (TP),1118.17,227420.23
LABU,2024-07-18,2024-07-23,128.5,137.1,KAR (TP),666.23,228083.47
LABU,2024-09-19,2024-09-23,142.3,129.04,ZARAR (SL),-934.51,227145.96
LABU,2024-11-05,2024-11-06,131.25,138.39,KAR (TP),540.76,227683.71
LABU,2024-11-07,2024-11-12,140.73,130.38,ZARAR (SL),-738.41,226942.3
LABU,2025-07-02,2025-07-07,60.32,57.64,ZARAR (SL),-446.16,226493.14
LABU,2025-07-18,2025-07-23,62.36,66.71,KAR (TP),694.9,227185.04
LABU,2025-08-12,2025-08-13,63.18,68.68,KAR (TP),868.34,228050.38
LABU,2025-08-22,2025-08-25,71.69,66.6,ZARAR (SL),-714.02,227333.36
LABU,2025-09-08,2025-09-15,79.35,76.36,ZARAR (SL),-379.91,226950.45
LABU,2025-09-26,2025-09-30,87.16,93.13,KAR (TP),681.85,227629.3
LABU,2025-10-01,2025-10-03,96.66,102.75,KAR (TP),626.89,228253.19
LABU,2025-10-22,2025-10-27,112.53,126.73,KAR (TP),1259.49,229509.68
LABU,2025-10-30,2025-11-03,127.59,120.31,ZARAR (SL),-573.76,228932.92
LABU,2025-11-13,2025-11-14,126.14,133.04,KAR (TP),544.36,229474.28
LABU,2025-11-17,2025-11-24,135.29,152.23,KAR (TP),1249.3,230720.58
LABU,2025-12-02,2025-12-03,147.25,159.65,KAR (TP),839.51,231557.09
LABU,2025-12-19,2025-12-22,164.68,176.01,KAR (TP),685.09,232239.18
EDIT,2024-02-15,2024-02-20,8.31,7.95,ZARAR (SL),-436.21,231799.97
EDIT,2024-03-05,2024-03-07,9.14,8.85,ZARAR (SL),-320.29,231476.68
EDIT,2024-05-15,2024-05-17,6.0,5.62,ZARAR (SL),-636.33,230837.35
EDIT,2024-06-04,2024-06-06,5.75,5.43,ZARAR (SL),-559.52,230274.83
EDIT,2024-07-29,2024-08-01,5.4,5.14,ZARAR (SL),-484.48,229787.34
EDIT,2024-10-21,2024-10-22,3.76,3.29,ZARAR (SL),-1253.0,228531.34
EDIT,2024-11-06,2024-11-07,3.28,3.17,ZARAR (SL),-338.37,228189.98
EDIT,2025-01-23,2025-01-29,1.41,1.34,ZARAR (SL),-499.45,227687.53
EDIT,2025-02-14,2025-02-18,1.38,1.74,KAR (TP),2605.7,230290.22
EDIT,2025-02-20,2025-02-21,2.06,1.92,ZARAR (SL),-682.61,229604.61
EDIT,2025-03-05,2025-03-06,2.05,1.78,ZARAR (SL),-1320.07,228281.54
EDIT,2025-05-12,2025-05-14,1.54,1.38,ZARAR (SL),-1041.96,227236.58
EDIT,2025-05-27,2025-05-28,1.65,1.87,KAR (TP),1330.33,228563.91
EDIT,2025-06-02,2025-06-06,1.77,1.91,KAR (TP),787.96,229348.87
EDIT,2025-06-10,2025-06-11,2.1,2.03,ZARAR (SL),-336.33,229009.54
EDIT,2025-06-24,2025-06-26,2.25,2.12,ZARAR (SL),-580.78,228425.76
EDIT,2025-08-13,2025-08-14,3.08,2.96,ZARAR (SL),-392.61,228030.15
EDIT,2025-09-05,2025-09-10,2.76,2.56,ZARAR (SL),-727.64,227299.51
EDIT,2025-09-22,2025-09-24,3.0,3.37,KAR (TP),1230.33,228526.84
EDIT,2025-09-25,2025-09-29,3.23,3.52,KAR (TP),894.83,229418.68
EDIT,2025-10-10,2025-10-13,3.72,3.56,ZARAR (SL),-433.11,228982.57
BEAM,2024-02-01,2024-02-06,26.43,27.88,KAR (TP),545.62,229525.19
BEAM,2024-02-13,2024-02-15,29.98,33.02,KAR (TP),1011.01,230533.2
BEAM,2024-02-29,2024-03-04,39.49,38.24,ZARAR (SL),-319.54,230210.66
BEAM,2024-05-17,2024-05-29,24.62,23.68,ZARAR (SL),-384.8,229822.86
BEAM,2024-06-10,2024-06-12,24.4,26.06,KAR (TP),677.33,230497.18
BEAM,2024-06-13,2024-06-17,25.24,24.03,ZARAR (SL),-482.4,230011.79
BEAM,2024-07-15,2024-07-16,25.62,27.29,KAR (TP),648.83,230657.62
BEAM,2024-07-18,2024-07-22,25.46,27.05,KAR (TP),621.51,231276.13
BEAM,2024-09-13,2024-09-18,26.3,25.51,ZARAR (SL),-303.38,230969.75
BEAM,2024-10-14,2024-10-17,26.59,24.35,ZARAR (SL),-845.42,230121.33
BEAM,2024-11-04,2024-11-06,24.36,26.62,KAR (TP),924.75,231043.08
BEAM,2024-11-08,2024-11-11,27.06,30.35,KAR (TP),1212.82,232252.9
BEAM,2024-11-12,2024-11-14,27.94,26.31,ZARAR (SL),-586.39,231663.5
BEAM,2024-12-09,2024-12-10,27.51,30.2,KAR (TP),972.83,232633.34
BEAM,2024-12-11,2024-12-13,28.9,27.93,ZARAR (SL),-338.64,232291.7
BEAM,2025-02-07,2025-02-10,27.41,26.57,ZARAR (SL),-309.46,231979.24
BEAM,2025-02-21,2025-02-26,30.43,27.89,ZARAR (SL),-837.7,231138.54
BEAM,2025-06-06,2025-06-11,18.58,17.89,ZARAR (SL),-371.78,230763.76
BEAM,2025-07-02,2025-07-07,19.88,19.18,ZARAR (SL),-355.11,230405.65
BEAM,2025-07-21,2025-07-23,21.03,22.16,KAR (TP),534.33,230936.97
BEAM,2025-07-24,2025-07-29,20.95,19.93,ZARAR (SL),-489.87,230444.1
BEAM,2025-09-03,2025-09-05,18.76,20.88,KAR (TP),1127.06,231568.16
BEAM,2025-09-08,2025-09-11,19.94,21.55,KAR (TP),804.42,232369.59
BEAM,2025-10-08,2025-10-13,27.0,25.39,ZARAR (SL),-599.3,231767.29
BEAM,2025-10-27,2025-10-29,26.73,24.77,ZARAR (SL),-736.26,231028.03
BEAM,2025-12-19,2025-12-22,26.57,27.92,KAR (TP),505.09,231530.12
NTLA,2024-02-14,2024-02-20,28.28,27.15,ZARAR (SL),-402.58,231124.55
NTLA,2024-05-10,2024-05-14,24.46,25.73,KAR (TP),516.22,231637.76
NTLA,2024-05-23,2024-05-28,24.88,22.72,ZARAR (SL),-871.17,230763.59
NTLA,2024-06-12,2024-06-18,25.85,24.8,ZARAR (SL),-409.19,230351.4
NTLA,2024-07-11,2024-07-15,24.63,26.01,KAR (TP),557.29,230905.7
NTLA,2024-07-16,2024-07-18,27.35,26.09,ZARAR (SL),-463.69,230439.0
NTLA,2025-02-14,2025-02-18,10.7,11.53,KAR (TP),772.7,231208.7
NTLA,2025-02-19,2025-02-24,12.28,11.51,ZARAR (SL),-630.04,230575.67
NTLA,2025-04-30,2025-05-05,8.87,8.44,ZARAR (SL),-487.78,230084.89
NTLA,2025-05-19,2025-05-20,9.06,9.67,KAR (TP),670.29,230752.18
NTLA,2025-05-21,2025-05-28,9.2,9.66,KAR (TP),497.0,231246.18
NTLA,2025-06-17,2025-06-20,9.58,9.2,ZARAR (SL),-399.66,230843.52
NTLA,2025-07-24,2025-07-25,12.78,13.6,KAR (TP),634.72,231475.23
NTLA,2025-07-29,2025-07-31,12.5,11.64,ZARAR (SL),-691.0,230781.23
NTLA,2025-09-03,2025-09-10,11.71,11.29,ZARAR (SL),-361.67,230416.56
NTLA,2025-12-19,2025-12-22,9.23,9.7,KAR (TP),506.21,230919.77
CRSP,2024-01-29,2024-01-31,65.78,62.95,ZARAR (SL),-433.22,230483.55
CRSP,2024-02-12,2024-02-13,76.44,72.78,ZARAR (SL),-481.81,229998.75
CRSP,2024-05-15,2024-05-21,56.96,54.76,ZARAR (SL),-389.24,229606.51
CRSP,2024-06-03,2024-06-11,57.15,62.31,KAR (TP),899.89,230503.4
CRSP,2024-06-20,2024-06-21,59.6,56.24,ZARAR (SL),-566.76,229933.64
CRSP,2024-09-13,2024-09-23,48.94,46.74,ZARAR (SL),-452.53,229478.11
CRSP,2024-10-24,2024-10-31,47.95,46.39,ZARAR (SL),-328.34,229146.77
CRSP,2024-11-11,2024-11-12,54.86,50.73,ZARAR (SL),-755.83,228387.94
CRSP,2024-11-25,2024-12-02,50.4,55.15,KAR (TP),939.46,229324.4
CRSP,2025-01-21,2025-01-22,41.51,44.2,KAR (TP),645.04,229966.44
CRSP,2025-01-23,2025-01-27,44.23,41.85,ZARAR (SL),-541.1,229422.35
CRSP,2025-02-12,2025-02-14,43.3,49.72,KAR (TP),1479.68,230899.02
CRSP,2025-02-20,2025-02-21,50.43,47.91,ZARAR (SL),-502.7,230393.32
CRSP,2025-05-16,2025-05-21,38.77,36.99,ZARAR (SL),-462.12,229928.2
CRSP,2025-06-05,2025-06-06,38.57,41.86,KAR (TP),849.99,230775.2
CRSP,2025-06-09,2025-06-18,42.09,44.43,KAR (TP),552.95,231325.15
CRSP,2025-07-29,2025-07-31,59.02,56.26,ZARAR (SL),-470.64,230851.51
CRSP,2025-09-16,2025-09-17,61.19,59.07,ZARAR (SL),-349.46,230499.05
CRSP,2025-10-03,2025-10-08,67.74,76.78,KAR (TP),1331.51,231827.57
CRSP,2025-10-10,2025-10-13,73.07,68.29,ZARAR (SL),-657.17,231167.4
CRSP,2025-12-04,2025-12-15,58.18,56.25,ZARAR (SL),-334.73,230829.67
MELI,2024-02-06,2024-02-22,1710.39,1817.98,KAR (TP),626.04,231452.71
MELI,2024-05-02,2024-05-03,1505.99,1630.56,KAR (TP),824.16,232273.87
MELI,2024-05-31,2024-06-04,1725.58,1630.65,ZARAR (SL),-553.13,231717.74
MELI,2024-07-05,2024-07-12,1658.96,1761.22,KAR (TP),613.41,232328.15
MELI,2024-07-15,2024-07-17,1743.99,1670.09,ZARAR (SL),-426.74,231898.41
MELI,2024-08-02,2024-08-08,1776.14,1869.4,KAR (TP),522.07,232417.48
MELI,2024-09-03,2024-09-12,1990.17,2140.1,KAR (TP),750.35,233164.83
MELI,2024-09-16,2024-10-02,2105.51,1970.72,ZARAR (SL),-643.18,232518.65
MELI,2024-10-28,2024-11-07,2056.09,1774.05,ZARAR (SL),-1374.73,231140.92
MELI,2024-11-25,2024-11-29,2099.95,1985.17,ZARAR (SL),-549.58,230588.34
MELI,2025-01-22,2025-01-30,1818.49,1947.32,KAR (TP),705.44,231290.78
MELI,2025-02-25,2025-03-03,2168.6,2070.41,ZARAR (SL),-455.78,230832.0
MELI,2025-05-06,2025-05-08,2229.0,2410.0,KAR (TP),809.02,231638.03
MELI,2025-05-30,2025-06-06,2563.29,2482.39,ZARAR (SL),-318.61,231316.41
MELI,2025-08-22,2025-09-08,2430.62,2346.96,ZARAR (SL),-347.19,230966.22
MELI,2025-09-18,2025-09-30,2476.37,2336.94,ZARAR (SL),-566.04,230397.18
MELI,2025-10-29,2025-11-06,2295.92,2128.33,ZARAR (SL),-732.95,229661.23
ETSY,2024-02-09,2024-02-13,78.09,74.39,ZARAR (SL),-476.81,229181.42
ETSY,2024-04-16,2024-05-02,68.36,59.24,ZARAR (SL),-1337.11,227841.31
ETSY,2024-05-31,2024-06-13,63.47,60.14,ZARAR (SL),-527.66,227310.65
ETSY,2024-07-16,2024-07-19,65.47,62.76,ZARAR (SL),-416.93,226890.72
ETSY,2024-07-31,2024-08-01,65.14,60.16,ZARAR (SL),-767.51,226120.21
ETSY,2024-09-13,2024-09-16,55.65,53.88,ZARAR (SL),-321.06,225796.15
ETSY,2024-10-31,2024-11-15,51.44,49.63,ZARAR (SL),-354.87,225438.29
ETSY,2024-11-25,2024-12-04,55.68,59.06,KAR (TP),604.04,226039.33
ETSY,2024-12-19,2024-12-24,57.14,55.13,ZARAR (SL),-354.77,225681.56
ETSY,2025-01-28,2025-02-04,55.79,53.96,ZARAR (SL),-331.02,225347.54
ETSY,2025-02-14,2025-02-19,57.2,51.53,ZARAR (SL),-994.26,224350.29
ETSY,2025-04-03,2025-04-04,48.41,44.42,ZARAR (SL),-827.21,223520.08
ETSY,2025-04-22,2025-04-30,45.93,43.48,ZARAR (SL),-536.42,222980.65
ETSY,2025-05-12,2025-05-27,47.59,50.48,KAR (TP),604.27,223581.93
ETSY,2025-06-13,2025-06-16,55.99,53.89,ZARAR (SL),-378.07,223200.86
ETSY,2025-07-29,2025-07-31,60.3,58.27,ZARAR (SL),-339.65,222858.21
ETSY,2025-08-12,2025-08-13,66.49,70.09,KAR (TP),538.43,223393.64
ETSY,2025-09-30,2025-10-01,66.39,70.49,KAR (TP),614.56,224005.21
ETSY,2025-10-03,2025-10-06,72.38,70.0,ZARAR (SL),-331.82,223670.39
ETSY,2025-10-28,2025-10-29,74.78,65.21,ZARAR (SL),-1282.75,222384.63
ROKU,2024-02-07,2024-02-13,94.49,89.94,ZARAR (SL),-484.53,221895.6
ROKU,2024-05-14,2024-05-20,62.26,59.27,ZARAR (SL),-483.24,221409.36
ROKU,2024-06-26,2024-07-01,57.16,62.47,KAR (TP),925.97,222332.33
ROKU,2024-07-18,2024-07-24,62.77,55.59,ZARAR (SL),-1146.86,221182.47
ROKU,2024-09-05,2024-09-06,66.7,64.37,ZARAR (SL),-352.32,220827.14
ROKU,2024-09-19,2024-09-23,77.45,73.8,ZARAR (SL),-474.27,220349.87
ROKU,2024-10-14,2024-10-23,76.36,73.5,ZARAR (SL),-377.54,219969.33
ROKU,2024-12-02,2024-12-04,77.05,82.94,KAR (TP),761.44,220727.77
ROKU,2025-01-21,2025-01-23,79.74,83.78,KAR (TP),503.65,221228.42
ROKU,2025-01-24,2025-02-13,81.29,86.8,KAR (TP),674.82,221900.24
ROKU,2025-02-18,2025-02-19,95.8,92.41,ZARAR (SL),-356.86,221540.37
ROKU,2025-05-12,2025-05-28,68.78,73.96,KAR (TP),750.13,222287.5
ROKU,2025-06-05,2025-06-06,74.6,78.5,KAR (TP),519.79,222804.29
ROKU,2025-06-12,2025-06-13,76.75,74.41,ZARAR (SL),-307.89,222493.4
ROKU,2025-06-23,2025-06-26,80.9,86.5,KAR (TP),689.21,223179.62
ROKU,2025-07-21,2025-08-01,91.69,79.98,ZARAR (SL),-1280.13,221896.49
ROKU,2025-09-08,2025-09-10,99.39,94.94,ZARAR (SL),-450.73,221442.76
ROKU,2025-09-22,2025-10-06,99.05,104.84,KAR (TP),581.55,222021.31
ROKU,2025-11-04,2025-11-07,106.1,102.3,ZARAR (SL),-361.15,221657.16
ROKU,2025-12-09,2025-12-16,105.56,111.09,KAR (TP),520.87,222175.03
PTON,2024-03-07,2024-03-14,4.52,4.35,ZARAR (SL),-379.11,221791.42
PTON,2024-06-24,2024-06-25,3.63,3.37,ZARAR (SL),-719.25,221069.17
PTON,2024-07-15,2024-07-19,3.77,3.59,ZARAR (SL),-480.45,220585.71
PTON,2024-09-25,2024-09-30,4.88,4.68,ZARAR (SL),-412.84,220169.88
PTON,2024-10-14,2024-10-15,5.4,5.21,ZARAR (SL),-354.85,219812.03
PTON,2024-11-01,2024-11-05,7.25,7.66,KAR (TP),562.52,220371.54
PTON,2024-12-02,2024-12-16,9.55,10.25,KAR (TP),729.98,221098.53
PTON,2024-12-17,2024-12-18,10.57,9.44,ZARAR (SL),-1072.06,220023.46
PTON,2025-02-13,2025-02-14,10.15,9.77,ZARAR (SL),-377.38,219643.08
PTON,2025-05-12,2025-05-15,6.64,6.33,ZARAR (SL),-469.87,219170.21
PTON,2025-06-04,2025-06-05,7.47,6.94,ZARAR (SL),-712.5,218454.71
PTON,2025-07-23,2025-07-24,6.77,6.43,ZARAR (SL),-505.22,217946.49
PTON,2025-08-04,2025-08-08,6.96,7.84,KAR (TP),1261.37,219204.86
PTON,2025-08-11,2025-08-13,8.25,8.72,KAR (TP),566.7,219768.56
PTON,2025-09-18,2025-09-22,7.93,8.33,KAR (TP),501.41,220266.97
PTON,2025-09-24,2025-09-29,8.25,8.67,KAR (TP),506.09,220770.06
PTON,2025-09-30,2025-10-01,9.0,8.67,ZARAR (SL),-369.67,220397.4
PTON,2025-11-07,2025-11-13,7.66,7.31,ZARAR (SL),-459.92,219934.48
SPOT,2024-03-08,2024-04-03,259.4,291.77,KAR (TP),1244.88,221176.36
SPOT,2024-04-15,2024-04-19,290.52,275.83,ZARAR (SL),-508.65,220664.71
SPOT,2024-06-03,2024-07-11,313.62,300.98,ZARAR (SL),-406.04,220255.68
SPOT,2024-07-23,2024-09-19,330.79,360.22,KAR (TP),886.69,221139.36
SPOT,2024-09-20,2024-09-25,365.17,383.96,KAR (TP),511.55,221647.92
SPOT,2024-10-07,2024-10-21,362.95,381.97,KAR (TP),521.04,222165.96
SPOT,2024-10-22,2024-11-11,387.63,410.19,KAR (TP),579.0,222741.96
SPOT,2025-01-15,2025-01-28,490.69,530.8,KAR (TP),814.42,223553.38
SPOT,2025-04-09,2025-04-11,569.06,543.66,ZARAR (SL),-449.35,223101.03
SPOT,2025-04-28,2025-04-29,597.73,576.94,ZARAR (SL),-350.82,222747.21
SPOT,2025-05-12,2025-05-16,620.81,656.3,KAR (TP),568.67,223312.88
SPOT,2025-05-30,2025-06-04,665.14,701.08,KAR (TP),537.34,223847.22
SPOT,2025-06-26,2025-07-01,775.9,722.35,ZARAR (SL),-693.17,223151.05
SPOT,2025-08-15,2025-08-20,732.81,703.79,ZARAR (SL),-399.01,222749.04
SPOT,2025-09-18,2025-09-24,734.12,708.65,ZARAR (SL),-349.95,222396.1
CHWY,2024-03-11,2024-03-14,18.25,17.24,ZARAR (SL),-556.42,221836.67
CHWY,2024-04-11,2024-04-12,18.54,17.64,ZARAR (SL),-488.44,221345.23
CHWY,2024-05-14,2024-05-15,16.83,16.32,ZARAR (SL),-306.03,221036.2
CHWY,2024-05-28,2024-05-29,16.91,21.5,KAR (TP),2711.37,223744.57
CHWY,2024-06-20,2024-06-24,25.5,26.95,KAR (TP),565.63,224307.2
CHWY,2024-06-27,2024-06-28,29.05,27.24,ZARAR (SL),-626.06,223678.14
CHWY,2024-08-15,2024-08-28,26.48,28.72,KAR (TP),842.92,224518.06
CHWY,2024-09-04,2024-09-05,27.15,26.16,ZARAR (SL),-367.64,224147.42
CHWY,2024-09-20,2024-10-02,29.75,28.83,ZARAR (SL),-312.24,223832.18
CHWY,2024-11-04,2024-11-07,28.84,30.79,KAR (TP),673.14,224502.32
CHWY,2024-12-03,2024-12-05,33.62,31.07,ZARAR (SL),-761.48,223737.84
CHWY,2025-01-03,2025-01-23,35.96,38.0,KAR (TP),564.3,224299.14
CHWY,2025-02-03,2025-02-20,38.14,36.93,ZARAR (SL),-320.25,223975.89
CHWY,2025-04-09,2025-04-15,33.29,35.01,KAR (TP),513.67,224486.56
CHWY,2025-04-23,2025-04-29,35.38,37.21,KAR (TP),514.24,224997.8
CHWY,2025-06-09,2025-06-11,46.51,40.76,ZARAR (SL),-1239.29,223755.51
CHWY,2025-08-13,2025-08-28,39.41,41.43,KAR (TP),509.56,224262.07
CHWY,2025-09-02,2025-09-05,39.44,42.33,KAR (TP),729.76,224988.83
CHWY,2025-09-08,2025-09-10,41.62,35.11,ZARAR (SL),-1567.15,223418.68
CHWY,2025-10-10,2025-10-17,39.03,37.44,ZARAR (SL),-410.38,223005.3
CHWY,2025-12-08,2025-12-12,34.62,32.74,ZARAR (SL),-546.04,222456.26
ZM,2024-02-28,2024-03-05,69.62,66.49,ZARAR (SL),-452.58,222000.67
ZM,2024-05-13,2024-05-30,63.11,60.53,ZARAR (SL),-411.81,221585.86
ZM,2024-06-10,2024-06-12,62.96,60.52,ZARAR (SL),-390.55,221192.32
ZM,2024-07-25,2024-08-05,59.61,55.63,ZARAR (SL),-670.67,220518.64
ZM,2024-08-19,2024-08-22,59.82,68.04,KAR (TP),1371.12,221886.77
ZM,2024-10-08,2024-10-21,68.32,72.17,KAR (TP),560.52,222444.29
ZM,2024-10-22,2024-11-05,72.22,77.75,KAR (TP),762.72,223204.01
ZM,2024-11-18,2024-11-22,78.93,85.88,KAR (TP),877.53,224078.53
ZM,2024-11-25,2024-11-26,89.03,83.41,ZARAR (SL),-634.25,223441.29
ZM,2024-12-20,2024-12-30,85.6,82.73,ZARAR (SL),-338.28,223100.01
ZM,2025-01-28,2025-02-11,88.64,83.82,ZARAR (SL),-546.77,222550.23
ZM,2025-05-30,2025-06-11,81.25,78.16,ZARAR (SL),-383.31,222163.93
ZM,2025-08-26,2025-09-03,78.81,83.49,KAR (TP),590.83,222751.76
ZM,2025-09-19,2025-10-01,84.16,81.28,ZARAR (SL),-345.21,222403.55
ZM,2025-10-27,2025-11-06,85.17,82.22,ZARAR (SL),-349.37,222051.19
DOCU,2024-03-06,2024-03-08,52.47,55.97,KAR (TP),664.05,222710.74
DOCU,2024-03-15,2024-04-03,56.77,60.55,KAR (TP),662.84,223370.58
DOCU,2024-04-12,2024-04-15,58.9,56.67,ZARAR (SL),-381.61,222985.97
DOCU,2024-05-13,2024-05-23,59.76,57.32,ZARAR (SL),-411.3,222571.67
DOCU,2024-09-04,2024-09-10,57.42,54.56,ZARAR (SL),-501.08,222067.59
DOCU,2024-09-20,2024-09-26,57.97,62.53,KAR (TP),783.61,222848.2
DOCU,2024-11-27,2024-12-06,80.38,106.99,KAR (TP),3307.53,226152.73
DOCU,2024-12-10,2024-12-18,95.85,92.71,ZARAR (SL),-330.6,225819.13
DOCU,2025-01-28,2025-02-06,97.7,93.85,ZARAR (SL),-397.06,225419.07
DOCU,2025-03-21,2025-03-28,88.06,83.18,ZARAR (SL),-557.17,224858.9
DOCU,2025-05-07,2025-05-12,82.24,87.86,KAR (TP),680.37,225536.27
DOCU,2025-05-21,2025-06-03,85.43,91.61,KAR (TP),720.4,226253.67
DOCU,2025-06-04,2025-06-06,93.84,75.28,ZARAR (SL),-1980.83,224269.83
DOCU,2025-07-21,2025-07-31,79.34,75.64,ZARAR (SL),-469.35,223797.48
DOCU,2025-09-03,2025-09-05,75.9,79.86,KAR (TP),518.74,224313.22
DOCU,2025-09-09,2025-09-17,79.8,84.52,KAR (TP),588.48,224898.7
DOCU,2025-09-19,2025-09-25,84.59,81.31,ZARAR (SL),-390.75,224504.95
DOCU,2025-10-30,2025-11-11,71.61,68.85,ZARAR (SL),-388.42,224113.53
DOCU,2025-12-04,2025-12-05,71.1,65.67,ZARAR (SL),-766.71,223343.81
DDOG,2024-01-26,2024-02-02,123.95,134.31,KAR (TP),832.82,224172.14
DDOG,2024-02-09,2024-02-16,134.91,129.74,ZARAR (SL),-386.22,223782.92
DDOG,2024-04-10,2024-04-19,125.82,120.09,ZARAR (SL),-458.41,223321.5
DDOG,2024-05-01,2024-05-07,126.42,112.4,ZARAR (SL),-1112.0,222206.5
DDOG,2024-06-12,2024-06-27,119.11,128.45,KAR (TP),781.15,222984.65
DDOG,2024-07-09,2024-07-17,126.63,121.16,ZARAR (SL),-434.97,222546.68
DDOG,2024-10-01,2024-10-04,113.98,122.69,KAR (TP),761.17,223304.85
DDOG,2024-10-25,2024-11-11,126.6,122.36,ZARAR (SL),-337.91,222963.94
DDOG,2024-12-10,2024-12-18,154.91,150.2,ZARAR (SL),-307.05,222653.89
DDOG,2025-01-28,2025-01-29,151.89,145.72,ZARAR (SL),-409.21,222241.68
DDOG,2025-02-10,2025-02-13,147.1,135.89,ZARAR (SL),-765.07,221473.61
DDOG,2025-05-30,2025-06-17,117.88,124.84,KAR (TP),587.43,222058.04
DDOG,2025-06-20,2025-06-30,127.5,134.33,KAR (TP),532.69,222587.73
DDOG,2025-08-28,2025-08-29,140.96,136.68,ZARAR (SL),-306.63,222278.1
DDOG,2025-09-10,2025-09-16,139.13,134.59,ZARAR (SL),-329.31,221945.78
DDOG,2025-09-29,2025-10-01,145.26,152.7,KAR (TP),509.19,222451.97
DDOG,2025-10-03,2025-10-08,151.82,164.12,KAR (TP),807.17,223256.14
DDOG,2025-10-16,2025-10-31,151.17,162.81,KAR (TP),766.99,224020.13
DDOG,2025-11-03,2025-11-05,162.08,154.98,ZARAR (SL),-441.06,223576.07
FVRR,2024-01-29,2024-01-31,28.76,26.92,ZARAR (SL),-642.78,222930.3
FVRR,2024-02-12,2024-02-13,30.5,28.01,ZARAR (SL),-819.39,222107.9
FVRR,2024-05-02,2024-05-09,20.8,22.41,KAR (TP),771.04,222875.94
FVRR,2024-05-31,2024-06-04,25.23,24.47,ZARAR (SL),-304.23,222568.71
FVRR,2024-07-15,2024-07-16,24.0,25.26,KAR (TP),522.0,223087.71
FVRR,2024-07-17,2024-07-18,24.37,23.14,ZARAR (SL),-507.72,222576.99
FVRR,2024-07-31,2024-08-01,26.11,23.28,ZARAR (SL),-1086.88,221487.12
FVRR,2024-09-30,2024-10-01,25.87,24.26,ZARAR (SL),-625.34,220858.77
FVRR,2024-10-29,2024-10-30,25.07,29.16,KAR (TP),1628.43,222484.21
FVRR,2024-12-02,2024-12-03,32.78,34.46,KAR (TP),509.51,222990.71
FVRR,2024-12-17,2024-12-18,33.57,32.26,ZARAR (SL),-393.23,222594.48
FVRR,2025-01-06,2025-01-08,34.44,32.02,ZARAR (SL),-705.67,221885.81
FVRR,2025-01-21,2025-01-23,32.95,31.52,ZARAR (SL),-436.99,221445.82
FVRR,2025-02-13,2025-02-19,32.84,30.23,ZARAR (SL),-797.76,220645.06
FVRR,2025-04-28,2025-04-30,26.42,25.45,ZARAR (SL),-370.15,220271.91
FVRR,2025-06-02,2025-06-10,32.94,31.93,ZARAR (SL),-309.62,219959.3
FVRR,2025-09-10,2025-09-18,23.24,25.21,KAR (TP),844.68,220800.97
FVRR,2025-09-22,2025-09-30,25.34,24.41,ZARAR (SL),-370.01,220427.96
FVRR,2025-11-13,2025-11-17,22.33,20.42,ZARAR (SL),-858.35,219566.61
FVRR,2025-12-05,2025-12-12,21.54,20.69,ZARAR (SL),-397.61,219166.0
PINS,2024-01-26,2024-02-02,37.7,39.75,KAR (TP),540.77,219703.76
PINS,2024-02-05,2024-02-09,39.67,36.87,ZARAR (SL),-708.82,218991.94
PINS,2024-06-06,2024-06-25,42.73,44.98,KAR (TP),523.56,219512.5
PINS,2024-06-28,2024-07-10,44.07,42.74,ZARAR (SL),-304.79,219204.71
PINS,2024-09-25,2024-10-09,32.15,33.84,KAR (TP),522.66,219724.37
PINS,2024-10-17,2024-10-22,32.94,31.94,ZARAR (SL),-306.58,219414.79
PINS,2024-11-07,2024-11-08,33.93,29.18,ZARAR (SL),-1402.94,218008.85
PINS,2024-12-10,2024-12-12,31.83,30.84,ZARAR (SL),-314.03,217691.82
PINS,2025-01-06,2025-01-08,32.41,30.87,ZARAR (SL),-478.16,217210.66
PINS,2025-01-21,2025-02-07,32.07,40.0,KAR (TP),2469.72,219677.38
PINS,2025-06-03,2025-06-10,33.13,35.11,KAR (TP),594.65,220269.02
PINS,2025-06-20,2025-06-27,34.22,35.95,KAR (TP),502.55,220768.57
PINS,2025-06-30,2025-07-21,35.86,38.0,KAR (TP),593.77,221359.34
PINS,2025-08-01,2025-08-08,37.76,35.13,ZARAR (SL),-699.5,220656.84
PINS,2025-09-08,2025-09-09,37.95,36.5,ZARAR (SL),-385.08,220268.75
PINS,2025-10-28,2025-11-05,33.2,25.75,ZARAR (SL),-2246.98,218018.78
PINS,2025-12-05,2025-12-15,26.75,25.76,ZARAR (SL),-373.09,217642.68
SNAP,2024-02-02,2024-02-07,17.05,11.41,ZARAR (SL),-3310.92,214328.77
SNAP,2024-03-07,2024-03-14,11.85,11.39,ZARAR (SL),-391.19,213934.58
SNAP,2024-04-18,2024-04-19,11.63,11.16,ZARAR (SL),-407.13,213524.45
SNAP,2024-06-24,2024-06-25,15.67,16.71,KAR (TP),660.69,214182.14
SNAP,2024-06-28,2024-07-01,16.61,16.02,ZARAR (SL),-358.21,213820.93
SNAP,2024-07-11,2024-07-17,16.37,14.57,ZARAR (SL),-1102.57,212715.36
SNAP,2024-09-12,2024-09-19,9.32,10.07,KAR (TP),801.72,213514.08
SNAP,2024-09-20,2024-09-24,10.05,10.57,KAR (TP),514.41,214025.49
SNAP,2024-10-16,2024-10-21,10.76,10.33,ZARAR (SL),-402.63,213619.87
SNAP,2024-10-31,2024-11-12,12.16,11.26,ZARAR (SL),-743.13,212873.73
SNAP,2025-01-10,2025-01-14,12.47,11.34,ZARAR (SL),-909.17,211961.56
SNAP,2025-04-29,2025-04-30,9.09,7.96,ZARAR (SL),-1246.12,210712.43
SNAP,2025-05-12,2025-05-15,9.21,8.58,ZARAR (SL),-687.04,210022.4
SNAP,2025-06-24,2025-06-25,8.32,8.03,ZARAR (SL),-351.56,209667.84
SNAP,2025-07-09,2025-07-16,9.12,9.66,KAR (TP),589.11,210253.94
SNAP,2025-07-28,2025-07-29,9.69,9.33,ZARAR (SL),-374.52,209876.43
SNAP,2025-09-09,2025-09-10,7.28,7.05,ZARAR (SL),-318.93,209554.49
SNAP,2025-09-24,2025-09-30,8.22,7.71,ZARAR (SL),-623.44,208928.05
SNAP,2025-11-07,2025-11-10,8.21,8.69,KAR (TP),581.65,209506.71
SNAP,2025-11-13,2025-11-17,8.58,8.18,ZARAR (SL),-469.2,209034.51
WIX,2024-01-31,2024-02-09,126.88,133.3,KAR (TP),502.99,209534.5
WIX,2024-02-12,2024-02-13,129.33,125.45,ZARAR (SL),-303.01,209228.49
WIX,2024-03-13,2024-03-14,142.65,138.36,ZARAR (SL),-303.74,208921.75
WIX,2024-05-13,2024-05-14,127.01,133.59,KAR (TP),515.07,209433.82
WIX,2024-07-18,2024-07-25,162.68,155.43,ZARAR (SL),-448.66,208982.16
WIX,2024-08-19,2024-08-22,171.13,165.11,ZARAR (SL),-354.78,208624.38
WIX,2024-10-10,2024-10-17,167.1,177.24,KAR (TP),603.82,209225.2
WIX,2024-10-18,2024-10-22,173.39,166.93,ZARAR (SL),-375.57,208846.63
WIX,2024-11-07,2024-11-11,172.04,183.64,KAR (TP),671.26,209514.9
WIX,2024-11-18,2024-11-20,180.33,210.27,KAR (TP),1657.29,211169.19
WIX,2024-12-23,2025-01-14,221.0,236.36,KAR (TP),692.02,211858.21
WIX,2025-01-15,2025-01-27,241.84,234.42,ZARAR (SL),-309.81,211545.39
WIX,2025-05-02,2025-05-12,166.83,179.71,KAR (TP),769.04,212311.44
WIX,2025-05-20,2025-05-21,181.74,152.34,ZARAR (SL),-1620.7,210687.74
SHOP,2024-02-02,2024-02-08,82.93,87.87,KAR (TP),592.68,211275.92
SHOP,2024-02-09,2024-02-13,90.72,77.18,ZARAR (SL),-1495.5,209777.42
SHOP,2024-03-13,2024-04-03,78.68,75.64,ZARAR (SL),-389.38,209385.04
SHOP,2024-05-07,2024-05-08,77.05,62.73,ZARAR (SL),-1861.53,207520.51
SHOP,2024-06-24,2024-07-05,64.31,67.63,KAR (TP),513.25,208030.76
SHOP,2024-07-16,2024-07-17,69.72,64.81,ZARAR (SL),-707.25,207320.51
SHOP,2024-08-08,2024-08-15,68.55,74.85,KAR (TP),916.04,208233.55
SHOP,2024-09-18,2024-09-23,75.22,80.11,KAR (TP),647.09,208877.64
SHOP,2024-10-15,2024-10-25,81.93,79.05,ZARAR (SL),-354.52,208520.12
SHOP,2024-11-07,2024-11-11,85.55,89.99,KAR (TP),515.99,209033.12
SHOP,2024-12-17,2024-12-18,119.49,109.7,ZARAR (SL),-822.32,208207.8
SHOP,2025-01-06,2025-01-07,114.24,106.78,ZARAR (SL),-656.01,207548.79
SHOP,2025-01-28,2025-02-11,117.45,123.59,KAR (TP),519.78,208065.57
SHOP,2025-02-12,2025-02-13,120.49,127.65,KAR (TP),591.24,208653.81
SHOP,2025-05-06,2025-05-12,93.83,104.34,KAR (TP),1117.11,209767.92
SHOP,2025-05-15,2025-05-20,110.21,106.43,ZARAR (SL),-345.98,209418.94
SHOP,2025-06-11,2025-06-12,114.13,109.21,ZARAR (SL),-434.09,208981.85
SHOP,2025-06-23,2025-07-03,109.98,116.52,KAR (TP),591.65,209570.5
SHOP,2025-07-14,2025-07-17,116.74,126.75,KAR (TP),854.46,210421.96
SHOP,2025-07-18,2025-07-23,127.07,122.21,ZARAR (SL),-385.47,210033.5
SHOP,2025-08-05,2025-08-06,127.0,154.9,KAR (TP),2193.85,212224.35
SHOP,2025-08-07,2025-08-14,151.07,144.27,ZARAR (SL),-453.12,211768.22
SHOP,2025-09-15,2025-09-22,147.89,157.12,KAR (TP),621.11,212386.34
SHOP,2025-09-23,2025-09-25,149.94,143.45,ZARAR (SL),-435.84,211947.5
SHOP,2025-10-06,2025-10-10,164.5,151.02,ZARAR (SL),-822.45,211122.04
SHOP,2025-10-27,2025-11-04,175.06,160.94,ZARAR (SL),-809.58,210309.46
SE,2024-02-01,2024-02-07,40.47,43.61,KAR (TP),772.88,211077.85
SE,2024-02-16,2024-02-28,44.99,47.75,KAR (TP),610.47,211685.32
SE,2024-04-18,2024-04-22,56.3,59.43,KAR (TP),552.95,212235.27
SE,2024-04-25,2024-05-03,62.83,66.66,KAR (TP),606.58,212838.85
SE,2024-05-10,2024-05-15,64.91,68.64,KAR (TP),571.64,213407.49
SE,2024-05-28,2024-05-30,69.63,67.15,ZARAR (SL),-359.17,213045.32
SE,2024-06-12,2024-06-28,73.88,71.42,ZARAR (SL),-335.97,212706.35
SE,2024-08-13,2024-08-15,74.85,79.29,KAR (TP),590.19,213293.54
SE,2024-09-18,2024-09-23,82.4,90.67,KAR (TP),1000.64,214291.18
SE,2024-11-12,2024-11-14,107.65,103.33,ZARAR (SL),-404.3,213883.88
SE,2025-01-21,2025-01-27,118.16,114.23,ZARAR (SL),-335.6,213545.28
SE,2025-02-21,2025-03-03,127.62,123.49,ZARAR (SL),-326.62,213215.66
SE,2025-07-15,2025-07-17,158.26,167.08,KAR (TP),554.31,213766.97
SE,2025-07-18,2025-07-21,168.55,155.29,ZARAR (SL),-789.71,212974.26
SE,2025-08-12,2025-08-22,174.12,185.53,KAR (TP),652.3,213623.55
SE,2025-09-02,2025-09-04,178.78,189.71,KAR (TP),608.37,214228.92
SE,2025-09-11,2025-09-15,196.5,190.46,ZARAR (SL),-310.38,213915.54
BABA,2024-02-05,2024-02-08,71.83,68.12,ZARAR (SL),-518.88,213393.66
BABA,2024-02-21,2024-03-04,72.74,69.3,ZARAR (SL),-476.67,212913.99
BABA,2024-04-23,2024-04-29,69.79,73.54,KAR (TP),534.86,213445.85
BABA,2024-05-14,2024-05-16,76.53,83.45,KAR (TP),901.29,214344.14
BABA,2024-05-17,2024-05-22,85.22,79.58,ZARAR (SL),-664.85,213676.29
BABA,2024-07-11,2024-07-19,77.21,74.02,ZARAR (SL),-416.91,213256.38
BABA,2024-07-29,2024-08-16,77.31,81.8,KAR (TP),577.0,213830.39
BABA,2024-08-20,2024-08-23,79.69,83.99,KAR (TP),536.24,214363.63
BABA,2024-08-26,2024-09-19,80.4,87.02,KAR (TP),820.14,215180.77
BABA,2025-01-21,2025-01-27,83.96,88.49,KAR (TP),536.94,215714.71
BABA,2025-05-15,2025-05-27,121.84,117.53,ZARAR (SL),-356.51,215355.2
BABA,2025-07-15,2025-08-13,116.97,126.86,KAR (TP),842.52,216194.71
BABA,2025-08-14,2025-08-21,122.28,118.09,ZARAR (SL),-345.66,215846.06
BABA,2025-09-02,2025-09-04,138.55,130.92,ZARAR (SL),-553.7,215289.35
BABA,2025-10-09,2025-10-10,173.68,159.01,ZARAR (SL),-847.66,214438.7
JD,2024-03-06,2024-03-07,23.52,22.65,ZARAR (SL),-372.33,214063.37
JD,2024-04-22,2024-04-25,26.22,27.77,KAR (TP),589.81,214650.18
JD,2024-05-16,2024-05-22,33.29,31.74,ZARAR (SL),-466.96,214180.22
JD,2024-08-15,2024-08-16,26.23,28.45,KAR (TP),845.15,215022.36
JD,2024-08-20,2024-08-21,27.38,26.25,ZARAR (SL),-418.04,214601.32
JD,2025-01-17,2025-01-28,37.88,39.89,KAR (TP),527.77,215126.09
JD,2025-01-29,2025-01-30,39.11,41.09,KAR (TP),503.71,215626.8
JD,2025-02-10,2025-02-11,40.96,39.63,ZARAR (SL),-327.87,215295.92
JD,2025-02-21,2025-02-24,41.21,38.18,ZARAR (SL),-736.14,214556.78
JD,2025-03-06,2025-03-07,42.66,41.08,ZARAR (SL),-374.13,214179.65
JD,2025-03-20,2025-03-25,41.75,40.28,ZARAR (SL),-354.33,213822.32
JD,2025-07-18,2025-07-29,33.92,32.22,ZARAR (SL),-504.18,213315.15
JD,2025-08-13,2025-08-19,32.51,31.24,ZARAR (SL),-393.65,212918.5
JD,2025-09-08,2025-09-16,32.85,34.71,KAR (TP),563.21,213478.71
JD,2025-09-22,2025-09-29,33.93,35.64,KAR (TP),500.98,213976.69
JD,2025-09-30,2025-10-10,34.98,31.85,ZARAR (SL),-897.8,213075.89
BIDU,2024-02-21,2024-02-28,107.22,103.31,ZARAR (SL),-367.67,212705.22
BIDU,2024-03-13,2024-03-14,107.89,104.64,ZARAR (SL),-304.23,212397.99
BIDU,2024-05-15,2024-05-21,110.75,105.14,ZARAR (SL),-509.55,211885.44
BIDU,2024-07-10,2024-07-15,97.94,93.15,ZARAR (SL),-492.08,211390.36
BIDU,2024-08-21,2024-08-22,89.74,85.79,ZARAR (SL),-443.16,210944.2
BIDU,2024-09-23,2024-09-24,88.28,94.81,KAR (TP),736.69,211677.9
BIDU,2024-12-09,2024-12-10,93.04,89.21,ZARAR (SL),-414.65,211260.25
BIDU,2025-01-27,2025-01-30,88.51,94.77,KAR (TP),704.26,211961.51
BIDU,2025-02-03,2025-02-04,87.71,92.88,KAR (TP),586.44,212544.95
BIDU,2025-02-05,2025-02-10,88.63,93.85,KAR (TP),585.97,213127.92
BIDU,2025-02-11,2025-02-13,89.44,96.59,KAR (TP),796.42,213921.33
BIDU,2025-02-14,2025-02-18,97.48,90.16,ZARAR (SL),-753.92,213164.41
BIDU,2025-03-06,2025-03-17,93.39,102.27,KAR (TP),947.85,214109.26
BIDU,2025-03-19,2025-03-20,98.24,94.27,ZARAR (SL),-407.11,213699.15
BIDU,2025-05-07,2025-05-12,86.7,91.27,KAR (TP),524.1,214220.26
BIDU,2025-05-14,2025-05-15,92.5,89.19,ZARAR (SL),-360.84,213856.42
BIDU,2025-07-07,2025-07-11,89.79,86.93,ZARAR (SL),-321.52,213531.9
BIDU,2025-07-21,2025-07-30,88.81,85.94,ZARAR (SL),-326.16,213202.74
BIDU,2025-08-13,2025-08-20,91.07,86.76,ZARAR (SL),-476.26,212723.47
BIDU,2025-09-02,2025-09-05,96.29,101.96,KAR (TP),585.85,213306.32
BIDU,2025-11-10,2025-11-13,132.32,120.65,ZARAR (SL),-884.95,212418.37
BIDU,2025-12-08,2025-12-09,130.06,123.94,ZARAR (SL),-473.55,211941.81
PDD,2024-03-20,2024-03-21,132.17,122.3,ZARAR (SL),-749.77,211189.05
PDD,2024-04-22,2024-05-02,124.14,137.54,KAR (TP),1076.43,212262.48
PDD,2024-05-13,2024-05-23,140.52,153.63,KAR (TP),929.96,213189.44
PDD,2024-05-28,2024-06-05,149.72,142.8,ZARAR (SL),-465.2,212721.24
PDD,2024-08-12,2024-08-19,142.47,151.11,KAR (TP),603.44,213321.69
PDD,2024-08-20,2024-08-23,144.22,139.87,ZARAR (SL),-304.62,213014.06
PDD,2025-01-17,2025-01-24,105.57,111.34,KAR (TP),543.56,213554.62
PDD,2025-02-03,2025-02-04,105.24,114.05,KAR (TP),834.13,214385.75
PDD,2025-02-05,2025-02-10,110.14,116.34,KAR (TP),559.92,214942.67
PDD,2025-02-14,2025-02-21,124.16,131.34,KAR (TP),575.29,215514.96
PDD,2025-02-24,2025-02-28,119.77,113.69,ZARAR (SL),-510.64,215001.32
PDD,2025-03-17,2025-03-26,128.9,122.47,ZARAR (SL),-501.84,214496.48
PDD,2025-05-23,2025-05-27,119.24,102.98,ZARAR (SL),-1366.64,213126.85
PDD,2025-07-15,2025-07-21,105.06,111.66,KAR (TP),625.21,213749.06
PDD,2025-07-30,2025-08-15,112.92,118.95,KAR (TP),531.01,214277.07
PDD,2025-08-18,2025-08-22,118.34,127.11,KAR (TP),738.09,215012.15
PDD,2025-08-26,2025-09-17,123.91,134.86,KAR (TP),880.71,215889.86
PDD,2025-09-19,2025-10-10,129.47,124.27,ZARAR (SL),-404.64,215482.22
PDD,2025-10-20,2025-11-18,131.56,119.58,ZARAR (SL),-913.61,214565.61
ROP,2024-02-01,2024-04-15,540.24,523.59,ZARAR (SL),-311.19,214251.42
ROP,2024-05-15,2024-06-12,526.74,553.26,KAR (TP),500.35,214748.77
ROP,2024-06-17,2024-07-24,548.7,527.97,ZARAR (SL),-380.71,214365.05
ROP,2024-09-06,2024-12-04,543.64,572.42,KAR (TP),526.32,214888.37
ROP,2025-01-21,2025-01-30,528.38,568.01,KAR (TP),747.02,215632.39
ROP,2025-02-25,2025-03-11,584.68,563.19,ZARAR (SL),-370.59,215258.8
ROP,2025-03-27,2025-04-04,589.86,540.11,ZARAR (SL),-846.44,214409.36
ROP,2025-07-01,2025-07-10,570.93,548.89,ZARAR (SL),-389.02,214017.35
ROP,2025-10-08,2025-10-15,520.0,499.73,ZARAR (SL),-392.81,213621.54
TT,2024-01-31,2024-02-01,247.73,266.1,KAR (TP),738.52,214355.56
TT,2024-02-08,2024-02-26,265.31,279.94,KAR (TP),548.6,214901.16
TT,2024-03-13,2024-03-21,281.86,299.56,KAR (TP),625.12,215523.28
TT,2024-03-22,2024-04-18,296.02,285.44,ZARAR (SL),-360.32,215159.96
TT,2024-04-29,2024-04-30,296.58,312.82,KAR (TP),544.76,215701.73
TT,2024-05-01,2024-05-09,310.5,328.18,KAR (TP),566.56,216265.28
TT,2024-05-16,2024-06-18,320.1,341.36,KAR (TP),661.37,216923.65
TT,2024-06-20,2024-07-01,332.02,317.62,ZARAR (SL),-436.72,216483.93
TT,2024-07-22,2024-07-25,333.18,318.47,ZARAR (SL),-444.41,216036.52
TT,2024-09-03,2024-09-13,342.15,360.88,KAR (TP),544.24,216577.76
TT,2024-09-16,2024-09-23,365.5,383.82,KAR (TP),498.23,217073.0
TT,2024-10-15,2024-10-30,393.84,372.07,ZARAR (SL),-555.96,216514.04
TT,2024-11-11,2024-12-09,411.1,398.75,ZARAR (SL),-303.43,216207.61
TT,2025-03-26,2025-03-28,350.49,330.52,ZARAR (SL),-572.79,215631.82
TT,2025-04-09,2025-04-16,341.27,329.17,ZARAR (SL),-357.73,215271.09
TT,2025-04-28,2025-04-30,349.76,381.6,KAR (TP),907.57,216175.66
TT,2025-06-27,2025-07-23,431.31,458.3,KAR (TP),622.97,216795.63
TT,2025-10-01,2025-10-22,425.41,408.5,ZARAR (SL),-400.5,216392.13
FLR,2024-02-01,2024-02-07,38.21,40.31,KAR (TP),546.59,216935.72
FLR,2024-02-13,2024-02-15,40.0,42.78,KAR (TP),692.0,217624.72
FLR,2024-02-16,2024-02-20,42.09,36.73,ZARAR (SL),-1276.46,216345.26
FLR,2024-04-11,2024-04-12,42.22,40.85,ZARAR (SL),-327.49,216014.77
FLR,2024-05-21,2024-05-31,40.88,43.4,KAR (TP),613.44,216625.21
FLR,2024-06-14,2024-06-27,44.64,43.05,ZARAR (SL),-359.18,216263.03
FLR,2024-07-11,2024-07-16,46.55,50.26,KAR (TP),793.99,217054.02
FLR,2024-07-24,2024-08-23,47.16,49.62,KAR (TP),518.63,217569.65
FLR,2024-10-03,2024-10-14,49.05,51.61,KAR (TP),518.92,218085.56
FLR,2024-10-28,2024-11-06,53.63,58.74,KAR (TP),949.83,219032.39
FLR,2024-11-07,2024-11-08,58.93,50.93,ZARAR (SL),-1360.54,217668.85
FLR,2025-01-21,2025-01-27,53.52,46.34,ZARAR (SL),-1344.55,216321.29
FLR,2025-05-02,2025-05-05,35.77,34.42,ZARAR (SL),-380.41,215937.88
FLR,2025-06-03,2025-06-11,43.39,49.79,KAR (TP),1471.99,217406.87
FLR,2025-09-03,2025-09-04,42.87,41.47,ZARAR (SL),-329.57,217074.31
FLR,2025-09-18,2025-09-19,42.42,44.6,KAR (TP),510.91,217582.21
FLR,2025-09-25,2025-10-13,42.4,47.22,KAR (TP),1133.79,218713.01
FLR,2025-10-14,2025-10-15,48.23,50.73,KAR (TP),515.35,219225.36
FLR,2025-10-16,2025-10-17,48.46,46.65,ZARAR (SL),-376.5,218845.85
FLR,2025-10-28,2025-11-03,50.01,48.05,ZARAR (SL),-394.92,218447.93
HUBB,2024-01-26,2024-02-02,320.66,345.07,KAR (TP),758.44,219203.38
HUBB,2024-02-05,2024-02-26,342.11,360.23,KAR (TP),526.65,219727.02
HUBB,2024-02-29,2024-03-14,372.28,392.97,KAR (TP),552.86,220276.88
HUBB,2024-03-15,2024-03-21,386.44,405.85,KAR (TP),499.34,220773.22
HUBB,2024-03-26,2024-04-16,404.22,387.54,ZARAR (SL),-415.5,220354.72
HUBB,2024-05-09,2024-05-16,400.19,382.7,ZARAR (SL),-439.94,219911.78
HUBB,2024-07-11,2024-07-17,371.82,359.65,ZARAR (SL),-330.42,219578.36
HUBB,2024-07-30,2024-08-02,372.59,359.24,ZARAR (SL),-361.35,219214.01
HUBB,2024-08-29,2024-09-03,388.01,372.92,ZARAR (SL),-392.04,218818.97
HUBB,2024-09-17,2024-10-07,404.73,431.44,KAR (TP),656.87,219472.84
HUBB,2024-10-24,2024-10-30,443.0,424.78,ZARAR (SL),-414.39,219055.45
HUBB,2024-11-11,2024-11-14,458.58,433.07,ZARAR (SL),-559.21,218493.24
HUBB,2024-11-25,2024-12-10,456.46,442.71,ZARAR (SL),-304.29,218185.95
HUBB,2025-04-09,2025-04-16,348.58,335.54,ZARAR (SL),-377.2,217805.75
HUBB,2025-04-30,2025-05-01,359.7,339.84,ZARAR (SL),-555.34,217247.4
HUBB,2025-05-12,2025-05-27,374.79,395.04,KAR (TP),537.42,217781.82
HUBB,2025-06-18,2025-07-10,396.23,419.61,KAR (TP),587.12,218365.94
HUBB,2025-07-21,2025-08-13,419.62,441.17,KAR (TP),510.42,218873.36
HUBB,2025-08-26,2025-09-25,439.75,419.05,ZARAR (SL),-473.74,218396.62
HUBB,2025-10-15,2025-10-29,432.61,471.0,KAR (TP),884.46,219278.07
HUBB,2025-11-04,2025-11-13,457.92,436.2,ZARAR (SL),-477.27,218797.8
HUBB,2025-12-12,2025-12-17,448.0,429.68,ZARAR (SL),-411.93,218382.87
APH,2024-02-22,2024-03-04,52.38,55.07,KAR (TP),510.86,218890.73
APH,2024-03-08,2024-04-05,54.32,57.87,KAR (TP),649.73,219537.45
APH,2024-04-09,2024-04-17,56.69,54.97,ZARAR (SL),-306.53,219227.92
APH,2024-05-01,2024-05-08,58.8,62.42,KAR (TP),613.3,219838.22
APH,2024-05-29,2024-07-10,65.61,69.15,KAR (TP),537.55,220372.77
APH,2024-10-01,2024-10-14,63.0,66.72,KAR (TP),588.01,220957.78
APH,2024-10-15,2024-10-24,65.06,69.12,KAR (TP),621.05,221575.83
APH,2024-10-29,2024-11-07,68.2,73.22,KAR (TP),733.06,222305.89
APH,2024-11-12,2024-12-30,71.28,68.97,ZARAR (SL),-327.7,221975.2
APH,2025-01-21,2025-01-22,72.16,77.25,KAR (TP),701.07,222673.27
APH,2025-02-10,2025-02-13,71.25,68.84,ZARAR (SL),-341.44,222328.83
APH,2025-03-28,2025-04-03,66.25,62.34,ZARAR (SL),-593.18,221732.65
APH,2025-04-23,2025-04-24,70.79,75.64,KAR (TP),682.88,222412.53
APH,2025-06-20,2025-06-30,93.51,98.42,KAR (TP),522.47,222932.0
APH,2025-07-08,2025-07-18,97.09,103.0,KAR (TP),605.77,223534.77
APH,2025-07-22,2025-08-04,101.44,108.27,KAR (TP),670.02,224201.79
APH,2025-08-05,2025-09-09,107.57,116.4,KAR (TP),817.9,225016.69
APH,2025-09-17,2025-09-23,118.18,125.16,KAR (TP),587.32,225601.01
APH,2025-10-15,2025-10-23,125.36,135.05,KAR (TP),770.09,226368.1
APH,2025-10-24,2025-11-03,133.56,141.28,KAR (TP),574.64,226939.74
APH,2025-11-04,2025-11-10,136.44,143.57,KAR (TP),520.04,227456.79
APH,2025-11-24,2025-12-12,137.61,128.99,ZARAR (SL),-629.63,226824.15
ECL,2024-01-29,2024-02-13,195.31,216.81,KAR (TP),1097.63,227918.78
ECL,2024-02-16,2024-03-15,211.12,222.22,KAR (TP),522.58,228438.36
ECL,2024-03-21,2024-04-11,224.86,216.93,ZARAR (SL),-355.68,228079.68
ECL,2024-05-31,2024-06-18,228.18,239.64,KAR (TP),499.22,228575.9
ECL,2024-07-08,2024-07-30,239.24,225.43,ZARAR (SL),-580.24,227992.66
ECL,2024-09-03,2024-10-16,244.21,256.43,KAR (TP),497.39,228487.05
ECL,2024-10-17,2024-10-31,253.82,242.59,ZARAR (SL),-445.24,228038.81
ECL,2024-12-13,2024-12-18,247.0,235.24,ZARAR (SL),-479.28,227556.53
ECL,2025-01-21,2025-02-11,238.62,258.57,KAR (TP),833.27,228386.8
ECL,2025-03-04,2025-03-11,265.04,256.42,ZARAR (SL),-328.28,228055.52
ECL,2025-05-30,2025-08-13,263.6,280.37,KAR (TP),633.25,228685.77
ECL,2025-08-14,2025-09-09,278.53,269.25,ZARAR (SL),-335.88,228346.88
ECL,2025-10-17,2025-10-28,275.98,267.53,ZARAR (SL),-309.05,228034.83
ECL,2025-11-25,2025-12-03,272.7,263.59,ZARAR (SL),-336.87,227694.96
SHW,2024-02-05,2024-02-22,299.29,315.15,KAR (TP),526.74,228218.7
SHW,2024-02-23,2024-03-07,317.24,339.54,KAR (TP),699.73,228915.43
SHW,2024-03-13,2024-04-10,331.8,316.38,ZARAR (SL),-467.65,228444.77
SHW,2024-05-14,2024-05-23,309.38,299.26,ZARAR (SL),-330.13,228111.65
SHW,2024-08-05,2024-08-15,334.8,351.96,KAR (TP),509.55,228618.19
SHW,2024-09-11,2024-10-25,367.64,355.21,ZARAR (SL),-341.0,228274.19
SHW,2024-11-04,2024-11-25,370.41,396.18,KAR (TP),692.7,228963.9
SHW,2025-01-21,2025-02-20,358.33,346.93,ZARAR (SL),-321.1,228639.79
SHW,2025-03-05,2025-03-12,359.91,347.5,ZARAR (SL),-347.72,228289.07
SHW,2025-04-30,2025-06-13,350.57,334.37,ZARAR (SL),-464.98,227821.09
SHW,2025-08-04,2025-08-13,346.29,367.17,KAR (TP),600.13,228418.22
SHW,2025-09-03,2025-09-17,362.18,349.39,ZARAR (SL),-356.14,228059.08
SHW,2025-10-28,2025-11-04,353.62,342.18,ZARAR (SL),-326.6,227729.48
PPG,2024-02-16,2024-04-11,136.06,131.93,ZARAR (SL),-306.71,227419.77
PPG,2024-05-22,2024-05-28,129.78,124.87,ZARAR (SL),-381.62,227035.15
PPG,2024-07-15,2024-07-23,126.1,122.09,ZARAR (SL),-320.85,226711.3
PPG,2024-09-09,2024-09-26,122.23,130.38,KAR (TP),663.72,227372.02
PPG,2024-09-30,2024-10-03,128.35,123.88,ZARAR (SL),-351.79,227017.23
PPG,2024-10-15,2024-10-30,125.84,121.77,ZARAR (SL),-326.4,226687.83
PPG,2024-12-02,2024-12-17,122.73,118.92,ZARAR (SL),-313.39,226371.44
PPG,2025-01-21,2025-01-31,120.19,112.41,ZARAR (SL),-650.65,225717.8
PPG,2025-03-06,2025-03-12,113.05,108.75,ZARAR (SL),-383.52,225331.28
PPG,2025-05-22,2025-06-13,109.66,104.82,ZARAR (SL),-444.51,224883.77
PPG,2025-06-23,2025-07-02,110.76,116.93,KAR (TP),554.29,225435.06
PPG,2025-07-17,2025-07-29,114.4,110.66,ZARAR (SL),-329.67,225102.39
PPG,2025-09-08,2025-09-17,110.71,107.3,ZARAR (SL),-310.54,224788.85
PPG,2025-10-27,2025-10-29,104.67,98.4,ZARAR (SL),-602.34,224183.52
FMC,2024-02-01,2024-02-06,57.06,49.08,ZARAR (SL),-1401.46,222777.56
FMC,2024-02-29,2024-03-05,51.78,54.83,KAR (TP),585.76,223360.32
FMC,2024-03-20,2024-04-02,58.87,55.93,ZARAR (SL),-502.81,222854.51
FMC,2024-05-02,2024-05-07,56.1,61.87,KAR (TP),1024.59,223876.1
FMC,2024-05-08,2024-05-23,60.1,55.66,ZARAR (SL),-741.74,223131.36
FMC,2024-07-18,2024-07-19,56.13,54.14,ZARAR (SL),-358.3,222770.07
FMC,2024-07-30,2024-08-01,54.75,60.24,KAR (TP),1000.93,223768.0
FMC,2024-08-02,2024-08-12,58.23,55.85,ZARAR (SL),-411.43,223353.57
FMC,2024-09-18,2024-10-10,59.46,57.04,ZARAR (SL),-410.14,222940.44
FMC,2024-10-31,2024-11-06,61.39,57.56,ZARAR (SL),-627.71,222309.72
FMC,2025-02-04,2025-02-05,51.67,34.34,ZARAR (SL),-3356.07,218950.65
FMC,2025-03-06,2025-03-17,38.49,40.81,KAR (TP),598.09,219545.75
FMC,2025-05-15,2025-05-22,38.02,36.85,ZARAR (SL),-311.52,219231.23
FMC,2025-06-05,2025-06-09,40.62,42.71,KAR (TP),512.51,219740.74
FMC,2025-06-10,2025-06-13,42.69,40.31,ZARAR (SL),-561.58,219176.16
FMC,2025-06-23,2025-07-02,41.58,43.68,KAR (TP),502.72,219675.88
FMC,2025-12-17,2025-12-19,13.78,13.32,ZARAR (SL),-336.82,219336.07
MOS,2024-02-22,2024-02-27,30.32,29.38,ZARAR (SL),-313.37,219019.7
MOS,2024-03-15,2024-03-26,30.42,28.9,ZARAR (SL),-501.44,218515.26
MOS,2024-05-31,2024-06-04,29.31,28.19,ZARAR (SL),-384.51,218127.75
MOS,2024-07-17,2024-07-19,29.21,28.29,ZARAR (SL),-319.89,217804.86
MOS,2024-08-30,2024-09-03,27.27,26.2,ZARAR (SL),-395.02,217406.84
MOS,2024-10-10,2024-10-15,25.38,24.55,ZARAR (SL),-328.88,217074.96
MOS,2024-11-06,2024-11-12,26.54,24.87,ZARAR (SL),-630.04,216441.92
MOS,2024-12-02,2024-12-04,26.53,25.7,ZARAR (SL),-314.82,216124.1
MOS,2025-02-03,2025-02-12,26.23,25.34,ZARAR (SL),-342.99,215778.12
MOS,2025-03-18,2025-04-03,26.61,25.4,ZARAR (SL),-458.88,215316.23
MOS,2025-04-24,2025-04-30,28.3,29.74,KAR (TP),505.12,215818.36
MOS,2025-06-13,2025-07-02,35.19,37.21,KAR (TP),570.27,216385.62
MOS,2025-07-23,2025-07-31,36.59,35.44,ZARAR (SL),-317.69,216064.94
MOS,2025-09-08,2025-09-18,32.28,33.91,KAR (TP),500.38,216562.31
MOS,2025-09-19,2025-09-24,33.67,35.6,KAR (TP),570.87,217130.18
MOS,2025-09-25,2025-10-09,34.47,33.14,ZARAR (SL),-391.04,216736.14
MOS,2025-12-12,2025-12-15,26.21,24.86,ZARAR (SL),-518.07,216215.07
CF,2024-02-12,2024-03-01,75.08,79.06,KAR (TP),526.94,216739.0
CF,2024-03-04,2024-03-07,76.53,80.38,KAR (TP),500.38,217236.38
CF,2024-03-15,2024-04-08,79.94,76.46,ZARAR (SL),-438.15,216795.24
CF,2024-05-31,2024-06-05,76.92,74.13,ZARAR (SL),-365.48,216426.76
CF,2024-08-02,2024-08-08,70.64,76.73,KAR (TP),858.79,217282.55
CF,2024-08-30,2024-09-03,80.66,76.8,ZARAR (SL),-482.0,216797.55
CF,2024-09-17,2024-09-27,79.09,83.14,KAR (TP),508.84,217303.4
CF,2024-11-15,2024-12-03,85.02,91.92,KAR (TP),808.99,218109.39
CF,2024-12-05,2024-12-16,87.27,84.64,ZARAR (SL),-303.99,217802.39
CF,2025-01-06,2025-01-08,87.65,84.96,ZARAR (SL),-309.37,217490.02
CF,2025-01-21,2025-01-24,91.46,86.03,ZARAR (SL),-596.64,216890.38
CF,2025-04-03,2025-04-04,78.46,71.79,ZARAR (SL),-853.24,216034.14
CF,2025-06-12,2025-06-13,92.73,98.76,KAR (TP),647.11,216678.25
CF,2025-06-23,2025-06-25,95.39,90.33,ZARAR (SL),-534.44,216140.81
CF,2025-09-23,2025-09-24,86.62,91.11,KAR (TP),514.56,216652.37
CF,2025-09-25,2025-10-01,89.18,85.92,ZARAR (SL),-368.62,216280.75
NUE,2024-01-29,2024-01-30,171.87,183.79,KAR (TP),691.07,216967.32
NUE,2024-02-16,2024-03-21,180.56,191.07,KAR (TP),578.96,217543.28
NUE,2024-07-11,2024-08-02,155.64,147.89,ZARAR (SL),-500.61,217039.67
NUE,2024-09-19,2024-10-17,145.89,155.34,KAR (TP),645.25,217681.92
NUE,2024-10-18,2024-10-22,155.49,143.48,ZARAR (SL),-775.25,216903.67
NUE,2024-11-06,2024-11-07,164.83,158.37,ZARAR (SL),-394.68,216505.99
NUE,2024-11-25,2024-12-05,150.77,143.04,ZARAR (SL),-515.9,215987.09
NUE,2025-01-22,2025-01-30,120.54,127.05,KAR (TP),536.77,216520.86
NUE,2025-02-07,2025-02-10,128.61,135.79,KAR (TP),555.11,217072.97
NUE,2025-02-28,2025-03-04,135.73,127.87,ZARAR (SL),-582.04,216487.94
NUE,2025-05-06,2025-05-21,115.89,110.8,ZARAR (SL),-442.02,216042.91
NUE,2025-06-03,2025-06-11,121.32,116.17,ZARAR (SL),-427.3,215612.61
NUE,2025-07-24,2025-08-04,140.86,136.43,ZARAR (SL),-317.64,215291.97
NUE,2025-08-15,2025-09-09,144.82,140.45,ZARAR (SL),-304.9,214984.07
NUE,2025-10-21,2025-10-28,140.52,151.99,KAR (TP),813.25,215794.32
NUE,2025-10-29,2025-10-30,154.43,149.74,ZARAR (SL),-306.7,215484.62
STLD,2024-02-28,2024-03-05,129.08,125.2,ZARAR (SL),-304.15,215175.97
STLD,2024-03-15,2024-03-26,134.36,141.11,KAR (TP),499.54,215672.51
STLD,2024-04-10,2024-04-16,141.38,136.61,ZARAR (SL),-340.36,215329.14
STLD,2024-05-23,2024-06-04,130.55,124.36,ZARAR (SL),-476.91,214849.23
STLD,2024-07-10,2024-07-24,124.86,120.95,ZARAR (SL),-316.48,214529.75
STLD,2024-09-19,2024-09-30,117.81,124.14,KAR (TP),534.27,215061.02
STLD,2024-10-17,2024-10-23,132.97,126.66,ZARAR (SL),-477.64,214580.38
STLD,2024-11-07,2024-11-13,145.67,139.72,ZARAR (SL),-411.92,214165.46
STLD,2024-11-25,2024-12-05,142.75,136.56,ZARAR (SL),-436.16,213726.29
STLD,2025-01-21,2025-02-10,123.27,131.36,KAR (TP),653.03,214376.32
STLD,2025-02-12,2025-02-18,130.79,137.47,KAR (TP),507.96,214881.28
STLD,2025-02-24,2025-03-04,131.63,124.93,ZARAR (SL),-512.2,214366.08
STLD,2025-05-19,2025-05-22,135.05,128.93,ZARAR (SL),-456.48,213906.6
STLD,2025-06-02,2025-06-11,134.71,129.07,ZARAR (SL),-421.54,213482.06
STLD,2025-07-21,2025-07-24,134.05,126.37,ZARAR (SL),-575.36,212903.7
STLD,2025-08-13,2025-09-16,128.77,139.17,KAR (TP),804.03,213704.72
STLD,2025-09-17,2025-10-02,136.36,144.39,KAR (TP),586.09,214287.81
STLD,2025-10-06,2025-10-21,141.63,153.82,KAR (TP),857.69,215142.51
STLD,2025-10-22,2025-10-27,148.56,158.02,KAR (TP),633.78,215773.29
STLD,2025-10-28,2025-11-03,161.07,155.97,ZARAR (SL),-319.63,215450.66
STLD,2025-11-24,2025-12-03,161.19,171.5,KAR (TP),636.62,216084.27
STLD,2025-12-05,2025-12-18,165.22,174.58,KAR (TP),563.52,216644.79
ALK,2024-02-20,2024-02-26,38.92,37.71,ZARAR (SL),-313.89,216326.4
ALK,2024-03-12,2024-03-27,38.61,42.01,KAR (TP),877.6,217201.0
ALK,2024-04-17,2024-04-19,42.72,45.01,KAR (TP),533.05,217731.05
ALK,2024-04-25,2024-04-30,44.55,43.02,ZARAR (SL),-346.43,217381.61
ALK,2024-07-16,2024-07-18,40.5,37.25,ZARAR (SL),-805.47,216573.14
ALK,2024-10-04,2024-10-11,42.48,44.63,KAR (TP),503.12,217073.26
ALK,2024-10-21,2024-11-01,46.04,49.23,KAR (TP),689.88,217760.14
ALK,2024-11-04,2024-11-06,47.23,51.62,KAR (TP),926.49,218683.63
ALK,2024-12-03,2024-12-05,52.55,55.88,KAR (TP),630.68,219311.31
ALK,2024-12-06,2024-12-10,54.34,61.29,KAR (TP),1275.98,220584.3
ALK,2025-01-07,2025-01-21,65.52,68.88,KAR (TP),509.82,221091.12
ALK,2025-01-22,2025-01-28,67.4,71.41,KAR (TP),591.96,221680.08
ALK,2025-01-31,2025-02-21,73.25,70.18,ZARAR (SL),-422.11,221254.96
ALK,2025-05-05,2025-05-08,48.65,52.77,KAR (TP),843.87,222095.83
ALK,2025-05-22,2025-06-13,50.11,47.46,ZARAR (SL),-531.84,221560.99
ALK,2025-07-16,2025-07-28,51.65,54.33,KAR (TP),515.88,222073.87
ALK,2025-07-29,2025-08-01,54.15,51.37,ZARAR (SL),-516.39,221554.48
ALK,2025-08-12,2025-08-22,56.22,59.5,KAR (TP),580.42,222131.9
ALK,2025-08-25,2025-08-28,60.01,63.18,KAR (TP),525.25,222654.15
ALK,2025-11-26,2025-12-03,42.51,45.37,KAR (TP),669.78,223320.93
ALK,2025-12-04,2025-12-10,47.32,51.75,KAR (TP),933.18,224251.11
AAL,2024-01-26,2024-01-30,15.13,14.53,ZARAR (SL),-399.56,223848.55
AAL,2024-02-22,2024-03-05,15.24,14.67,ZARAR (SL),-377.02,223468.53
AAL,2024-05-06,2024-05-21,14.65,14.03,ZARAR (SL),-426.21,223039.32
AAL,2024-09-05,2024-09-26,10.8,11.79,KAR (TP),913.67,223949.99
AAL,2024-10-04,2024-10-16,11.51,12.89,KAR (TP),1195.96,225142.95
AAL,2024-11-06,2024-11-25,14.0,14.92,KAR (TP),654.14,225794.09
AAL,2024-12-27,2025-01-10,17.35,18.38,KAR (TP),590.66,226381.75
AAL,2025-01-13,2025-01-21,17.6,18.64,KAR (TP),587.91,226966.66
AAL,2025-01-22,2025-01-23,18.66,17.03,ZARAR (SL),-876.53,226087.13
AAL,2025-04-09,2025-04-10,11.12,9.51,ZARAR (SL),-1450.84,224633.29
AAL,2025-05-02,2025-05-09,10.52,11.11,KAR (TP),557.84,225188.12
AAL,2025-05-27,2025-06-05,11.64,11.27,ZARAR (SL),-320.87,224864.26
AAL,2025-06-24,2025-07-10,11.37,12.94,KAR (TP),1377.83,226239.08
AAL,2025-07-11,2025-07-24,12.22,11.46,ZARAR (SL),-624.93,225611.15
AAL,2025-08-12,2025-08-21,12.98,12.57,ZARAR (SL),-318.87,225289.28
AAL,2025-09-02,2025-09-04,13.39,12.86,ZARAR (SL),-398.82,224887.46
AAL,2025-10-23,2025-10-24,12.77,13.78,KAR (TP),787.92,225672.38
AAL,2025-11-05,2025-11-11,13.42,12.99,ZARAR (SL),-323.42,225345.96
AAL,2025-11-25,2025-12-02,13.46,14.24,KAR (TP),576.49,225919.45
AAL,2025-12-03,2025-12-15,14.56,15.33,KAR (TP),525.85,226442.3
DAL,2024-02-22,2024-03-20,41.18,44.47,KAR (TP),796.62,227234.42
DAL,2024-04-03,2024-04-22,45.64,48.04,KAR (TP),523.09,227754.51
DAL,2024-08-29,2024-09-09,40.95,43.03,KAR (TP),507.1,228258.61
DAL,2024-10-03,2024-10-08,46.76,49.87,KAR (TP),662.82,228918.44
DAL,2024-10-09,2024-10-16,50.23,55.64,KAR (TP),1075.1,229990.54
DAL,2024-10-28,2024-10-30,54.72,57.77,KAR (TP),553.16,230540.7
DAL,2024-11-01,2024-11-06,57.7,61.58,KAR (TP),670.06,231207.76
DAL,2024-11-19,2024-12-03,63.98,61.83,ZARAR (SL),-339.68,230865.08
DAL,2025-01-13,2025-01-29,64.33,67.62,KAR (TP),508.52,231370.6
DAL,2025-05-27,2025-06-13,49.08,46.73,ZARAR (SL),-480.73,230886.87
DAL,2025-06-24,2025-07-10,49.24,56.41,KAR (TP),1453.82,232337.69
DAL,2025-07-15,2025-07-30,55.35,53.25,ZARAR (SL),-381.75,231952.94
DAL,2025-08-12,2025-08-22,58.26,61.5,KAR (TP),553.13,232503.06
DAL,2025-09-02,2025-09-15,60.94,58.24,ZARAR (SL),-446.32,232053.75
DAL,2025-10-14,2025-10-23,61.08,58.77,ZARAR (SL),-381.71,231669.03
DAL,2025-11-24,2025-11-26,60.67,64.27,KAR (TP),590.37,232256.41
DAL,2025-12-03,2025-12-15,67.49,71.27,KAR (TP),557.08,232810.49
LUV,2024-01-26,2024-02-08,28.91,31.06,KAR (TP),741.43,233548.92
LUV,2024-02-12,2024-02-21,31.5,33.18,KAR (TP),530.7,234076.62
LUV,2024-04-17,2024-04-25,27.79,26.33,ZARAR (SL),-531.15,233542.48
LUV,2024-06-03,2024-06-10,26.74,28.68,KAR (TP),722.89,234262.37
LUV,2024-06-11,2024-07-05,27.09,26.18,ZARAR (SL),-338.25,233921.12
LUV,2024-09-18,2024-10-03,28.26,29.83,KAR (TP),554.09,234472.21
LUV,2024-10-04,2024-10-17,30.55,29.42,ZARAR (SL),-374.2,234095.01
LUV,2024-10-29,2024-11-04,30.34,29.24,ZARAR (SL),-363.94,233728.07
LUV,2024-11-25,2024-12-04,31.71,33.39,KAR (TP),527.37,234252.44
LUV,2024-12-11,2024-12-18,32.83,31.75,ZARAR (SL),-333.55,233915.89
LUV,2025-01-21,2025-01-22,32.7,31.32,ZARAR (SL),-426.81,233486.09
LUV,2025-03-11,2025-03-17,30.01,31.77,KAR (TP),583.49,234066.58
LUV,2025-05-22,2025-05-28,30.86,32.52,KAR (TP),535.29,234598.87
LUV,2025-05-30,2025-06-04,33.0,31.91,ZARAR (SL),-335.53,234260.33
LUV,2025-07-01,2025-07-10,33.22,37.14,KAR (TP),1176.29,235433.62
LUV,2025-09-02,2025-09-09,32.07,30.99,ZARAR (SL),-339.76,235090.85
LUV,2025-09-19,2025-10-10,32.52,31.29,ZARAR (SL),-381.23,234706.63
LUV,2025-10-22,2025-10-23,33.76,31.65,ZARAR (SL),-628.0,234075.63
LUV,2025-12-04,2025-12-05,35.81,37.85,KAR (TP),566.67,234639.3
UAL,2024-02-20,2024-03-20,43.46,45.98,KAR (TP),576.84,235213.14
UAL,2024-03-26,2024-03-28,45.42,47.88,KAR (TP),538.61,235748.75
UAL,2024-04-02,2024-04-04,45.65,43.22,ZARAR (SL),-535.31,235210.44
UAL,2024-04-17,2024-04-18,48.74,51.42,KAR (TP),546.86,235754.3
UAL,2024-04-19,2024-04-23,51.38,54.03,KAR (TP),512.76,236264.06
UAL,2024-06-06,2024-06-14,53.3,49.69,ZARAR (SL),-680.3,235580.76
UAL,2024-07-22,2024-07-24,48.19,46.02,ZARAR (SL),-453.3,235124.46
UAL,2024-08-29,2024-09-05,42.64,45.12,KAR (TP),578.61,235700.08
UAL,2024-09-06,2024-09-09,46.01,48.75,KAR (TP),592.52,236289.6
UAL,2024-12-09,2024-12-18,96.02,91.47,ZARAR (SL),-476.86,235809.74
UAL,2025-01-07,2025-01-10,101.21,107.11,KAR (TP),579.95,236386.69
UAL,2025-01-13,2025-01-21,104.71,110.52,KAR (TP),551.87,236935.55
UAL,2025-01-22,2025-01-23,107.97,103.0,ZARAR (SL),-463.31,236469.24
UAL,2025-05-14,2025-05-15,78.99,76.54,ZARAR (SL),-313.17,236153.08
UAL,2025-05-27,2025-06-06,78.18,84.23,KAR (TP),770.86,236920.93
UAL,2025-07-16,2025-08-01,88.47,84.57,ZARAR (SL),-443.83,236474.1
UAL,2025-08-12,2025-08-26,98.47,104.13,KAR (TP),571.79,237042.9
UAL,2025-09-02,2025-09-24,104.68,101.39,ZARAR (SL),-317.29,236722.61
UAL,2025-11-25,2025-12-02,98.91,104.38,KAR (TP),550.03,237269.63
UAL,2025-12-03,2025-12-04,108.48,104.73,ZARAR (SL),-348.69,236917.95
CAR,2024-02-12,2024-02-13,168.36,129.81,ZARAR (SL),-2292.74,234622.21
CAR,2024-03-19,2024-03-27,115.71,123.23,KAR (TP),646.9,235266.11
CAR,2024-03-28,2024-04-12,122.46,114.73,ZARAR (SL),-634.23,234628.89
CAR,2024-06-24,2024-06-26,112.5,108.06,ZARAR (SL),-397.67,234228.22
CAR,2024-09-20,2024-09-25,85.9,82.35,ZARAR (SL),-416.27,233808.95
CAR,2024-10-29,2024-10-31,87.1,83.0,ZARAR (SL),-473.72,233332.22
CAR,2024-12-02,2024-12-04,105.93,101.47,ZARAR (SL),-424.03,232905.19
CAR,2025-01-17,2025-02-07,90.19,87.01,ZARAR (SL),-355.59,232546.6
CAR,2025-02-18,2025-02-21,96.5,87.1,ZARAR (SL),-977.09,231566.51
CAR,2025-03-31,2025-04-03,75.9,72.61,ZARAR (SL),-436.47,231127.04
CAR,2025-04-17,2025-04-21,84.59,80.66,ZARAR (SL),-467.59,230656.45
CAR,2025-06-04,2025-06-06,112.27,123.0,KAR (TP),952.73,231606.18
CAR,2025-06-20,2025-06-23,134.44,147.0,KAR (TP),931.25,232534.43
CAR,2025-09-19,2025-10-06,157.66,148.41,ZARAR (SL),-589.71,231941.72
CAR,2025-12-16,2025-12-18,132.67,128.11,ZARAR (SL),-346.71,231592.01
RCL,2024-01-31,2024-02-02,125.73,121.72,ZARAR (SL),-321.43,231267.58
RCL,2024-03-15,2024-03-20,127.13,133.64,KAR (TP),509.72,231774.3
RCL,2024-04-02,2024-04-09,135.54,131.33,ZARAR (SL),-313.66,231457.65
RCL,2024-05-14,2024-05-21,138.84,148.65,KAR (TP),703.68,232158.32
RCL,2024-05-23,2024-06-04,144.27,153.0,KAR (TP),601.88,232757.2
RCL,2024-06-24,2024-07-09,152.37,160.86,KAR (TP),554.21,233308.41
RCL,2024-07-17,2024-07-25,162.17,149.9,ZARAR (SL),-759.41,232546.0
RCL,2024-08-30,2024-09-03,162.33,157.43,ZARAR (SL),-304.91,232238.09
RCL,2024-09-16,2024-09-24,167.38,177.54,KAR (TP),604.39,232839.48
RCL,2024-10-01,2024-10-08,171.22,181.26,KAR (TP),583.5,233419.98
RCL,2024-10-31,2024-11-06,203.95,224.01,KAR (TP),980.28,234397.26
RCL,2024-12-02,2024-12-18,243.55,226.86,ZARAR (SL),-688.04,233706.22
RCL,2025-01-17,2025-01-24,239.56,229.94,ZARAR (SL),-404.55,233298.67
RCL,2025-02-03,2025-02-20,258.43,241.62,ZARAR (SL),-653.54,232642.13
RCL,2025-04-09,2025-04-10,208.28,191.38,ZARAR (SL),-814.42,231824.71
RCL,2025-05-21,2025-05-27,236.36,254.04,KAR (TP),745.26,232566.98
RCL,2025-05-28,2025-06-03,249.33,265.2,KAR (TP),633.36,233197.34
RCL,2025-06-05,2025-06-13,270.57,257.29,ZARAR (SL),-493.79,232700.55
RCL,2025-06-23,2025-06-26,272.84,294.99,KAR (TP),808.53,233506.08
RCL,2025-09-11,2025-09-12,349.16,335.39,ZARAR (SL),-397.31,233105.77
RCL,2025-12-11,2025-12-22,279.7,300.73,KAR (TP),748.88,233851.65
CCL,2024-03-08,2024-03-27,16.37,17.19,KAR (TP),497.92,234346.57
CCL,2024-05-13,2024-05-20,14.56,16.09,KAR (TP),1047.82,235391.39
CCL,2024-05-22,2024-05-23,15.65,14.78,ZARAR (SL),-558.91,234829.48
CCL,2024-06-03,2024-06-04,16.01,16.94,KAR (TP),577.89,235404.37
CCL,2024-06-24,2024-06-25,16.39,17.82,KAR (TP),869.48,236270.85
CCL,2024-06-26,2024-07-01,18.37,17.71,ZARAR (SL),-362.28,235905.57
CCL,2024-07-23,2024-07-24,19.07,18.19,ZARAR (SL),-464.46,235438.11
CCL,2024-09-11,2024-09-16,16.54,17.83,KAR (TP),776.93,236212.04
CCL,2024-09-17,2024-09-20,18.03,19.0,KAR (TP),534.99,236744.03
CCL,2024-09-25,2024-10-03,18.04,17.34,ZARAR (SL),-391.03,236350.0
CCL,2024-10-31,2024-11-06,22.0,24.23,KAR (TP),1010.64,237357.64
CCL,2024-12-20,2024-12-23,26.8,25.73,ZARAR (SL),-402.25,236952.38
CCL,2025-01-21,2025-01-28,25.6,27.77,KAR (TP),844.66,237794.04
CCL,2025-06-05,2025-06-13,24.02,22.41,ZARAR (SL),-673.28,237117.77
CCL,2025-06-23,2025-06-24,24.04,25.7,KAR (TP),687.52,237802.28
CCL,2025-06-25,2025-06-27,25.48,27.26,KAR (TP),695.59,238494.87
CCL,2025-07-29,2025-08-08,29.7,28.37,ZARAR (SL),-450.81,238041.06
CCL,2025-08-18,2025-08-26,29.97,31.87,KAR (TP),630.97,238669.02
CCL,2025-09-08,2025-09-19,31.56,30.52,ZARAR (SL),-332.53,238333.49
CCL,2025-10-31,2025-11-04,28.83,26.11,ZARAR (SL),-946.46,237384.03
CCL,2025-12-11,2025-12-19,27.84,31.12,KAR (TP),1175.16,238556.19
NCLH,2024-02-01,2024-02-05,17.79,17.14,ZARAR (SL),-368.37,238184.82
NCLH,2024-02-27,2024-03-20,19.09,20.18,KAR (TP),567.98,238749.8
NCLH,2024-03-27,2024-04-02,21.34,19.26,ZARAR (SL),-977.7,237769.1
NCLH,2024-06-25,2024-07-01,18.29,17.68,ZARAR (SL),-336.52,237429.59
NCLH,2024-07-24,2024-07-25,19.22,18.36,ZARAR (SL),-450.45,236976.14
NCLH,2024-09-04,2024-09-11,17.29,18.7,KAR (TP),812.5,237785.64
NCLH,2024-10-09,2024-10-15,23.07,24.3,KAR (TP),530.16,238312.8
NCLH,2024-10-29,2024-10-31,24.11,25.34,KAR (TP),507.16,238816.96
NCLH,2024-11-18,2024-12-02,26.1,28.35,KAR (TP),859.07,239673.03
NCLH,2024-12-03,2024-12-09,27.38,25.96,ZARAR (SL),-521.63,239148.4
NCLH,2024-12-20,2024-12-27,26.91,25.75,ZARAR (SL),-434.07,238711.33
NCLH,2025-01-17,2025-01-22,27.17,26.26,ZARAR (SL),-337.93,238370.41
NCLH,2025-02-03,2025-02-10,27.66,26.49,ZARAR (SL),-425.99,237941.41
NCLH,2025-05-02,2025-05-12,17.37,19.15,KAR (TP),1021.75,238960.17
NCLH,2025-05-27,2025-05-28,18.09,17.54,ZARAR (SL),-307.03,238650.13
NCLH,2025-06-09,2025-06-12,19.59,18.72,ZARAR (SL),-447.1,238200.03
NCLH,2025-06-23,2025-06-27,18.6,20.18,KAR (TP),846.46,239043.49
NCLH,2025-07-01,2025-07-10,20.98,23.15,KAR (TP),1031.32,240071.81
NCLH,2025-07-22,2025-07-31,23.6,25.56,KAR (TP),827.51,240896.32
NCLH,2025-08-01,2025-08-11,24.5,23.73,ZARAR (SL),-317.29,240576.03
NCLH,2025-08-22,2025-09-11,25.05,26.94,KAR (TP),751.49,241324.52
NCLH,2025-12-04,2025-12-11,18.8,20.55,KAR (TP),927.85,242249.37
MGM,2024-02-01,2024-02-12,44.71,47.02,KAR (TP),513.66,242760.04
MGM,2024-02-13,2024-02-14,45.66,42.8,ZARAR (SL),-629.37,242127.67
MGM,2024-03-18,2024-03-26,44.12,46.46,KAR (TP),527.37,242652.04
MGM,2024-06-21,2024-06-28,42.0,44.44,KAR (TP),577.95,243226.99
MGM,2024-07-02,2024-07-11,42.33,45.84,KAR (TP),826.2,244050.19
MGM,2024-10-29,2024-10-31,41.99,36.87,ZARAR (SL),-1222.34,242824.85
MGM,2024-12-03,2024-12-13,37.51,36.25,ZARAR (SL),-338.91,242482.94
MGM,2025-01-30,2025-02-13,34.55,40.37,KAR (TP),1681.52,244161.46
MGM,2025-05-01,2025-05-09,30.86,32.58,KAR (TP),554.36,244712.81
MGM,2025-06-16,2025-06-23,34.3,33.25,ZARAR (SL),-309.12,244400.69
MGM,2025-07-22,2025-07-31,38.14,36.45,ZARAR (SL),-446.1,243951.59
MGM,2025-09-04,2025-09-11,37.03,35.34,ZARAR (SL),-459.39,243489.2
MGM,2025-11-25,2025-12-05,34.14,36.07,KAR (TP),562.32,244048.52
WYNN,2024-02-01,2024-02-08,95.31,103.95,KAR (TP),903.57,244947.59
WYNN,2024-02-29,2024-03-01,103.3,99.38,ZARAR (SL),-382.28,244562.31
WYNN,2024-04-01,2024-04-12,104.64,99.35,ZARAR (SL),-507.88,244051.43
WYNN,2024-08-30,2024-09-24,75.94,83.13,KAR (TP),943.93,244992.37
WYNN,2024-12-09,2024-12-16,95.02,88.82,ZARAR (SL),-655.49,244333.87
WYNN,2025-01-31,2025-02-03,86.01,82.76,ZARAR (SL),-381.81,243949.06
WYNN,2025-02-14,2025-02-20,87.96,92.57,KAR (TP),520.53,244466.59
WYNN,2025-07-24,2025-08-22,107.98,114.07,KAR (TP),561.47,245025.06
WYNN,2025-09-05,2025-09-18,120.65,128.41,KAR (TP),640.51,245662.57
WYNN,2025-09-19,2025-10-03,129.25,123.4,ZARAR (SL),-455.44,245204.13
WYNN,2025-11-03,2025-11-04,125.47,121.09,ZARAR (SL),-352.16,244848.97
WYNN,2025-11-25,2025-12-10,127.47,123.6,ZARAR (SL),-306.6,244539.37
LVS,2024-02-01,2024-02-08,48.92,51.78,KAR (TP),581.71,245118.08
LVS,2024-02-29,2024-03-01,52.66,49.53,ZARAR (SL),-597.28,244517.8
LVS,2024-04-01,2024-04-12,51.37,48.71,ZARAR (SL),-520.11,243994.69
LVS,2024-05-17,2024-05-23,45.62,43.46,ZARAR (SL),-477.17,243514.52
LVS,2024-06-21,2024-06-25,44.53,43.04,ZARAR (SL),-338.44,243173.08
LVS,2024-08-27,2024-08-29,38.95,37.68,ZARAR (SL),-328.49,242841.6
LVS,2024-09-09,2024-09-19,39.01,41.06,KAR (TP),522.0,243360.6
LVS,2024-10-24,2024-11-05,51.17,49.28,ZARAR (SL),-371.45,242986.15
LVS,2024-12-02,2024-12-16,53.85,51.39,ZARAR (SL),-459.36,242523.78
LVS,2025-05-22,2025-06-03,39.74,41.76,KAR (TP),505.86,243026.64
LVS,2025-06-16,2025-07-01,42.43,46.96,KAR (TP),1064.51,244088.15
LVS,2025-07-23,2025-07-25,48.26,51.95,KAR (TP),761.02,244846.16
LVS,2025-07-28,2025-08-22,52.03,54.83,KAR (TP),534.99,245378.15
LVS,2025-09-02,2025-09-04,56.78,54.89,ZARAR (SL),-336.27,245038.88
LVS,2025-10-23,2025-11-03,56.66,61.48,KAR (TP),847.76,245883.64
LVS,2025-11-24,2025-12-01,65.67,69.49,KAR (TP),578.7,246459.34
LVS,2025-12-02,2025-12-04,68.51,66.4,ZARAR (SL),-310.98,246145.36
PENN,2024-02-12,2024-02-14,23.39,22.5,ZARAR (SL),-383.5,245757.35
PENN,2024-04-23,2024-04-26,17.43,16.86,ZARAR (SL),-330.02,245424.33
PENN,2024-05-14,2024-05-15,16.9,15.9,ZARAR (SL),-594.72,244826.61
PENN,2024-05-31,2024-06-04,17.5,16.46,ZARAR (SL),-597.29,244226.33
PENN,2024-06-14,2024-06-17,17.4,18.52,KAR (TP),640.68,244864.01
PENN,2024-06-21,2024-06-25,19.83,18.26,ZARAR (SL),-794.73,244066.28
PENN,2024-07-11,2024-07-15,20.77,19.82,ZARAR (SL),-460.39,243602.88
PENN,2024-07-26,2024-08-01,19.71,18.92,ZARAR (SL),-403.81,243196.07
PENN,2024-09-04,2024-09-06,19.16,18.07,ZARAR (SL),-571.89,242621.18
PENN,2024-09-16,2024-09-24,20.02,18.81,ZARAR (SL),-607.4,242010.78
PENN,2024-10-24,2024-10-29,19.19,20.79,KAR (TP),830.77,242838.55
PENN,2024-11-06,2024-11-07,19.23,20.22,KAR (TP),511.82,243347.37
PENN,2024-11-08,2024-11-12,20.49,21.54,KAR (TP),509.45,243853.82
PENN,2024-11-27,2024-12-02,21.08,22.34,KAR (TP),594.72,244445.54
PENN,2024-12-03,2024-12-06,21.51,20.74,ZARAR (SL),-360.97,244081.57
PENN,2025-01-10,2025-01-14,19.19,20.65,KAR (TP),757.81,244836.38
PENN,2025-01-16,2025-02-10,20.46,21.91,KAR (TP),705.7,245539.08
PENN,2025-02-18,2025-02-20,22.2,21.31,ZARAR (SL),-403.9,245132.18
PENN,2025-05-12,2025-05-19,15.97,15.45,ZARAR (SL),-328.61,244800.57
PENN,2025-06-06,2025-06-09,15.59,16.48,KAR (TP),567.88,245365.45
PENN,2025-06-16,2025-06-24,16.49,17.49,KAR (TP),603.43,245965.87
PENN,2025-07-25,2025-07-29,19.23,18.35,ZARAR (SL),-460.62,245502.26
PENN,2025-08-15,2025-08-22,18.24,19.49,KAR (TP),682.31,246181.56
PENN,2025-09-08,2025-09-15,20.09,18.83,ZARAR (SL),-630.18,245548.39
DKNG,2024-03-04,2024-03-05,44.87,42.62,ZARAR (SL),-504.45,245039.44
DKNG,2024-03-20,2024-03-26,46.27,48.68,KAR (TP),517.86,245554.29
DKNG,2024-03-27,2024-04-15,45.35,43.72,ZARAR (SL),-362.43,245188.87
DKNG,2024-05-21,2024-05-22,43.38,41.9,ZARAR (SL),-344.17,244841.7
DKNG,2024-07-15,2024-07-18,39.48,36.67,ZARAR (SL),-714.75,244123.94
DKNG,2024-09-05,2024-09-11,35.73,38.44,KAR (TP),755.47,244876.41
DKNG,2024-09-12,2024-09-25,38.59,41.1,KAR (TP),647.43,245520.84
DKNG,2024-11-07,2024-11-11,38.98,43.21,KAR (TP),1082.17,246600.01
DKNG,2024-11-15,2024-11-18,39.84,42.35,KAR (TP),627.02,247224.03
DKNG,2024-12-04,2024-12-09,44.77,42.48,ZARAR (SL),-514.5,246706.52
DKNG,2025-01-16,2025-01-28,39.68,42.0,KAR (TP),581.68,247285.2
DKNG,2025-02-04,2025-02-12,41.75,45.44,KAR (TP),880.83,248163.03
DKNG,2025-02-20,2025-02-21,49.44,45.57,ZARAR (SL),-785.77,247374.27
DKNG,2025-05-15,2025-05-22,36.61,34.87,ZARAR (SL),-478.28,246892.99
DKNG,2025-06-18,2025-06-24,39.6,42.81,KAR (TP),807.61,247697.59
DKNG,2025-07-02,2025-07-10,41.32,44.57,KAR (TP),783.54,248478.14
DKNG,2025-07-30,2025-08-01,45.75,43.73,ZARAR (SL),-444.53,248030.61
DKNG,2025-08-18,2025-08-28,45.7,48.23,KAR (TP),550.61,248578.22
DKNG,2025-09-05,2025-09-12,46.56,43.98,ZARAR (SL),-557.12,248018.09
DKNG,2025-11-25,2025-12-01,31.67,33.87,KAR (TP),691.66,248706.76
BYND,2024-02-21,2024-02-23,7.33,7.81,KAR (TP),651.84,249354.1
BYND,2024-02-26,2024-02-28,7.45,9.83,KAR (TP),3191.63,252542.73
BYND,2024-03-01,2024-03-04,9.77,8.51,ZARAR (SL),-1292.66,251247.07
BYND,2024-05-09,2024-05-13,7.03,7.96,KAR (TP),1319.9,252563.97
BYND,2024-05-15,2024-05-16,7.68,7.2,ZARAR (SL),-628.0,251932.97
BYND,2024-07-16,2024-07-17,7.49,7.17,ZARAR (SL),-430.24,251499.73
BYND,2024-08-23,2024-08-26,6.74,6.52,ZARAR (SL),-329.41,251167.32
BYND,2024-09-18,2024-09-24,6.29,6.79,KAR (TP),791.91,251956.24
BYND,2024-09-30,2024-10-01,6.78,6.4,ZARAR (SL),-563.47,251389.76
BYND,2024-11-06,2024-11-07,6.58,5.84,ZARAR (SL),-1127.62,250259.15
BYND,2025-01-15,2025-01-16,3.97,4.18,KAR (TP),525.97,250782.11
BYND,2025-01-17,2025-01-22,4.08,3.9,ZARAR (SL),-444.18,250334.94
BYND,2025-02-18,2025-02-20,4.4,4.08,ZARAR (SL),-730.27,249601.66
BYND,2025-05-16,2025-05-20,2.77,2.97,KAR (TP),719.02,250317.68
BYND,2025-05-21,2025-05-23,2.96,2.85,ZARAR (SL),-374.62,249940.06
BYND,2025-06-06,2025-06-13,3.32,3.16,ZARAR (SL),-484.93,249452.14
BYND,2025-06-23,2025-06-25,3.44,3.32,ZARAR (SL),-351.84,249097.3
BYND,2025-07-17,2025-07-21,3.5,4.1,KAR (TP),1711.29,250805.58
BYND,2025-07-24,2025-07-25,3.85,3.64,ZARAR (SL),-548.45,250254.13
BYND,2025-09-15,2025-09-16,2.8,2.71,ZARAR (SL),-324.43,249926.7
BYND,2025-10-21,2025-10-23,3.62,2.84,ZARAR (SL),-2157.7,247766.0
BYND,2025-12-19,2025-12-22,1.11,1.07,ZARAR (SL),-363.36,247399.64
RBLX,2024-02-07,2024-02-13,44.74,42.32,ZARAR (SL),-543.9,246852.74
RBLX,2024-05-03,2024-05-09,39.24,30.42,ZARAR (SL),-2250.71,244599.03
RBLX,2024-06-24,2024-06-27,35.19,37.22,KAR (TP),573.87,245169.9
RBLX,2024-06-28,2024-07-08,37.21,39.82,KAR (TP),698.42,245865.33
RBLX,2024-07-29,2024-08-01,40.57,38.85,ZARAR (SL),-426.96,245435.37
RBLX,2024-08-21,2024-09-13,43.35,45.87,KAR (TP),578.32,246010.68
RBLX,2024-09-16,2024-09-27,46.24,44.18,ZARAR (SL),-448.5,245559.18
RBLX,2024-11-20,2024-11-21,51.52,49.35,ZARAR (SL),-424.2,245131.99
RBLX,2024-12-05,2024-12-09,58.94,56.93,ZARAR (SL),-344.02,244784.96
RBLX,2024-12-20,2024-12-31,60.11,57.86,ZARAR (SL),-377.31,244404.65
RBLX,2025-01-10,2025-01-16,61.82,65.26,KAR (TP),553.45,244955.1
RBLX,2025-04-23,2025-04-30,63.48,67.05,KAR (TP),559.38,245511.49
RBLX,2025-07-01,2025-07-07,100.65,107.76,KAR (TP),703.41,246211.89
RBLX,2025-07-14,2025-07-16,111.83,119.02,KAR (TP),639.94,246848.83
RBLX,2025-08-01,2025-08-06,125.03,134.14,KAR (TP),725.63,247571.46
RBLX,2025-09-03,2025-09-05,133.46,127.69,ZARAR (SL),-435.34,247133.12
RBLX,2025-09-19,2025-10-03,135.18,122.69,ZARAR (SL),-926.95,246203.17
RBLX,2025-10-15,2025-10-17,138.56,132.92,ZARAR (SL),-410.04,245790.12
UBER,2024-02-05,2024-02-14,68.99,79.15,KAR (TP),1469.68,247256.8
UBER,2024-03-21,2024-03-28,80.25,76.99,ZARAR (SL),-409.23,246844.57
UBER,2024-06-06,2024-06-12,68.9,73.15,KAR (TP),613.84,247455.41
UBER,2024-06-21,2024-07-16,70.21,74.3,KAR (TP),579.54,248031.94
UBER,2024-09-19,2024-10-02,75.28,72.87,ZARAR (SL),-323.14,247705.81
UBER,2024-10-17,2024-10-31,79.9,72.05,ZARAR (SL),-985.48,246717.33
UBER,2025-01-10,2025-02-04,65.97,69.75,KAR (TP),569.99,247284.32
UBER,2025-02-06,2025-02-07,69.99,74.6,KAR (TP),655.67,247936.98
UBER,2025-02-12,2025-02-24,79.35,76.42,ZARAR (SL),-372.25,247561.73
UBER,2025-04-09,2025-04-24,72.68,78.1,KAR (TP),742.73,248301.47
UBER,2025-05-08,2025-05-12,82.3,88.1,KAR (TP),701.74,249000.2
UBER,2025-05-21,2025-05-29,88.67,84.3,ZARAR (SL),-495.84,248501.37
UBER,2025-06-27,2025-07-07,91.53,96.68,KAR (TP),559.66,249058.02
UBER,2025-08-29,2025-09-15,93.75,98.85,KAR (TP),541.0,249596.02
UBER,2025-09-16,2025-09-17,97.83,92.95,ZARAR (SL),-501.82,249091.2
UBER,2025-10-06,2025-10-09,100.1,96.0,ZARAR (SL),-412.59,248675.61
LYFT,2024-02-16,2024-02-20,17.91,16.73,ZARAR (SL),-661.85,248010.76
LYFT,2024-03-27,2024-04-02,19.48,18.58,ZARAR (SL),-465.01,247542.75
LYFT,2024-09-10,2024-09-11,11.27,11.95,KAR (TP),600.37,248140.12
LYFT,2024-09-16,2024-09-19,11.68,12.53,KAR (TP),724.74,248861.86
LYFT,2024-09-20,2024-09-24,12.47,13.33,KAR (TP),686.65,249545.51
LYFT,2024-10-11,2024-10-31,13.6,12.97,ZARAR (SL),-466.24,249076.28
LYFT,2024-11-18,2024-11-19,17.3,16.57,ZARAR (SL),-424.97,248648.31
LYFT,2025-01-28,2025-01-29,13.96,13.43,ZARAR (SL),-382.66,248262.65
LYFT,2025-02-10,2025-02-11,15.12,14.39,ZARAR (SL),-485.8,247773.85
LYFT,2025-04-02,2025-04-03,12.95,11.48,ZARAR (SL),-1138.14,246632.72
LYFT,2025-06-27,2025-07-11,15.72,14.91,ZARAR (SL),-518.27,246111.45
LYFT,2025-08-15,2025-08-22,15.82,17.01,KAR (TP),749.21,246857.66
LYFT,2025-09-08,2025-09-10,17.71,18.96,KAR (TP),702.82,247557.48
LYFT,2025-09-12,2025-09-15,18.62,20.44,KAR (TP),974.44,248528.92
LYFT,2025-11-06,2025-11-10,21.25,23.72,KAR (TP),1159.35,249685.27
LYFT,2025-11-13,2025-11-17,23.8,21.58,ZARAR (SL),-935.77,248746.5
ABNB,2024-02-09,2024-02-15,147.6,157.69,KAR (TP),680.97,249424.47
ABNB,2024-02-16,2024-03-06,152.51,163.87,KAR (TP),741.87,250163.34
ABNB,2024-03-13,2024-04-03,164.76,159.34,ZARAR (SL),-331.96,249828.37
ABNB,2024-06-13,2024-07-02,146.1,154.34,KAR (TP),561.0,250386.37
ABNB,2024-07-05,2024-07-11,152.5,146.0,ZARAR (SL),-429.23,249954.14
ABNB,2024-09-17,2024-09-19,122.12,128.75,KAR (TP),539.91,250491.05
ABNB,2024-10-17,2024-10-23,136.02,131.92,ZARAR (SL),-304.43,250183.62
ABNB,2024-11-05,2024-11-07,137.82,147.37,KAR (TP),689.93,250870.55
ABNB,2024-11-11,2024-11-12,137.4,133.2,ZARAR (SL),-308.68,250558.88
ABNB,2024-11-22,2024-12-13,137.34,130.95,ZARAR (SL),-468.27,250087.61
ABNB,2025-01-21,2025-01-24,133.07,127.09,ZARAR (SL),-452.39,249632.22
ABNB,2025-02-07,2025-02-14,134.98,161.42,KAR (TP),1955.81,251585.03
ABNB,2025-02-21,2025-02-25,146.07,141.55,ZARAR (SL),-312.44,251269.59
ABNB,2025-04-30,2025-05-12,121.92,134.21,KAR (TP),1005.04,252271.63
ABNB,2025-05-20,2025-05-21,132.13,127.52,ZARAR (SL),-351.9,251916.73
ABNB,2025-06-03,2025-06-06,132.9,140.64,KAR (TP),579.39,252493.12
ABNB,2025-09-19,2025-09-24,127.04,123.08,ZARAR (SL),-314.71,252175.41
ABNB,2025-10-14,2025-10-27,122.89,129.07,KAR (TP),499.89,252672.3
ABNB,2025-10-29,2025-11-04,126.48,122.35,ZARAR (SL),-329.53,252339.76
DOX,2024-02-01,2024-02-08,88.99,85.93,ZARAR (SL),-347.16,251989.6
DOX,2024-03-12,2024-03-22,89.57,86.7,ZARAR (SL),-323.51,251663.1
DOX,2024-06-28,2024-07-17,76.65,81.47,KAR (TP),625.48,252285.58
DOX,2024-09-09,2024-10-14,82.94,87.12,KAR (TP),500.42,252783.0
DOX,2024-11-06,2024-11-13,88.92,85.69,ZARAR (SL),-366.5,252413.5
DOX,2024-12-16,2025-01-10,85.13,80.73,ZARAR (SL),-519.83,251890.68
DOX,2025-01-21,2025-03-07,84.16,88.84,KAR (TP),552.43,252440.11
DOX,2025-03-10,2025-03-12,88.87,85.86,ZARAR (SL),-341.16,252095.95
DOX,2025-03-31,2025-04-03,90.38,87.25,ZARAR (SL),-349.45,251743.5
DOX,2025-05-21,2025-07-11,90.6,87.69,ZARAR (SL),-324.19,251416.31
DOX,2025-08-08,2025-08-11,88.83,85.89,ZARAR (SL),-334.06,251079.25
DOX,2025-08-27,2025-09-02,86.57,83.87,ZARAR (SL),-314.03,250762.22
DOX,2025-10-14,2025-11-12,83.66,77.36,ZARAR (SL),-756.05,250003.17
GPN,2024-01-26,2024-02-29,131.14,127.02,ZARAR (SL),-316.67,249683.51
GPN,2024-03-19,2024-04-03,128.84,124.71,ZARAR (SL),-323.62,249356.89
GPN,2024-07-11,2024-07-16,95.27,101.44,KAR (TP),644.46,249998.35
GPN,2024-07-22,2024-08-02,98.73,94.07,ZARAR (SL),-474.35,249521.0
GPN,2024-08-13,2024-08-19,102.08,108.12,KAR (TP),588.75,250106.75
GPN,2024-09-09,2024-09-24,108.22,102.36,ZARAR (SL),-544.1,249559.65
GPN,2024-10-30,2024-11-06,101.89,113.44,KAR (TP),1130.26,250686.91
GPN,2024-11-08,2024-11-22,109.34,115.45,KAR (TP),556.16,251240.08
GPN,2024-12-02,2024-12-13,116.49,112.86,ZARAR (SL),-313.92,250923.16
GPN,2025-06-20,2025-07-01,76.18,81.48,KAR (TP),693.86,251614.02
GPN,2025-07-16,2025-07-31,82.17,79.48,ZARAR (SL),-330.85,251280.17
GPN,2025-08-12,2025-08-14,81.9,86.67,KAR (TP),579.6,251856.76
GPN,2025-09-04,2025-09-15,86.76,83.9,ZARAR (SL),-332.58,251521.18
PRU,2024-01-30,2024-02-01,96.98,93.4,ZARAR (SL),-372.5,251144.18
PRU,2024-02-12,2024-03-11,97.53,102.65,KAR (TP),522.27,251663.45
PRU,2024-03-14,2024-03-28,102.85,108.06,KAR (TP),503.53,252163.99
PRU,2024-05-31,2024-06-11,111.98,106.35,ZARAR (SL),-505.7,251655.29
PRU,2024-06-24,2024-07-15,110.87,116.81,KAR (TP),532.41,252184.7
PRU,2024-07-19,2024-08-02,115.15,102.59,ZARAR (SL),-1093.82,251087.88
PRU,2024-09-19,2024-11-18,114.61,120.58,KAR (TP),517.52,251602.41
PRU,2024-11-25,2024-12-09,122.36,116.51,ZARAR (SL),-480.82,251118.59
PRU,2025-01-17,2025-02-05,113.13,108.43,ZARAR (SL),-418.93,250696.65
PRU,2025-03-21,2025-04-03,106.11,100.84,ZARAR (SL),-499.96,250193.69
PRU,2025-05-12,2025-05-21,103.3,99.2,ZARAR (SL),-399.94,249790.75
PRU,2025-06-20,2025-08-01,101.67,98.14,ZARAR (SL),-349.98,249437.78
PRU,2025-08-26,2025-09-05,107.95,104.33,ZARAR (SL),-338.53,249096.25
PRU,2025-10-14,2025-10-16,102.35,98.55,ZARAR (SL),-374.26,248718.99
PRU,2025-10-30,2025-11-24,101.75,107.19,KAR (TP),532.11,249248.1
MET,2024-01-29,2024-02-01,66.31,61.59,ZARAR (SL),-715.05,248530.05
MET,2024-02-12,2024-03-13,65.12,69.03,KAR (TP),598.02,249125.07
MET,2024-03-14,2024-04-15,68.3,65.96,ZARAR (SL),-345.14,248776.93
MET,2024-05-31,2024-06-06,69.28,67.05,ZARAR (SL),-324.96,248448.97
MET,2024-07-10,2024-07-16,68.57,72.43,KAR (TP),561.09,249007.06
MET,2024-08-01,2024-08-02,72.55,67.55,ZARAR (SL),-691.84,248312.22
MET,2024-09-06,2024-09-17,71.49,75.55,KAR (TP),563.95,248873.18
MET,2024-09-18,2024-10-04,76.48,81.11,KAR (TP),601.42,249471.59
MET,2024-10-09,2024-10-31,81.59,75.68,ZARAR (SL),-726.92,248741.67
MET,2024-12-03,2024-12-09,83.31,79.96,ZARAR (SL),-404.31,248334.37
MET,2025-01-08,2025-01-10,80.49,77.99,ZARAR (SL),-313.31,248018.05
MET,2025-01-22,2025-02-13,83.34,80.53,ZARAR (SL),-340.19,247674.87
MET,2025-03-21,2025-03-28,80.55,77.49,ZARAR (SL),-383.04,247288.83
MET,2025-05-07,2025-05-12,75.61,79.45,KAR (TP),505.21,247791.04
MET,2025-05-21,2025-07-30,76.75,73.69,ZARAR (SL),-402.23,247385.81
MET,2025-08-12,2025-08-22,76.01,80.91,KAR (TP),640.94,248023.75
MET,2025-09-05,2025-11-06,78.94,75.97,ZARAR (SL),-379.22,247641.53
L,2024-01-31,2024-03-15,72.43,76.58,KAR (TP),570.06,248208.59
L,2024-03-18,2024-04-11,76.58,73.44,ZARAR (SL),-413.55,247792.04
L,2024-04-22,2024-05-23,76.09,73.79,ZARAR (SL),-306.35,247482.69
L,2024-06-21,2024-07-05,76.24,73.45,ZARAR (SL),-368.73,247110.96
L,2024-07-29,2024-08-05,78.53,75.68,ZARAR (SL),-365.67,246742.29
L,2024-09-09,2024-09-11,80.21,77.45,ZARAR (SL),-345.94,246393.35
L,2024-10-16,2024-11-04,80.32,76.25,ZARAR (SL),-509.26,245881.09
L,2024-11-15,2025-03-19,83.38,87.63,KAR (TP),506.03,246384.12
L,2025-03-20,2025-04-04,88.01,82.96,ZARAR (SL),-576.83,245804.3
L,2025-05-06,2025-06-30,86.61,91.55,KAR (TP),566.82,246368.11
L,2025-07-10,2025-08-13,90.39,95.29,KAR (TP),539.54,246904.66
L,2025-08-18,2025-09-24,94.47,99.2,KAR (TP),497.6,247399.26
L,2025-09-25,2025-11-12,98.96,103.98,KAR (TP),503.97,247900.23
VLO,2024-01-26,2024-02-26,129.92,137.72,KAR (TP),597.57,248493.3
VLO,2024-02-29,2024-03-07,134.28,141.46,KAR (TP),532.13,249022.43
VLO,2024-05-17,2024-05-29,157.63,147.79,ZARAR (SL),-627.47,248391.96
VLO,2024-06-28,2024-07-08,149.83,141.42,ZARAR (SL),-564.37,247824.59
VLO,2024-07-25,2024-08-02,150.06,142.94,ZARAR (SL),-477.56,247344.03
VLO,2024-10-03,2024-10-08,138.58,131.18,ZARAR (SL),-536.92,246804.12
VLO,2024-11-14,2024-12-04,134.72,129.98,ZARAR (SL),-355.25,246445.87
VLO,2025-01-30,2025-02-04,132.36,139.76,KAR (TP),556.0,246998.87
VLO,2025-05-22,2025-06-16,126.88,135.79,KAR (TP),699.3,247695.17
VLO,2025-06-23,2025-07-03,135.1,142.51,KAR (TP),545.67,248237.84
VLO,2025-07-08,2025-07-16,146.54,141.14,ZARAR (SL),-371.6,247863.24
VLO,2025-10-02,2025-10-10,163.67,157.03,ZARAR (SL),-408.59,247451.65
VLO,2025-10-27,2025-11-04,173.26,168.05,ZARAR (SL),-303.55,247145.1
VLO,2025-11-14,2025-11-20,180.62,170.82,ZARAR (SL),-545.63,246596.48
VLO,2025-12-02,2025-12-11,178.53,171.91,ZARAR (SL),-373.81,246219.67
PSX,2024-01-26,2024-02-05,130.86,137.41,KAR (TP),497.64,246714.31
PSX,2024-03-06,2024-03-13,137.96,145.2,KAR (TP),521.63,247232.94
PSX,2024-03-14,2024-03-28,145.12,153.54,KAR (TP),577.39,247807.33
PSX,2024-06-28,2024-07-08,133.75,128.81,ZARAR (SL),-372.77,247431.56
PSX,2024-07-31,2024-08-01,137.84,133.55,ZARAR (SL),-314.38,247114.18
PSX,2024-08-30,2024-09-03,134.05,128.97,ZARAR (SL),-381.45,246729.74
PSX,2025-01-27,2025-01-31,118.63,113.61,ZARAR (SL),-426.3,246300.43
PSX,2025-02-11,2025-02-12,124.86,120.52,ZARAR (SL),-351.13,245946.3
PSX,2025-02-24,2025-03-04,123.59,118.93,ZARAR (SL),-379.93,245563.38
PSX,2025-05-21,2025-06-10,109.75,116.55,KAR (TP),616.07,246176.45
PSX,2025-06-23,2025-07-03,118.84,124.98,KAR (TP),514.23,246687.68
PSX,2025-07-08,2025-07-16,127.64,121.43,ZARAR (SL),-489.92,246194.75
PSX,2025-07-28,2025-07-31,125.38,121.34,ZARAR (SL),-324.87,245866.88
PSX,2025-09-10,2025-09-25,130.31,137.91,KAR (TP),579.86,246443.74
PSX,2025-10-29,2025-11-20,136.84,131.99,ZARAR (SL),-357.18,246083.57
PSX,2025-12-03,2025-12-16,139.85,131.78,ZARAR (SL),-580.05,245500.52
MPC,2024-01-26,2024-01-30,153.9,162.88,KAR (TP),580.73,246078.25
MPC,2024-01-31,2024-03-01,158.77,166.87,KAR (TP),507.55,246582.8
MPC,2024-03-04,2024-03-13,167.39,181.98,KAR (TP),868.37,247448.17
MPC,2024-08-06,2024-08-15,165.42,174.97,KAR (TP),573.98,248019.15
MPC,2024-08-16,2024-08-20,174.27,166.12,ZARAR (SL),-470.7,247545.45
MPC,2024-08-30,2024-09-04,172.28,167.06,ZARAR (SL),-306.18,247236.26
MPC,2024-11-13,2024-12-04,154.76,147.13,ZARAR (SL),-495.94,246737.32
MPC,2025-01-24,2025-01-31,148.32,142.54,ZARAR (SL),-392.16,246342.17
MPC,2025-02-11,2025-02-12,151.93,145.97,ZARAR (SL),-395.14,245944.02
MPC,2025-02-24,2025-02-26,150.24,143.95,ZARAR (SL),-422.12,245518.9
MPC,2025-05-30,2025-06-17,159.05,168.29,KAR (TP),578.06,246093.96
MPC,2025-06-18,2025-07-03,165.66,174.2,KAR (TP),512.47,246603.43
MPC,2025-07-11,2025-07-16,177.97,170.56,ZARAR (SL),-419.44,246181.0
MPC,2025-08-22,2025-08-29,170.02,178.81,KAR (TP),513.74,246691.73
MPC,2025-09-19,2025-09-25,184.53,195.46,KAR (TP),589.04,247277.78
MPC,2025-10-29,2025-11-04,194.77,182.86,ZARAR (SL),-614.49,246660.28
DVN,2024-02-15,2024-03-06,40.59,42.72,KAR (TP),520.27,247177.55
DVN,2024-06-28,2024-07-10,45.31,43.89,ZARAR (SL),-317.35,246857.2
DVN,2024-10-03,2024-10-21,40.39,38.74,ZARAR (SL),-412.19,246442.02
DVN,2025-02-19,2025-02-25,36.55,34.91,ZARAR (SL),-452.83,245986.19
DVN,2025-05-08,2025-05-12,31.29,32.87,KAR (TP),504.36,246487.55
DVN,2025-06-11,2025-06-23,33.78,32.39,ZARAR (SL),-411.72,246072.83
DVN,2025-07-08,2025-07-14,34.46,32.76,ZARAR (SL),-495.55,245574.27
DVN,2025-07-24,2025-08-01,32.86,31.71,ZARAR (SL),-351.35,245219.92
DVN,2025-08-20,2025-08-25,33.33,35.3,KAR (TP),586.11,245803.03
DVN,2025-09-05,2025-09-26,34.3,36.75,KAR (TP),712.51,246512.54
DVN,2025-11-07,2025-11-14,33.48,35.61,KAR (TP),632.01,247141.55
DVN,2025-11-20,2025-11-28,34.94,36.82,KAR (TP),537.39,247675.94
DVN,2025-12-03,2025-12-15,37.45,36.17,ZARAR (SL),-344.51,247328.43
APA,2024-02-15,2024-02-22,28.93,27.98,ZARAR (SL),-332.6,246992.83
APA,2024-03-26,2024-04-01,30.44,32.8,KAR (TP),772.55,247762.38
APA,2024-04-03,2024-04-12,32.6,31.22,ZARAR (SL),-426.18,247333.2
APA,2024-05-31,2024-06-03,28.48,27.47,ZARAR (SL),-360.03,246970.18
APA,2024-07-15,2024-08-02,29.35,26.88,ZARAR (SL),-843.74,246123.44
APA,2024-12-11,2024-12-17,21.26,19.99,ZARAR (SL),-597.28,245523.16
APA,2025-01-06,2025-01-14,22.47,23.6,KAR (TP),499.96,246020.12
APA,2025-01-21,2025-01-31,22.51,21.05,ZARAR (SL),-651.19,245365.93
APA,2025-02-19,2025-02-21,22.64,21.88,ZARAR (SL),-342.13,245020.8
APA,2025-05-12,2025-05-21,17.28,16.3,ZARAR (SL),-567.65,244450.15
APA,2025-06-09,2025-06-11,18.18,19.13,KAR (TP),523.03,244970.19
APA,2025-07-28,2025-08-01,19.35,18.26,ZARAR (SL),-570.19,244396.99
APA,2025-08-11,2025-08-22,19.7,21.4,KAR (TP),860.45,245254.45
APA,2025-09-03,2025-09-09,22.43,21.42,ZARAR (SL),-452.74,244798.71
APA,2025-09-19,2025-09-26,23.22,24.42,KAR (TP),512.33,245308.04
APA,2025-10-23,2025-10-24,24.62,23.83,ZARAR (SL),-323.88,244981.16
APA,2025-11-06,2025-11-18,23.64,24.92,KAR (TP),538.46,245516.62
EOG,2024-02-15,2024-03-11,108.15,114.37,KAR (TP),572.05,246085.67
EOG,2024-03-12,2024-03-25,114.39,120.46,KAR (TP),527.45,246610.13
EOG,2024-04-25,2024-05-01,129.0,123.85,ZARAR (SL),-402.67,246204.46
EOG,2024-06-28,2024-07-15,119.96,126.42,KAR (TP),535.65,246737.11
EOG,2024-07-19,2024-07-23,124.04,119.86,ZARAR (SL),-339.56,246394.55
EOG,2024-08-29,2024-09-03,124.74,118.64,ZARAR (SL),-491.54,245900.01
EOG,2024-09-19,2024-09-26,120.15,115.52,ZARAR (SL),-388.78,245508.23
EOG,2024-11-08,2024-12-04,129.64,125.2,ZARAR (SL),-345.23,245160.0
EOG,2025-01-27,2025-01-31,128.46,122.45,ZARAR (SL),-470.57,244686.43
EOG,2025-02-20,2025-02-25,132.07,127.83,ZARAR (SL),-323.63,244359.8
EOG,2025-05-09,2025-06-10,109.16,115.8,KAR (TP),605.35,244962.15
EOG,2025-06-23,2025-07-21,119.84,115.38,ZARAR (SL),-374.84,244584.31
EOG,2025-08-15,2025-09-02,117.86,124.9,KAR (TP),594.53,245175.84
EOG,2025-09-16,2025-09-19,119.69,114.9,ZARAR (SL),-403.53,244769.31
EOG,2025-11-11,2025-11-25,109.34,105.47,ZARAR (SL),-356.94,244409.37
EOG,2025-12-08,2025-12-15,110.62,105.93,ZARAR (SL),-426.97,243979.4
OXY,2024-02-13,2024-02-16,55.47,58.27,KAR (TP),502.12,244478.52
OXY,2024-02-20,2024-03-14,57.35,60.47,KAR (TP),542.03,245017.55
OXY,2024-04-15,2024-04-17,66.04,63.76,ZARAR (SL),-348.33,244666.22
OXY,2024-06-24,2024-07-08,61.35,59.12,ZARAR (SL),-366.64,244296.58
OXY,2024-07-18,2024-07-22,61.81,59.37,ZARAR (SL),-398.42,243895.16
OXY,2024-10-03,2024-10-15,53.37,50.22,ZARAR (SL),-592.52,243299.64
OXY,2025-01-21,2025-01-28,49.46,47.94,ZARAR (SL),-309.63,242987.01
OXY,2025-02-19,2025-02-25,49.89,47.84,ZARAR (SL),-414.85,242569.17
OXY,2025-05-08,2025-05-12,40.75,43.13,KAR (TP),580.98,243147.15
OXY,2025-06-03,2025-06-11,41.98,44.34,KAR (TP),559.26,243703.4
OXY,2025-06-16,2025-06-23,44.83,43.46,ZARAR (SL),-307.44,243392.97
OXY,2025-07-08,2025-07-15,45.24,42.22,ZARAR (SL),-671.85,242718.12
OXY,2025-07-29,2025-07-31,44.96,43.45,ZARAR (SL),-337.36,242377.76
OXY,2025-09-03,2025-10-02,45.79,43.97,ZARAR (SL),-399.02,241975.74
OXY,2025-11-12,2025-12-15,41.69,40.19,ZARAR (SL),-362.29,241610.44
SLB,2024-04-03,2024-04-12,52.17,49.45,ZARAR (SL),-524.33,241083.12
SLB,2024-07-15,2024-08-02,45.89,43.0,ZARAR (SL),-634.78,240445.34
SLB,2024-10-17,2024-10-18,42.37,40.38,ZARAR (SL),-473.56,239968.78
SLB,2024-11-25,2024-12-05,42.14,40.73,ZARAR (SL),-337.54,239628.24
SLB,2025-01-23,2025-01-31,40.74,39.04,ZARAR (SL),-419.37,239205.87
SLB,2025-02-21,2025-03-03,40.74,38.87,ZARAR (SL),-462.99,238739.88
SLB,2025-03-27,2025-04-03,41.09,38.27,ZARAR (SL),-689.46,238047.42
SLB,2025-06-16,2025-06-23,35.35,33.2,ZARAR (SL),-610.07,237434.35
SLB,2025-07-23,2025-07-31,34.59,33.27,ZARAR (SL),-384.33,237047.01
SLB,2025-09-03,2025-09-22,34.73,33.65,ZARAR (SL),-311.57,236732.44
SLB,2025-10-22,2025-10-29,34.63,36.54,KAR (TP),550.01,237279.45
SLB,2025-12-03,2025-12-10,37.55,39.93,KAR (TP),630.82,237907.27
HAL,2024-01-26,2024-01-31,35.69,33.9,ZARAR (SL),-503.93,237398.84
HAL,2024-02-15,2024-03-14,33.61,35.94,KAR (TP),691.01,238086.85
HAL,2024-04-12,2024-04-16,37.91,36.73,ZARAR (SL),-313.06,237770.79
HAL,2024-07-15,2024-07-22,33.84,32.07,ZARAR (SL),-525.28,237242.51
HAL,2024-10-01,2024-10-17,28.91,27.95,ZARAR (SL),-333.77,236905.74
HAL,2024-11-06,2024-11-07,29.46,28.54,ZARAR (SL),-314.48,236588.26
HAL,2024-11-26,2024-12-04,30.73,29.72,ZARAR (SL),-331.55,236253.71
HAL,2025-01-22,2025-01-27,27.66,26.46,ZARAR (SL),-434.88,235815.83
HAL,2025-05-12,2025-05-20,20.78,20.03,ZARAR (SL),-365.35,235447.48
HAL,2025-06-03,2025-06-10,19.98,21.45,KAR (TP),732.44,236176.92
HAL,2025-07-08,2025-07-15,21.86,21.1,ZARAR (SL),-350.47,235823.44
HAL,2025-07-25,2025-08-01,22.14,21.3,ZARAR (SL),-381.62,235438.82
HAL,2025-08-28,2025-09-03,22.32,21.45,ZARAR (SL),-390.55,235045.28
HAL,2025-09-16,2025-09-23,22.28,24.12,KAR (TP),822.16,235864.43
HAL,2025-09-24,2025-10-09,24.29,23.25,ZARAR (SL),-428.53,235432.9
HAL,2025-10-21,2025-10-23,25.08,27.05,KAR (TP),781.47,236211.37
HAL,2025-12-03,2025-12-10,27.4,29.04,KAR (TP),595.54,236803.91
BKR,2024-02-29,2024-03-11,28.45,30.09,KAR (TP),574.9,237374.31
BKR,2024-04-25,2024-05-01,32.01,30.66,ZARAR (SL),-426.43,236944.88
BKR,2024-05-15,2024-05-23,31.87,30.78,ZARAR (SL),-343.12,236598.77
BKR,2024-06-10,2024-06-14,31.39,30.09,ZARAR (SL),-419.15,236176.61
BKR,2024-07-11,2024-07-16,33.4,35.13,KAR (TP),515.69,236689.3
BKR,2024-07-25,2024-07-26,34.43,36.43,KAR (TP),578.79,237265.09
BKR,2024-08-01,2024-08-02,36.43,34.59,ZARAR (SL),-510.3,236751.79
BKR,2024-09-19,2024-09-26,35.4,33.85,ZARAR (SL),-440.29,236308.49
BKR,2024-10-23,2024-11-06,36.02,41.85,KAR (TP),1612.8,237918.29
BKR,2025-01-03,2025-01-13,41.77,43.89,KAR (TP),505.67,238420.97
BKR,2025-01-30,2025-02-03,43.67,46.41,KAR (TP),624.8,239042.77
BKR,2025-02-04,2025-02-07,46.96,45.23,ZARAR (SL),-369.97,238669.8
BKR,2025-03-31,2025-04-03,43.24,40.2,ZARAR (SL),-706.07,237960.72
BKR,2025-06-04,2025-06-17,36.92,39.21,KAR (TP),616.47,238574.19
BKR,2025-06-20,2025-06-25,38.61,37.21,ZARAR (SL),-367.1,238204.09
BKR,2025-07-09,2025-07-23,38.94,44.23,KAR (TP),1357.28,239558.37
BKR,2025-09-15,2025-09-23,46.06,48.7,KAR (TP),569.6,240124.98
BKR,2025-09-30,2025-10-10,48.49,44.83,ZARAR (SL),-758.34,239363.64
BKR,2025-11-14,2025-12-12,48.73,46.86,ZARAR (SL),-386.75,238973.89
FTI,2024-02-15,2024-02-22,19.43,21.23,KAR (TP),926.41,239897.3
FTI,2024-03-13,2024-03-15,22.92,24.22,KAR (TP),565.23,240459.53
FTI,2024-04-09,2024-04-16,25.89,24.99,ZARAR (SL),-350.46,240106.07
FTI,2024-05-21,2024-05-22,26.34,25.15,ZARAR (SL),-454.3,239648.77
FTI,2024-06-27,2024-07-15,25.68,28.01,KAR (TP),903.29,240549.05
FTI,2024-07-17,2024-07-26,27.16,28.59,KAR (TP),525.81,241071.87
FTI,2024-07-30,2024-08-02,28.73,26.8,ZARAR (SL),-675.18,240393.68
FTI,2024-09-19,2024-09-24,26.15,27.59,KAR (TP),547.28,240937.97
FTI,2024-09-25,2024-09-26,26.62,25.07,ZARAR (SL),-588.17,240346.8
FTI,2024-11-06,2024-11-21,28.04,29.84,KAR (TP),638.45,240982.25
FTI,2024-12-09,2024-12-18,30.13,28.68,ZARAR (SL),-484.69,240494.56
FTI,2025-01-03,2025-01-29,31.16,30.0,ZARAR (SL),-376.21,240115.36
FTI,2025-03-21,2025-03-27,29.24,31.1,KAR (TP),633.92,240746.28
FTI,2025-04-03,2025-04-04,29.37,25.05,ZARAR (SL),-1471.29,239271.98
FTI,2025-05-27,2025-06-03,30.17,31.74,KAR (TP),516.01,239784.99
FTI,2025-06-24,2025-07-16,33.96,32.86,ZARAR (SL),-326.05,239455.94
FTI,2025-07-29,2025-07-31,37.41,36.28,ZARAR (SL),-306.92,239146.02
FTI,2025-08-29,2025-09-04,36.72,39.6,KAR (TP),783.18,239926.2
FTI,2025-09-19,2025-10-03,39.36,38.0,ZARAR (SL),-350.63,239572.57
FTI,2025-10-23,2025-10-24,40.87,39.44,ZARAR (SL),-352.46,239217.11
FTI,2025-11-12,2025-11-25,42.86,45.03,KAR (TP),503.35,239717.46
FTI,2025-12-01,2025-12-16,45.64,43.82,ZARAR (SL),-401.77,239312.69
NOV,2024-01-26,2024-01-30,19.85,18.77,ZARAR (SL),-546.37,238763.31
NOV,2024-03-13,2024-03-28,17.55,18.52,KAR (TP),548.35,239308.67
NOV,2024-05-16,2024-05-22,17.92,17.31,ZARAR (SL),-347.1,238958.57
NOV,2024-07-02,2024-07-09,17.61,16.86,ZARAR (SL),-425.08,238530.49
NOV,2024-07-26,2024-08-02,18.91,17.81,ZARAR (SL),-587.38,237940.11
NOV,2024-11-06,2024-11-08,16.07,15.58,ZARAR (SL),-306.75,237630.35
NOV,2024-11-19,2024-12-06,15.31,14.39,ZARAR (SL),-602.07,237025.28
NOV,2025-02-05,2025-02-06,15.8,14.89,ZARAR (SL),-581.21,236441.07
NOV,2025-05-14,2025-05-19,12.68,12.16,ZARAR (SL),-414.9,236023.17
NOV,2025-06-10,2025-06-25,13.1,12.7,ZARAR (SL),-309.29,235710.87
NOV,2025-07-25,2025-07-29,13.83,12.9,ZARAR (SL),-675.87,235032.0
NOV,2025-09-03,2025-10-03,12.85,13.64,KAR (TP),611.51,235640.51
NOV,2025-10-06,2025-10-09,13.53,13.09,ZARAR (SL),-326.77,235310.75
NOV,2025-10-23,2025-10-28,14.02,14.88,KAR (TP),614.9,235922.64
NOV,2025-11-12,2025-11-20,15.33,14.31,ZARAR (SL),-665.34,235254.31
NOV,2025-12-03,2025-12-16,16.24,15.32,ZARAR (SL),-572.35,234678.95
TDW,2024-02-15,2024-02-22,69.55,73.03,KAR (TP),497.36,235173.31
TDW,2024-02-29,2024-03-01,70.03,80.09,KAR (TP),1433.53,236603.84
TDW,2024-03-06,2024-03-13,79.32,86.26,KAR (TP),871.94,237472.78
TDW,2024-05-03,2024-05-13,106.51,103.26,ZARAR (SL),-308.14,237161.64
TDW,2024-06-10,2024-06-14,105.86,96.99,ZARAR (SL),-840.9,236317.74
TDW,2024-07-25,2024-07-29,100.06,95.89,ZARAR (SL),-419.75,235894.99
TDW,2024-12-17,2024-12-18,52.54,49.42,ZARAR (SL),-596.83,235295.16
TDW,2024-12-30,2025-01-03,53.2,56.46,KAR (TP),609.78,235901.94
TDW,2025-01-22,2025-01-28,55.05,53.26,ZARAR (SL),-328.16,235570.78
TDW,2025-05-27,2025-05-30,41.33,39.71,ZARAR (SL),-394.97,235172.81
TDW,2025-06-09,2025-06-11,45.51,48.13,KAR (TP),572.7,235742.51
TDW,2025-06-23,2025-07-01,44.82,47.7,KAR (TP),639.57,236379.08
TDW,2025-07-02,2025-07-08,47.72,51.83,KAR (TP),858.27,237234.36
TDW,2025-07-17,2025-07-23,48.62,51.65,KAR (TP),620.2,237851.56
TDW,2025-07-30,2025-08-01,50.93,47.53,ZARAR (SL),-670.58,237177.97
TDW,2025-08-13,2025-08-22,56.22,60.83,KAR (TP),816.99,237991.97
TDW,2025-11-07,2025-11-11,52.9,58.92,KAR (TP),1135.0,239123.96
TDW,2025-11-12,2025-11-13,54.69,57.46,KAR (TP),503.49,239624.45
TDW,2025-11-21,2025-12-03,53.75,59.75,KAR (TP),1113.28,240734.73
PAGP,2024-01-26,2024-01-31,14.67,14.2,ZARAR (SL),-325.71,240406.02
PAGP,2024-02-20,2024-03-20,14.83,15.72,KAR (TP),594.63,240997.66
PAGP,2024-03-22,2024-04-03,15.64,16.56,KAR (TP),586.22,241580.88
PAGP,2024-04-22,2024-05-01,16.4,15.87,ZARAR (SL),-327.35,241250.53
PAGP,2024-06-26,2024-07-03,16.6,17.67,KAR (TP),636.78,241884.31
PAGP,2024-07-22,2024-07-24,17.83,17.24,ZARAR (SL),-338.34,241542.97
PAGP,2024-08-29,2024-09-10,17.24,16.64,ZARAR (SL),-350.37,241189.61
PAGP,2024-10-11,2024-10-21,17.12,16.59,ZARAR (SL),-315.67,240870.94
PAGP,2024-11-07,2024-11-12,17.39,16.54,ZARAR (SL),-491.84,240376.1
PAGP,2024-12-02,2024-12-16,18.11,17.41,ZARAR (SL),-390.76,239982.34
PAGP,2025-01-08,2025-01-16,18.42,19.86,KAR (TP),779.74,240759.08
PAGP,2025-01-31,2025-03-05,19.89,19.11,ZARAR (SL),-390.71,240365.37
PAGP,2025-03-27,2025-04-03,20.18,19.42,ZARAR (SL),-380.45,239981.93
PAGP,2025-05-08,2025-05-29,17.51,16.95,ZARAR (SL),-320.98,239657.95
PAGP,2025-06-09,2025-06-18,17.83,18.96,KAR (TP),626.71,240281.66
PAGP,2025-06-24,2025-09-19,18.54,17.89,ZARAR (SL),-355.78,239922.88
PAGP,2025-11-06,2025-11-24,17.25,18.19,KAR (TP),541.93,240461.81
PAA,2024-01-30,2024-02-02,13.77,13.31,ZARAR (SL),-338.44,240118.87
PAA,2024-02-12,2024-03-01,13.74,14.46,KAR (TP),516.97,240632.84
PAA,2024-03-14,2024-03-28,14.45,15.3,KAR (TP),588.08,241217.92
PAA,2024-04-10,2024-04-15,15.8,15.26,ZARAR (SL),-344.97,240869.94
PAA,2024-06-24,2024-07-02,15.59,16.46,KAR (TP),554.77,241421.71
PAA,2024-09-13,2024-10-21,15.98,15.44,ZARAR (SL),-341.79,241076.92
PAA,2024-11-06,2024-11-12,16.03,15.55,ZARAR (SL),-307.08,240766.85
PAA,2025-01-31,2025-03-05,18.55,17.75,ZARAR (SL),-432.29,240331.56
PAA,2025-05-12,2025-05-29,16.41,15.9,ZARAR (SL),-312.4,240016.16
PAA,2025-06-10,2025-07-08,16.92,17.8,KAR (TP),512.0,240525.15
PAA,2025-07-18,2025-08-04,18.11,17.53,ZARAR (SL),-324.46,240197.69
PAA,2025-09-24,2025-09-30,17.38,16.68,ZARAR (SL),-407.95,239786.74
PAA,2025-11-10,2025-12-03,16.67,17.71,KAR (TP),620.87,240404.62
WES,2024-01-31,2024-02-20,24.42,26.19,KAR (TP),720.98,241121.1
WES,2024-02-21,2024-02-22,25.66,28.56,KAR (TP),1130.2,242248.3
WES,2024-03-15,2024-05-03,29.35,30.96,KAR (TP),542.93,242788.23
WES,2024-05-08,2024-05-14,30.93,33.02,KAR (TP),673.06,243458.28
WES,2024-05-31,2024-06-10,32.52,34.25,KAR (TP),530.23,243985.51
WES,2024-06-21,2024-07-01,33.5,35.36,KAR (TP),550.97,244533.47
WES,2024-09-13,2024-09-26,35.23,33.78,ZARAR (SL),-414.93,244115.55
WES,2024-10-07,2024-10-17,35.48,34.29,ZARAR (SL),-339.26,243773.29
WES,2024-11-14,2024-11-29,34.43,37.1,KAR (TP),772.54,244542.83
WES,2024-12-09,2024-12-18,36.08,34.85,ZARAR (SL),-344.0,244195.83
WES,2025-01-13,2025-01-21,36.42,39.09,KAR (TP),730.23,244923.07
WES,2025-01-27,2025-03-04,37.52,36.05,ZARAR (SL),-396.25,244523.82
WES,2025-03-21,2025-04-04,38.43,34.46,ZARAR (SL),-1037.65,243483.17
WES,2025-05-09,2025-05-13,35.42,37.58,KAR (TP),606.0,244086.17
WES,2025-06-26,2025-07-17,36.64,38.74,KAR (TP),572.82,244655.99
WES,2025-07-21,2025-10-10,37.6,36.38,ZARAR (SL),-327.58,244325.41
WMB,2024-02-21,2024-03-05,32.08,33.94,KAR (TP),576.58,244897.5
WMB,2024-04-10,2024-04-16,36.44,35.29,ZARAR (SL),-319.36,244575.14
WMB,2024-05-06,2024-05-17,36.61,38.68,KAR (TP),562.8,245134.93
WMB,2024-05-31,2024-06-24,38.91,40.88,KAR (TP),502.93,245634.87
WMB,2024-06-28,2024-07-22,40.3,42.45,KAR (TP),531.12,246162.98
WMB,2024-07-23,2024-07-24,41.79,40.29,ZARAR (SL),-363.71,245796.28
WMB,2024-08-07,2024-08-23,40.77,42.94,KAR (TP),529.56,246322.83
WMB,2024-09-04,2024-09-23,42.15,44.29,KAR (TP),505.91,246825.74
WMB,2024-09-24,2024-10-04,44.11,47.56,KAR (TP),779.1,247601.84
WMB,2024-10-31,2024-11-06,50.18,53.02,KAR (TP),562.21,248161.05
WMB,2024-11-13,2024-11-19,53.28,56.15,KAR (TP),536.57,248694.62
WMB,2024-11-26,2024-12-02,55.93,54.09,ZARAR (SL),-331.94,248359.68
WMB,2025-01-13,2025-01-16,54.16,57.2,KAR (TP),559.2,248915.88
WMB,2025-02-28,2025-03-05,56.24,54.34,ZARAR (SL),-339.88,248573.0
WMB,2025-03-21,2025-04-04,58.12,53.22,ZARAR (SL),-846.96,247723.04
WMB,2025-05-06,2025-06-26,57.25,61.83,KAR (TP),797.27,248517.31
WMB,2025-06-27,2025-07-01,61.63,57.75,ZARAR (SL),-633.29,247881.02
WMB,2025-07-31,2025-08-07,58.96,56.93,ZARAR (SL),-346.62,247531.4
WMB,2025-09-16,2025-09-23,57.47,60.89,KAR (TP),590.62,248119.02
WMB,2025-11-21,2025-12-04,59.12,63.14,KAR (TP),676.42,248792.44
WMB,2025-12-05,2025-12-10,62.29,60.0,ZARAR (SL),-370.78,248418.66
KMI,2024-02-16,2024-03-11,15.74,16.53,KAR (TP),499.63,248915.29
KMI,2024-03-14,2024-04-03,16.15,17.06,KAR (TP),560.78,249473.07
KMI,2024-04-18,2024-05-09,16.75,17.76,KAR (TP),599.79,250069.86
KMI,2024-05-31,2024-07-17,18.21,19.18,KAR (TP),530.61,250597.47
KMI,2024-07-24,2024-08-05,19.66,19.01,ZARAR (SL),-335.62,250258.85
KMI,2024-08-30,2024-09-11,20.42,19.72,ZARAR (SL),-346.07,249909.78
KMI,2024-09-25,2024-10-03,20.91,22.11,KAR (TP),567.39,250474.17
KMI,2024-11-05,2024-11-06,23.67,25.24,KAR (TP),660.7,251131.87
KMI,2024-12-05,2024-12-09,26.79,25.96,ZARAR (SL),-314.05,250814.82
KMI,2025-01-02,2025-01-16,26.92,28.79,KAR (TP),690.7,251502.53
KMI,2025-03-21,2025-04-04,27.03,24.48,ZARAR (SL),-948.22,250551.31
KMI,2025-05-05,2025-06-02,26.29,28.03,KAR (TP),659.45,251207.75
KMI,2025-06-20,2025-07-21,27.41,26.53,ZARAR (SL),-324.31,250880.44
KMI,2025-08-04,2025-08-06,27.96,26.45,ZARAR (SL),-544.02,250333.42
KMI,2025-09-19,2025-10-23,27.11,25.96,ZARAR (SL),-429.7,249900.73
ETN,2024-01-29,2024-02-01,243.23,258.73,KAR (TP),634.26,250530.49
ETN,2024-03-13,2024-03-21,294.53,309.52,KAR (TP),505.92,251033.41
ETN,2024-03-26,2024-04-05,306.15,324.23,KAR (TP),587.55,251617.97
ETN,2024-04-09,2024-04-19,307.9,297.26,ZARAR (SL),-348.69,251266.28
ETN,2024-04-29,2024-05-01,320.3,306.1,ZARAR (SL),-446.48,250816.8
ETN,2024-05-31,2024-06-04,327.5,311.09,ZARAR (SL),-504.13,250309.67
ETN,2024-07-10,2024-07-17,321.81,306.49,ZARAR (SL),-479.04,249827.63
ETN,2024-09-11,2024-09-18,293.35,310.63,KAR (TP),586.28,250410.91
ETN,2024-09-19,2024-10-14,324.72,341.2,KAR (TP),504.42,250912.33
ETN,2024-10-15,2024-11-06,333.72,355.59,KAR (TP),652.27,251561.6
ETN,2024-11-07,2024-12-17,356.96,343.61,ZARAR (SL),-376.86,251181.73
ETN,2025-05-02,2025-05-12,297.8,321.15,KAR (TP),781.14,251959.88
ETN,2025-05-30,2025-06-16,319.27,337.03,KAR (TP),553.21,252510.09
ETN,2025-06-18,2025-06-27,333.89,352.2,KAR (TP),545.59,253052.68
ETN,2025-07-21,2025-07-28,372.57,391.62,KAR (TP),508.16,253557.84
ETN,2025-08-01,2025-08-05,380.18,355.41,ZARAR (SL),-654.47,252900.37
ETN,2025-09-11,2025-09-22,360.08,378.31,KAR (TP),503.28,253400.65
ETN,2025-09-23,2025-10-29,368.52,387.75,KAR (TP),518.82,253916.46
ETN,2025-10-30,2025-11-11,383.09,367.91,ZARAR (SL),-399.25,253514.21
AOS,2024-02-29,2024-03-15,80.25,84.31,KAR (TP),502.43,254013.64
AOS,2024-03-18,2024-04-25,83.12,80.17,ZARAR (SL),-357.06,253653.57
AOS,2024-06-24,2024-06-28,82.05,79.47,ZARAR (SL),-316.87,253333.7
AOS,2024-07-10,2024-07-12,80.65,85.35,KAR (TP),580.2,253910.91
AOS,2024-07-15,2024-07-23,85.32,78.2,ZARAR (SL),-837.85,253070.06
AOS,2024-09-16,2024-09-25,79.69,83.73,KAR (TP),503.73,253570.79
AOS,2024-10-08,2024-10-11,84.33,78.88,ZARAR (SL),-648.46,252919.33
AOS,2025-01-17,2025-01-29,70.36,67.82,ZARAR (SL),-363.67,252552.65
AOS,2025-03-05,2025-04-03,65.49,62.69,ZARAR (SL),-430.07,252119.59
AOS,2025-04-30,2025-05-28,67.17,63.58,ZARAR (SL),-537.92,251578.66
AOS,2025-07-16,2025-07-24,67.36,73.19,KAR (TP),862.54,252438.2
AOS,2025-07-25,2025-10-10,71.33,67.38,ZARAR (SL),-555.76,251879.44
EMR,2024-02-08,2024-03-01,98.8,104.88,KAR (TP),612.07,252487.0
EMR,2024-05-31,2024-06-04,109.28,104.12,ZARAR (SL),-474.65,252009.36
EMR,2024-07-02,2024-07-15,106.46,113.96,KAR (TP),701.68,252708.03
EMR,2024-07-19,2024-08-02,112.71,106.4,ZARAR (SL),-562.3,252142.73
EMR,2024-09-17,2024-09-27,101.74,106.95,KAR (TP),509.03,252648.76
EMR,2025-01-21,2025-02-05,127.31,122.67,ZARAR (SL),-367.53,252278.23
EMR,2025-05-06,2025-05-12,105.92,117.91,KAR (TP),1128.72,253403.95
EMR,2025-05-30,2025-06-09,118.4,124.57,KAR (TP),518.03,253918.98
EMR,2025-07-30,2025-08-05,144.86,139.41,ZARAR (SL),-378.87,253537.11
EMR,2025-09-05,2025-10-10,131.98,125.47,ZARAR (SL),-496.4,253037.71
EMR,2025-10-27,2025-11-07,133.88,128.93,ZARAR (SL),-372.63,252662.08
EMR,2025-12-04,2025-12-17,136.64,131.64,ZARAR (SL),-368.93,252290.15
PCAR,2024-03-14,2024-03-19,108.2,113.64,KAR (TP),499.56,252786.72
PCAR,2024-04-03,2024-04-17,113.1,108.88,ZARAR (SL),-375.86,252407.86
PCAR,2024-05-31,2024-06-27,101.25,97.92,ZARAR (SL),-331.37,252073.48
PCAR,2024-07-17,2024-07-23,102.86,91.45,ZARAR (SL),-1111.87,250958.61
PCAR,2024-09-03,2024-09-05,90.29,87.47,ZARAR (SL),-315.89,250639.72
PCAR,2024-09-17,2024-10-04,92.59,97.71,KAR (TP),550.12,251186.84
PCAR,2024-10-22,2024-11-06,99.01,109.61,KAR (TP),1067.71,252251.55
PCAR,2024-11-25,2024-12-12,110.4,106.86,ZARAR (SL),-323.92,251924.63
PCAR,2025-01-21,2025-02-07,107.3,103.32,ZARAR (SL),-374.45,251547.18
PCAR,2025-03-06,2025-03-12,104.49,100.03,ZARAR (SL),-429.61,251114.57
PCAR,2025-05-15,2025-06-02,94.14,90.02,ZARAR (SL),-440.64,250670.94
PCAR,2025-06-26,2025-07-23,93.07,99.18,KAR (TP),653.62,251321.55
PCAR,2025-07-24,2025-08-01,99.49,94.64,ZARAR (SL),-491.02,250827.53
PCAR,2025-08-22,2025-09-03,99.89,94.69,ZARAR (SL),-523.2,250301.34
PCAR,2025-09-15,2025-09-22,100.55,95.53,ZARAR (SL),-502.17,249796.17
PCAR,2025-10-20,2025-11-17,95.93,92.97,ZARAR (SL),-311.98,249481.19
PCAR,2025-12-01,2025-12-05,102.66,108.94,KAR (TP),608.71,250086.9
ROK,2024-03-04,2024-03-18,279.57,269.87,ZARAR (SL),-350.02,249732.38
ROK,2024-04-12,2024-04-18,276.32,265.34,ZARAR (SL),-400.45,249328.94
ROK,2024-06-24,2024-07-12,259.14,276.17,KAR (TP),654.46,249980.4
ROK,2024-08-21,2024-09-04,260.08,251.38,ZARAR (SL),-337.78,249639.63
ROK,2024-09-19,2024-09-25,262.71,252.73,ZARAR (SL),-382.9,249253.73
ROK,2024-10-28,2024-11-06,265.75,287.95,KAR (TP),832.52,250083.24
ROK,2024-11-07,2024-11-22,271.39,286.18,KAR (TP),542.23,250622.47
ROK,2024-11-25,2024-12-18,293.9,283.06,ZARAR (SL),-371.6,250247.87
ROK,2025-01-21,2025-01-29,286.1,274.42,ZARAR (SL),-411.23,249833.65
ROK,2025-02-10,2025-02-25,297.48,285.38,ZARAR (SL),-409.81,249420.84
ROK,2025-06-20,2025-07-01,318.99,336.08,KAR (TP),532.8,249950.64
ROK,2025-07-07,2025-07-17,336.4,353.83,KAR (TP),515.1,250462.74
ROK,2025-07-22,2025-08-06,350.98,326.21,ZARAR (SL),-708.56,249751.18
ROK,2025-09-08,2025-10-10,343.41,332.53,ZARAR (SL),-319.83,249428.35
ROK,2025-11-04,2025-11-10,358.53,389.81,KAR (TP),869.31,250294.66
ROK,2025-11-13,2025-11-18,378.3,366.01,ZARAR (SL),-327.89,249963.77
ROK,2025-12-04,2025-12-17,403.89,389.54,ZARAR (SL),-358.29,249602.48
SWK,2024-03-08,2024-03-15,85.11,82.01,ZARAR (SL),-367.01,249232.46
SWK,2024-03-25,2024-04-12,87.85,85.11,ZARAR (SL),-315.4,248914.06
SWK,2024-07-11,2024-07-26,81.64,89.62,KAR (TP),974.8,249885.86
SWK,2024-08-01,2024-08-05,95.32,89.88,ZARAR (SL),-573.44,249309.42
SWK,2024-09-05,2024-09-18,93.12,99.28,KAR (TP),658.86,249965.27
SWK,2024-09-19,2024-10-23,102.26,97.78,ZARAR (SL),-440.88,249521.39
SWK,2025-01-17,2025-01-23,80.51,84.54,KAR (TP),497.77,250016.17
SWK,2025-01-28,2025-02-03,84.88,81.37,ZARAR (SL),-416.1,249597.06
SWK,2025-03-07,2025-03-11,85.84,79.94,ZARAR (SL),-689.75,248904.32
SWK,2025-06-30,2025-07-02,66.22,69.94,KAR (TP),559.36,249460.68
SWK,2025-07-22,2025-07-29,71.15,67.06,ZARAR (SL),-578.55,248879.13
SWK,2025-08-13,2025-08-21,74.26,71.47,ZARAR (SL),-378.1,248498.03
SWK,2025-09-03,2025-09-05,72.0,77.51,KAR (TP),761.59,249256.61
SWK,2025-09-08,2025-09-22,77.51,74.15,ZARAR (SL),-436.56,248817.05
SWK,2025-12-03,2025-12-11,72.53,76.54,KAR (TP),549.87,249363.92
TDY,2024-03-28,2024-04-08,429.32,414.57,ZARAR (SL),-346.57,249012.86
TDY,2024-05-23,2024-05-29,400.98,385.94,ZARAR (SL),-378.08,248631.78
TDY,2024-07-11,2024-07-24,393.99,417.0,KAR (TP),581.03,249209.8
TDY,2024-08-02,2024-08-30,410.54,432.8,KAR (TP),539.21,249746.01
TDY,2024-09-03,2024-10-02,420.0,443.17,KAR (TP),548.67,250291.68
TDY,2024-10-07,2024-10-23,436.59,470.09,KAR (TP),764.31,251052.99
TDY,2024-10-31,2024-11-06,455.32,480.74,KAR (TP),555.29,251605.28
TDY,2024-11-15,2025-01-06,470.15,455.51,ZARAR (SL),-314.39,251287.89
TDY,2025-01-17,2025-01-22,473.89,511.67,KAR (TP),794.23,252079.12
TDY,2025-03-03,2025-03-04,512.96,492.96,ZARAR (SL),-392.89,251683.23
TDY,2025-03-21,2025-04-03,501.82,471.6,ZARAR (SL),-605.21,251075.02
TDY,2025-05-02,2025-06-09,478.83,505.36,KAR (TP),551.06,251623.08
TDY,2025-06-10,2025-07-10,500.56,527.52,KAR (TP),535.6,252155.67
TDY,2025-08-04,2025-09-30,552.26,586.04,KAR (TP),608.67,252761.34
TDY,2025-10-01,2025-10-22,575.07,543.73,ZARAR (SL),-547.98,252210.36
RSG,2024-02-13,2024-02-23,172.33,181.52,KAR (TP),530.57,252736.43
RSG,2024-03-15,2024-07-05,182.83,192.32,KAR (TP),516.02,253249.45
RSG,2024-07-23,2024-07-25,196.41,186.84,ZARAR (SL),-490.34,252756.11
RSG,2024-08-07,2024-11-08,198.9,209.4,KAR (TP),524.96,253278.06
RSG,2024-11-11,2024-12-18,209.63,201.36,ZARAR (SL),-397.67,252877.39
RSG,2025-01-29,2025-02-11,210.72,221.58,KAR (TP),512.29,253386.68
RSG,2025-02-18,2025-03-31,226.84,240.35,KAR (TP),592.49,253976.17
RSG,2025-04-09,2025-05-07,238.04,250.52,KAR (TP),521.53,254494.7
RSG,2025-05-22,2025-07-02,249.72,237.04,ZARAR (SL),-510.78,253980.93
WM,2024-02-09,2024-02-13,183.46,193.79,KAR (TP),559.85,254536.28
WM,2024-04-02,2024-05-29,205.8,199.03,ZARAR (SL),-332.21,254201.07
WM,2024-09-03,2024-09-18,204.9,198.25,ZARAR (SL),-327.21,253870.86
WM,2024-10-23,2024-11-08,208.0,220.09,KAR (TP),578.68,254446.54
WM,2024-11-12,2024-11-15,220.74,213.99,ZARAR (SL),-309.08,254134.46
WM,2024-11-25,2024-12-09,221.6,214.28,ZARAR (SL),-333.14,253798.32
WM,2025-01-29,2025-01-30,206.48,219.17,KAR (TP),611.65,254406.97
WM,2025-01-31,2025-02-28,217.03,229.37,KAR (TP),565.42,254969.39
WM,2025-03-04,2025-03-12,226.59,219.59,ZARAR (SL),-311.75,254654.64
WM,2025-04-28,2025-05-30,226.56,238.32,KAR (TP),516.03,255167.67
WM,2025-07-29,2025-08-14,233.77,224.44,ZARAR (SL),-402.47,254762.2
WM,2025-10-10,2025-10-28,218.41,203.44,ZARAR (SL),-688.06,254071.14
CARR,2024-02-02,2024-02-06,55.54,53.12,ZARAR (SL),-438.01,253628.63
CARR,2024-02-29,2024-03-07,54.37,58.25,KAR (TP),711.28,254336.91
CARR,2024-03-08,2024-04-04,56.78,54.63,ZARAR (SL),-381.98,253951.93
CARR,2024-04-25,2024-05-06,58.5,62.86,KAR (TP),740.98,254689.91
CARR,2024-06-24,2024-07-01,63.6,60.92,ZARAR (SL),-425.4,254261.5
CARR,2024-07-11,2024-07-16,65.36,68.77,KAR (TP),519.51,254778.02
CARR,2024-07-17,2024-07-25,66.51,63.8,ZARAR (SL),-409.92,254365.09
CARR,2024-08-15,2024-08-30,67.31,71.63,KAR (TP),637.35,254999.44
CARR,2024-09-03,2024-09-11,68.95,72.5,KAR (TP),512.27,255508.71
CARR,2024-09-12,2024-09-19,74.17,79.29,KAR (TP),686.93,256192.64
CARR,2024-10-09,2024-10-24,80.78,71.74,ZARAR (SL),-1121.42,255068.22
CARR,2024-11-21,2024-12-06,75.0,72.69,ZARAR (SL),-310.86,254754.37
CARR,2025-01-21,2025-01-27,69.85,66.76,ZARAR (SL),-445.24,254306.13
CARR,2025-03-07,2025-03-13,66.72,63.61,ZARAR (SL),-468.94,253834.18
CARR,2025-06-27,2025-07-23,73.17,79.31,KAR (TP),835.12,254666.3
CARR,2025-10-21,2025-10-22,59.59,56.52,ZARAR (SL),-517.88,254145.43
