Sembol,Alis_Tarihi,Satis_Tarihi,Alis_Fiyati,Satis_Fiyati,Sonuc,Net_PNL,Kasa_Etkisi
AAPL,2024-04-11,2024-04-16,173.62,168.01,ZARAR (SL),-326.35,9670.65
AAPL,2024-04-29,2024-05-03,172.1,181.9,KAR (TP),566.45,10234.1
AAPL,2024-05-06,2024-05-20,180.24,189.75,KAR (TP),524.71,10755.81
AAPL,2024-06-05,2024-06-11,194.55,205.75,KAR (TP),572.89,11325.7
AAPL,2024-06-20,2024-07-02,208.27,218.78,KAR (TP),502.06,11824.76
AAPL,2024-09-03,2024-10-18,221.52,233.68,KAR (TP),546.0,12367.76
AAPL,2024-10-23,2024-11-01,229.47,221.66,ZARAR (SL),-343.18,12021.58
AAPL,2025-02-21,2025-02-27,244.71,236.49,ZARAR (SL),-338.98,11679.6
AAPL,2025-05-02,2025-05-05,204.65,198.21,ZARAR (SL),-317.58,11359.01
AAPL,2025-05-12,2025-05-21,210.35,201.67,ZARAR (SL),-415.73,10940.28
AAPL,2025-06-23,2025-07-02,201.08,211.99,KAR (TP),539.93,11477.21
AAPL,2025-08-06,2025-08-08,212.8,228.87,KAR (TP),751.98,12226.19
AAPL,2025-08-11,2025-09-04,226.96,239.55,KAR (TP),551.63,12774.82
AAPL,2025-09-05,2025-09-10,239.46,226.57,ZARAR (SL),-541.2,12230.62
AAPL,2025-09-12,2025-09-22,233.84,255.83,KAR (TP),937.32,13164.94
AAPL,2025-10-20,2025-11-11,261.99,275.25,KAR (TP),503.29,13665.22
AAPL,2025-11-21,2025-12-02,271.49,286.19,KAR (TP),538.46,14200.68
MSFT,2024-01-31,2024-02-09,391.74,414.37,KAR (TP),574.74,14770.93
MSFT,2024-02-13,2024-03-21,400.35,423.84,KAR (TP),583.83,15351.75
MSFT,2024-03-28,2024-04-18,415.31,399.07,ZARAR (SL),-394.0,14954.76
MSFT,2024-05-15,2024-06-17,418.39,443.4,KAR (TP),594.76,15546.52
MSFT,2024-07-10,2024-07-16,461.08,444.54,ZARAR (SL),-361.82,15181.69
MSFT,2024-08-30,2024-09-06,413.26,397.96,ZARAR (SL),-373.14,14805.56
MSFT,2024-09-11,2024-10-07,419.1,405.73,ZARAR (SL),-322.12,14480.44
MSFT,2024-11-06,2024-12-05,416.27,439.38,KAR (TP),552.14,15029.58
MSFT,2024-12-18,2024-12-31,434.19,418.41,ZARAR (SL),-366.29,14660.29
MSFT,2025-01-22,2025-01-30,442.93,411.95,ZARAR (SL),-702.46,13954.82
MSFT,2025-04-09,2025-04-16,388.41,369.63,ZARAR (SL),-486.5,13465.33
MSFT,2025-04-30,2025-05-01,393.15,423.13,KAR (TP),759.54,14221.86
MSFT,2025-06-05,2025-06-25,466.04,490.54,KAR (TP),522.79,14741.65
MSFT,2025-07-18,2025-08-04,508.26,533.76,KAR (TP),498.72,15237.37
MSFT,2025-08-06,2025-08-20,523.1,503.95,ZARAR (SL),-369.14,14865.23
MSFT,2025-09-19,2025-11-06,516.96,496.17,ZARAR (SL),-405.18,14457.05
GOOGL,2024-03-18,2024-04-01,146.57,154.32,KAR (TP),525.85,14978.4
GOOGL,2024-04-04,2024-04-11,149.4,158.21,KAR (TP),586.92,15562.32
GOOGL,2024-04-19,2024-04-26,152.93,170.66,KAR (TP),1156.06,16715.38
GOOGL,2024-04-29,2024-05-17,164.9,174.74,KAR (TP),593.45,17305.83
GOOGL,2024-06-03,2024-06-25,171.87,182.86,KAR (TP),636.33,17939.16
GOOGL,2024-06-28,2024-07-24,180.99,171.53,ZARAR (SL),-525.64,17410.51
GOOGL,2024-09-20,2024-10-30,162.77,173.58,KAR (TP),661.47,18068.98
GOOGL,2024-10-31,2024-11-07,170.25,179.84,KAR (TP),560.38,18626.36
GOOGL,2024-11-14,2024-11-21,174.69,166.78,ZARAR (SL),-455.79,18167.57
GOOGL,2024-12-04,2024-12-10,173.49,184.45,KAR (TP),628.54,18793.12
GOOGL,2024-12-18,2025-01-21,187.67,197.28,KAR (TP),509.21,19299.33
GOOGL,2025-01-22,2025-01-27,197.6,191.06,ZARAR (SL),-333.7,18962.63
GOOGL,2025-01-30,2025-02-05,200.09,190.58,ZARAR (SL),-477.93,18481.7
GOOGL,2025-05-12,2025-05-19,158.02,166.08,KAR (TP),506.91,18985.6
GOOGL,2025-05-20,2025-05-27,163.53,172.42,KAR (TP),540.97,19523.57
GOOGL,2025-06-27,2025-07-21,178.25,189.81,KAR (TP),645.07,20165.64
GOOGL,2025-08-08,2025-08-28,201.11,211.31,KAR (TP),504.4,20667.04
GOOGL,2025-09-02,2025-09-03,211.02,230.3,KAR (TP),910.65,21574.69
GOOGL,2025-10-22,2025-10-27,251.53,269.09,KAR (TP),695.48,22267.17
GOOGL,2025-11-07,2025-11-19,278.65,292.62,KAR (TP),498.38,22762.55
GOOGL,2025-11-20,2025-11-24,289.26,318.37,KAR (TP),1003.39,23762.94
GOOGL,2025-11-26,2025-12-12,319.74,309.29,ZARAR (SL),-329.85,23430.08
GOOG,2024-03-18,2024-04-01,147.37,155.33,KAR (TP),537.14,23964.22
GOOG,2024-04-04,2024-04-11,150.81,159.59,KAR (TP),579.47,24540.69
GOOG,2024-04-15,2024-04-26,155.17,172.4,KAR (TP),1107.47,25645.16
GOOG,2024-04-29,2024-05-17,166.65,175.97,KAR (TP),556.26,26198.42
GOOG,2024-06-10,2024-06-25,175.51,184.41,KAR (TP),503.71,26699.13
GOOG,2024-06-28,2024-07-10,182.26,191.44,KAR (TP),500.76,27196.89
GOOG,2024-10-25,2024-10-30,166.15,175.26,KAR (TP),544.94,27738.83
GOOG,2024-10-31,2024-11-07,171.83,181.37,KAR (TP),552.33,28288.16
GOOG,2024-11-15,2024-11-22,173.02,165.74,ZARAR (SL),-423.96,27861.2
GOOG,2024-12-04,2024-12-10,175.21,185.81,KAR (TP),601.9,28460.1
GOOG,2024-12-18,2025-01-22,189.41,199.25,KAR (TP),516.59,28973.69
GOOG,2025-01-23,2025-02-05,198.81,192.55,ZARAR (SL),-317.66,28653.03
GOOG,2025-05-12,2025-05-19,159.14,167.41,KAR (TP),516.49,29166.52
GOOG,2025-05-20,2025-05-27,164.87,173.5,KAR (TP),520.83,29684.35
GOOG,2025-06-18,2025-06-20,173.71,167.47,ZARAR (SL),-362.24,29319.11
GOOG,2025-06-27,2025-07-21,177.99,190.85,KAR (TP),719.5,30035.61
GOOG,2025-09-02,2025-09-03,211.66,230.74,KAR (TP),898.46,30931.07
GOOG,2025-10-01,2025-10-10,245.38,237.34,ZARAR (SL),-330.85,30597.22
GOOG,2025-10-22,2025-10-27,252.37,269.75,KAR (TP),686.03,31280.25
GOOG,2025-11-07,2025-11-21,279.52,299.45,KAR (TP),710.26,31987.51
GOOG,2025-11-26,2025-12-15,320.07,309.32,ZARAR (SL),-338.9,31645.61
AMZN,2024-01-30,2024-02-02,159.0,171.81,KAR (TP),802.66,32445.27
AMZN,2024-02-13,2024-03-01,168.64,178.22,KAR (TP),565.07,33007.34
AMZN,2024-03-14,2024-04-11,178.75,189.05,KAR (TP),573.22,33577.57
AMZN,2024-04-12,2024-04-18,186.13,179.22,ZARAR (SL),-374.25,33200.32
AMZN,2024-05-02,2024-05-31,184.72,176.44,ZARAR (SL),-451.25,32746.08
AMZN,2024-06-20,2024-06-27,186.1,197.85,KAR (TP),628.38,33371.46
AMZN,2024-06-28,2024-07-18,193.25,183.75,ZARAR (SL),-494.59,32873.87
AMZN,2024-08-30,2024-09-06,178.5,171.39,ZARAR (SL),-401.32,32469.55
AMZN,2024-09-10,2024-09-19,179.55,189.87,KAR (TP),571.77,33038.32
AMZN,2024-09-20,2024-10-01,191.6,185.13,ZARAR (SL),-340.68,32694.63
AMZN,2024-10-29,2024-11-06,190.83,207.09,KAR (TP),849.07,33540.7
AMZN,2024-11-15,2024-12-03,202.61,213.44,KAR (TP),531.52,34069.23
AMZN,2024-12-04,2024-12-11,218.16,230.26,KAR (TP),551.64,34617.86
AMZN,2024-12-18,2025-01-22,220.52,235.01,KAR (TP),654.08,35268.95
AMZN,2025-01-27,2025-02-18,235.42,226.65,ZARAR (SL),-375.53,34890.42
AMZN,2025-05-02,2025-05-12,189.98,208.64,KAR (TP),979.21,35866.63
AMZN,2025-05-15,2025-06-09,205.17,216.98,KAR (TP),572.62,36436.25
AMZN,2025-06-11,2025-07-11,213.2,225.02,KAR (TP),551.41,36984.66
AMZN,2025-07-31,2025-08-01,234.11,214.75,ZARAR (SL),-829.96,36151.7
AMZN,2025-08-14,2025-08-20,230.98,223.81,ZARAR (SL),-313.42,35835.28
AMZN,2025-09-04,2025-09-12,235.68,228.15,ZARAR (SL),-322.5,35509.78
AMZN,2025-09-16,2025-09-23,234.05,220.71,ZARAR (SL),-572.96,34933.82
AMZN,2025-10-21,2025-10-31,222.03,244.22,KAR (TP),996.41,35927.23
NVDA,2024-02-20,2024-02-22,69.41,78.49,KAR (TP),1305.24,37229.47
NVDA,2024-03-08,2024-03-12,87.48,91.87,KAR (TP),497.98,37724.46
NVDA,2024-03-13,2024-03-14,90.84,87.9,ZARAR (SL),-326.92,37394.54
NVDA,2024-03-15,2024-03-22,87.79,94.24,KAR (TP),731.54,38123.08
NVDA,2024-08-22,2024-08-29,123.69,117.54,ZARAR (SL),-500.01,37620.07
NVDA,2024-09-12,2024-09-18,119.1,113.33,ZARAR (SL),-487.3,37129.77
NVDA,2024-10-07,2024-10-10,127.68,134.76,KAR (TP),552.12,37678.89
NVDA,2024-10-15,2024-10-21,131.55,143.66,KAR (TP),917.21,38593.1
NVDA,2024-11-06,2024-11-18,145.56,140.1,ZARAR (SL),-377.98,38212.13
NVDA,2024-11-19,2024-11-22,146.96,141.9,ZARAR (SL),-347.19,37861.93
NVDA,2024-12-04,2024-12-09,145.09,138.77,ZARAR (SL),-438.47,37420.46
NVDA,2025-01-06,2025-01-07,149.39,140.1,ZARAR (SL),-624.7,36792.76
NVDA,2025-01-08,2025-01-13,140.07,133.19,ZARAR (SL),-494.04,36295.72
NVDA,2025-01-22,2025-01-24,147.03,142.58,ZARAR (SL),-305.58,35987.14
NVDA,2025-02-26,2025-02-27,131.24,120.12,ZARAR (SL),-850.81,35133.33
NVDA,2025-06-20,2025-06-25,143.83,154.29,KAR (TP),724.15,35854.48
NVDA,2025-07-01,2025-07-09,153.28,162.86,KAR (TP),621.92,36473.4
NVDA,2025-08-01,2025-08-08,173.7,182.68,KAR (TP),513.92,36984.32
NVDA,2025-08-13,2025-08-19,181.57,175.62,ZARAR (SL),-330.66,36650.66
NVDA,2025-08-25,2025-08-29,179.79,174.16,ZARAR (SL),-316.11,36331.55
NVDA,2025-09-18,2025-09-30,176.23,186.57,KAR (TP),583.7,36912.25
NVDA,2025-10-10,2025-10-28,183.15,201.02,KAR (TP),972.65,37881.9
NVDA,2025-10-29,2025-11-04,207.03,198.68,ZARAR (SL),-406.3,37472.6
NVDA,2025-11-10,2025-11-13,199.04,186.85,ZARAR (SL),-615.41,36854.19
META,2024-01-31,2024-02-02,387.43,471.7,KAR (TP),2171.86,39021.55
META,2024-03-07,2024-03-11,509.18,480.74,ZARAR (SL),-561.39,38457.16
META,2024-04-04,2024-04-17,507.91,491.26,ZARAR (SL),-330.84,38123.32
META,2024-06-05,2024-06-27,492.15,517.02,KAR (TP),502.31,38622.63
META,2024-06-28,2024-07-05,501.75,537.27,KAR (TP),704.83,39324.45
META,2024-07-08,2024-07-11,526.73,510.19,ZARAR (SL),-316.99,39004.47
META,2024-09-17,2024-09-23,534.2,562.18,KAR (TP),520.75,39522.22
META,2024-10-29,2024-10-31,590.94,565.34,ZARAR (SL),-436.19,39083.03
META,2024-11-07,2024-11-15,589.36,551.89,ZARAR (SL),-638.8,38441.23
META,2024-12-02,2024-12-06,590.49,621.31,KAR (TP),518.9,38957.14
META,2024-12-17,2024-12-18,617.49,595.31,ZARAR (SL),-362.2,38591.94
META,2025-01-06,2025-01-08,628.22,608.8,ZARAR (SL),-312.11,38276.83
META,2025-01-24,2025-01-30,645.45,684.84,KAR (TP),607.2,38881.04
META,2025-02-19,2025-02-24,701.56,666.03,ZARAR (SL),-509.42,38368.62
META,2025-05-02,2025-05-12,595.67,637.99,KAR (TP),707.36,39072.98
META,2025-06-02,2025-06-24,669.39,711.14,KAR (TP),620.76,39690.74
META,2025-06-26,2025-07-16,725.01,701.86,ZARAR (SL),-322.25,39365.49
META,2025-07-31,2025-08-01,772.29,748.89,ZARAR (SL),-305.93,39056.56
META,2025-08-04,2025-08-19,775.21,750.36,ZARAR (SL),-323.59,38729.97
META,2025-09-16,2025-09-25,777.84,748.3,ZARAR (SL),-382.78,38344.19
META,2025-10-28,2025-10-30,750.83,665.93,ZARAR (SL),-1133.76,37207.43
TSLA,2024-02-26,2024-03-04,199.4,188.14,ZARAR (SL),-567.69,36635.24
TSLA,2024-04-29,2024-04-30,194.05,183.28,ZARAR (SL),-558.01,36074.22
TSLA,2024-05-21,2024-05-22,186.6,180.11,ZARAR (SL),-350.8,35720.42
TSLA,2024-06-13,2024-06-26,182.47,196.37,KAR (TP),758.77,36476.19
TSLA,2024-06-27,2024-07-01,197.42,209.86,KAR (TP),627.13,37100.32
TSLA,2024-08-23,2024-08-26,220.32,213.21,ZARAR (SL),-325.71,36771.61
TSLA,2024-09-03,2024-09-05,210.6,230.17,KAR (TP),926.25,37694.86
TSLA,2024-09-10,2024-09-19,226.17,243.92,KAR (TP),781.81,38473.66
TSLA,2024-09-20,2024-09-24,238.25,254.27,KAR (TP),669.4,39140.07
TSLA,2024-10-02,2024-10-03,249.02,240.66,ZARAR (SL),-338.72,38798.35
TSLA,2024-10-04,2024-10-07,250.08,240.83,ZARAR (SL),-372.88,38422.47
TSLA,2024-10-24,2024-10-31,260.48,249.85,ZARAR (SL),-411.09,38008.38
TSLA,2024-11-14,2024-11-18,311.18,338.74,KAR (TP),882.66,38888.04
TSLA,2024-12-20,2024-12-24,421.06,462.28,KAR (TP),975.96,39860.99
TSLA,2025-04-02,2025-04-03,282.76,267.28,ZARAR (SL),-550.46,39307.53
TSLA,2025-04-09,2025-04-10,272.2,252.4,ZARAR (SL),-730.41,38574.13
TSLA,2025-04-25,2025-05-06,284.95,275.35,ZARAR (SL),-339.9,38231.23
TSLA,2025-05-30,2025-06-04,346.46,332.05,ZARAR (SL),-418.92,37809.3
TSLA,2025-06-23,2025-06-25,348.68,327.55,ZARAR (SL),-609.0,37197.3
TSLA,2025-07-28,2025-07-31,325.59,308.27,ZARAR (SL),-534.96,36659.35
TSLA,2025-08-08,2025-08-25,329.65,346.6,KAR (TP),511.18,37167.53
TSLA,2025-08-29,2025-09-05,333.87,350.84,KAR (TP),505.28,37669.81
TSLA,2025-10-02,2025-10-10,436.0,413.49,ZARAR (SL),-519.28,37147.53
TSLA,2025-10-23,2025-10-24,448.98,433.72,ZARAR (SL),-342.88,36801.64
TSLA,2025-10-27,2025-11-07,452.42,429.52,ZARAR (SL),-509.17,36289.48
TSLA,2025-12-03,2025-12-15,446.74,475.31,KAR (TP),636.52,36923.0
AVGO,2024-02-08,2024-02-20,124.66,119.94,ZARAR (SL),-381.19,36537.31
AVGO,2024-02-22,2024-03-01,127.6,136.82,KAR (TP),719.43,37253.74
AVGO,2024-03-05,2024-03-11,131.3,126.45,ZARAR (SL),-372.62,36878.12
AVGO,2024-03-21,2024-04-17,132.38,125.96,ZARAR (SL),-487.94,36387.18
AVGO,2024-05-15,2024-05-22,141.04,136.72,ZARAR (SL),-308.88,36075.3
AVGO,2024-05-23,2024-05-31,136.83,130.47,ZARAR (SL),-467.66,35604.64
AVGO,2024-06-05,2024-06-12,138.77,146.86,KAR (TP),580.26,36181.9
AVGO,2024-06-24,2024-07-03,156.86,170.36,KAR (TP),857.5,37036.41
AVGO,2024-08-22,2024-08-29,159.93,154.6,ZARAR (SL),-336.25,36697.16
AVGO,2024-08-30,2024-09-03,160.4,150.52,ZARAR (SL),-619.02,36075.14
AVGO,2024-09-11,2024-09-13,155.92,165.2,KAR (TP),592.18,36664.32
AVGO,2024-09-19,2024-09-26,165.48,176.02,KAR (TP),634.32,37295.64
AVGO,2024-10-15,2024-10-31,173.94,167.8,ZARAR (SL),-355.88,36936.76
AVGO,2024-12-12,2024-12-13,178.56,222.19,KAR (TP),2440.26,39374.03
AVGO,2024-12-20,2024-12-23,218.23,230.27,KAR (TP),548.77,39919.8
AVGO,2025-01-24,2025-01-27,242.51,200.32,ZARAR (SL),-1742.68,38174.12
AVGO,2025-06-06,2025-06-24,245.46,262.82,KAR (TP),704.12,38875.24
AVGO,2025-07-01,2025-07-15,263.78,279.92,KAR (TP),608.92,39481.16
AVGO,2025-07-23,2025-07-30,282.66,301.53,KAR (TP),664.28,40142.44
AVGO,2025-07-31,2025-08-12,292.64,311.7,KAR (TP),648.34,40787.78
AVGO,2025-08-13,2025-08-19,307.97,293.84,ZARAR (SL),-461.77,40323.01
AVGO,2025-08-28,2025-08-29,307.53,296.31,ZARAR (SL),-367.81,39952.2
AVGO,2025-09-03,2025-09-05,301.3,333.68,KAR (TP),1071.77,41020.97
AVGO,2025-09-17,2025-09-26,344.92,333.89,ZARAR (SL),-322.69,40695.28
AVGO,2025-10-15,2025-10-22,350.66,339.65,ZARAR (SL),-316.95,40375.33
AVGO,2025-10-28,2025-11-04,372.26,351.27,ZARAR (SL),-566.85,39805.48
AVGO,2025-11-24,2025-11-26,377.24,396.81,KAR (TP),515.84,40318.31
AVGO,2025-12-01,2025-12-09,385.34,405.51,KAR (TP),520.47,40835.78
ADBE,2024-01-31,2024-02-15,617.78,590.44,ZARAR (SL),-445.55,40387.23
ADBE,2024-05-10,2024-05-30,482.29,445.87,ZARAR (SL),-758.15,39626.08
ADBE,2024-06-14,2024-06-28,525.31,555.54,KAR (TP),572.47,40195.55
ADBE,2024-09-06,2024-09-13,563.41,536.87,ZARAR (SL),-474.06,39718.49
ADBE,2024-11-06,2024-11-13,504.83,532.5,KAR (TP),545.11,40260.6
ADBE,2024-11-15,2024-12-04,503.37,536.49,KAR (TP),654.97,40912.56
ADBE,2025-02-10,2025-02-27,451.1,437.19,ZARAR (SL),-311.36,40598.2
ADBE,2025-03-07,2025-03-10,449.4,435.08,ZARAR (SL),-321.65,40273.56
ADBE,2025-06-02,2025-06-17,403.4,382.68,ZARAR (SL),-516.63,39753.92
ADBE,2025-09-08,2025-09-15,358.66,347.1,ZARAR (SL),-325.31,39425.61
ADBE,2025-09-17,2025-10-01,362.07,343.72,ZARAR (SL),-509.81,38912.8
CRM,2024-02-22,2024-02-29,290.12,305.11,KAR (TP),513.6,39421.91
CRM,2024-03-01,2024-03-05,313.08,295.16,ZARAR (SL),-575.14,38843.76
CRM,2024-03-06,2024-04-04,300.12,290.99,ZARAR (SL),-307.37,38533.4
CRM,2024-05-15,2024-05-23,284.46,275.59,ZARAR (SL),-314.96,38215.44
CRM,2024-06-28,2024-07-18,254.35,245.08,ZARAR (SL),-367.25,37845.19
CRM,2024-07-25,2024-08-02,254.17,241.73,ZARAR (SL),-492.24,37349.95
CRM,2024-08-15,2024-08-30,260.38,250.58,ZARAR (SL),-379.35,36967.6
CRM,2024-09-19,2024-10-02,263.96,277.35,KAR (TP),504.16,37468.76
CRM,2024-10-29,2024-11-08,296.61,319.5,KAR (TP),768.52,38234.28
CRM,2024-11-15,2024-11-22,322.78,339.41,KAR (TP),512.28,38743.56
CRM,2024-11-27,2024-12-04,327.5,365.07,KAR (TP),1144.24,39884.8
CRM,2024-12-05,2024-12-10,358.63,346.16,ZARAR (SL),-350.56,39531.25
CRM,2025-01-27,2025-02-06,344.85,328.66,ZARAR (SL),-472.32,39055.93
CRM,2025-05-21,2025-05-23,280.89,271.78,ZARAR (SL),-327.15,38725.78
CRM,2025-06-27,2025-07-10,272.5,263.09,ZARAR (SL),-348.62,38374.16
CRM,2025-09-05,2025-09-10,249.92,241.76,ZARAR (SL),-329.61,38041.55
CRM,2025-10-16,2025-10-21,245.6,262.99,KAR (TP),704.72,38743.28
CMCSA,2024-01-29,2024-02-06,43.42,41.83,ZARAR (SL),-369.52,38369.26
CMCSA,2024-03-11,2024-04-02,41.0,39.66,ZARAR (SL),-329.41,38036.85
CMCSA,2024-05-31,2024-06-10,37.97,36.8,ZARAR (SL),-312.77,37721.08
CMCSA,2024-06-28,2024-07-08,37.15,35.7,ZARAR (SL),-392.24,37325.85
CMCSA,2024-07-22,2024-07-24,37.81,36.43,ZARAR (SL),-367.28,36955.57
CMCSA,2024-07-26,2024-09-30,37.96,39.95,KAR (TP),521.06,37473.63
CMCSA,2024-10-22,2024-10-31,40.04,42.08,KAR (TP),507.23,37977.86
CMCSA,2024-11-01,2024-12-09,41.97,37.63,ZARAR (SL),-1038.35,36936.5
CMCSA,2025-01-27,2025-01-30,37.15,32.31,ZARAR (SL),-1305.64,35627.86
CMCSA,2025-03-04,2025-03-07,34.5,36.53,KAR (TP),585.73,36210.59
CMCSA,2025-03-10,2025-03-13,35.09,33.72,ZARAR (SL),-393.47,35814.12
CMCSA,2025-03-21,2025-04-04,35.71,32.73,ZARAR (SL),-837.64,34973.48
CMCSA,2025-05-27,2025-07-28,34.27,33.18,ZARAR (SL),-321.35,34649.13
CMCSA,2025-08-22,2025-09-12,33.79,32.71,ZARAR (SL),-322.18,34323.95
CMCSA,2025-12-10,2025-12-16,27.58,29.73,KAR (TP),776.55,35097.5
QCOM,2024-01-30,2024-02-01,140.02,135.35,ZARAR (SL),-336.61,34757.89
QCOM,2024-02-09,2024-02-29,144.84,152.12,KAR (TP),499.75,35254.64
QCOM,2024-03-05,2024-03-07,155.65,169.4,KAR (TP),880.87,36132.51
QCOM,2024-03-15,2024-04-09,161.19,169.26,KAR (TP),497.6,36627.1
QCOM,2024-04-12,2024-04-17,165.13,158.41,ZARAR (SL),-409.91,36214.19
QCOM,2024-05-02,2024-05-15,173.63,187.62,KAR (TP),802.66,37013.86
QCOM,2024-06-17,2024-06-20,215.11,208.58,ZARAR (SL),-306.75,36704.1
QCOM,2024-06-21,2024-06-24,205.73,194.42,ZARAR (SL),-553.04,36148.06
QCOM,2024-08-29,2024-09-03,164.07,158.02,ZARAR (SL),-371.75,35773.31
QCOM,2024-09-19,2024-09-23,169.23,161.48,ZARAR (SL),-460.68,35309.63
QCOM,2024-10-14,2024-10-16,173.24,166.85,ZARAR (SL),-371.46,34935.18
QCOM,2024-10-22,2024-10-23,168.51,162.1,ZARAR (SL),-382.95,34549.23
QCOM,2024-11-06,2024-11-12,168.32,159.0,ZARAR (SL),-556.79,33989.44
QCOM,2024-12-23,2025-01-21,154.78,163.61,KAR (TP),567.65,34554.09
QCOM,2025-01-28,2025-02-21,167.79,161.81,ZARAR (SL),-359.75,34191.34
QCOM,2025-05-02,2025-05-12,137.49,149.59,KAR (TP),877.48,35065.82
QCOM,2025-05-13,2025-05-23,148.82,142.96,ZARAR (SL),-396.81,34666.01
QCOM,2025-05-27,2025-06-09,146.16,153.75,KAR (TP),515.98,35178.99
QCOM,2025-06-10,2025-06-18,157.43,151.98,ZARAR (SL),-348.63,34827.36
QCOM,2025-06-20,2025-06-30,149.7,157.55,KAR (TP),521.71,35346.07
QCOM,2025-07-01,2025-07-14,157.69,152.64,ZARAR (SL),-323.58,35019.49
QCOM,2025-07-21,2025-07-31,157.27,145.19,ZARAR (SL),-771.07,34245.42
QCOM,2025-09-02,2025-09-18,157.08,167.28,KAR (TP),646.13,34888.55
QCOM,2025-09-19,2025-10-10,166.0,152.81,ZARAR (SL),-797.73,34087.82
QCOM,2025-10-28,2025-11-04,180.11,171.96,ZARAR (SL),-455.41,33629.41
QCOM,2025-11-05,2025-11-06,178.81,172.32,ZARAR (SL),-365.79,33260.62
TXN,2024-02-26,2024-03-07,155.95,166.36,KAR (TP),664.68,33920.81
TXN,2024-03-12,2024-03-18,165.91,160.61,ZARAR (SL),-322.79,33595.01
TXN,2024-04-24,2024-05-07,165.92,174.63,KAR (TP),521.95,34113.96
TXN,2024-05-29,2024-07-16,186.33,197.53,KAR (TP),597.79,34708.75
TXN,2024-07-19,2024-08-02,190.34,180.38,ZARAR (SL),-526.34,34179.41
TXN,2024-08-20,2024-08-30,194.89,206.24,KAR (TP),579.6,34756.01
TXN,2024-09-03,2024-10-21,194.2,188.37,ZARAR (SL),-303.25,34449.76
TXN,2024-10-29,2024-10-31,203.36,196.77,ZARAR (SL),-327.22,34119.54
TXN,2024-11-05,2024-11-06,196.09,208.21,KAR (TP),614.9,34731.43
TXN,2024-11-18,2024-11-20,200.67,191.96,ZARAR (SL),-436.92,34291.51
TXN,2025-01-15,2025-01-16,191.3,181.48,ZARAR (SL),-516.39,33772.12
TXN,2025-01-17,2025-01-24,186.37,179.69,ZARAR (SL),-361.59,33407.53
TXN,2025-02-27,2025-03-11,186.65,173.03,ZARAR (SL),-732.74,32671.79
TXN,2025-05-22,2025-06-04,177.33,187.68,KAR (TP),580.21,33248.99
TXN,2025-07-21,2025-07-23,211.15,183.28,ZARAR (SL),-1322.85,31923.14
TXN,2025-09-02,2025-09-04,198.04,185.63,ZARAR (SL),-629.6,31290.55
AMGN,2024-01-29,2024-02-07,294.67,278.14,ZARAR (SL),-563.86,30722.19
AMGN,2024-03-26,2024-04-04,266.95,253.99,ZARAR (SL),-488.5,30230.69
AMGN,2024-05-01,2024-05-03,262.79,294.92,KAR (TP),1219.92,31447.6
AMGN,2024-06-24,2024-07-17,303.56,320.28,KAR (TP),547.68,31992.29
AMGN,2024-07-31,2024-08-07,317.23,298.17,ZARAR (SL),-603.65,31385.63
AMGN,2024-09-03,2024-09-06,317.55,307.99,ZARAR (SL),-304.05,31078.58
AMGN,2024-09-11,2024-09-25,317.04,300.59,ZARAR (SL),-521.82,30553.76
AMGN,2024-10-31,2024-11-12,307.61,287.12,ZARAR (SL),-668.92,29881.85
AMGN,2025-01-21,2025-02-03,266.15,279.76,KAR (TP),508.63,30387.47
AMGN,2025-02-07,2025-02-24,284.29,302.38,KAR (TP),633.45,31017.92
AMGN,2025-03-04,2025-04-04,304.79,287.41,ZARAR (SL),-573.17,30441.75
AMGN,2025-06-20,2025-06-23,284.97,268.33,ZARAR (SL),-586.76,29851.99
AMGN,2025-07-01,2025-07-22,286.14,301.08,KAR (TP),519.17,30368.16
AMGN,2025-08-04,2025-08-06,297.39,280.38,ZARAR (SL),-574.97,29790.19
AMGN,2025-10-01,2025-11-05,296.39,317.59,KAR (TP),712.58,30499.77
AMGN,2025-11-06,2025-11-11,313.36,336.05,KAR (TP),721.36,31218.13
AMGN,2025-12-04,2025-12-05,340.16,329.89,ZARAR (SL),-304.92,30910.21
INTC,2024-03-01,2024-03-07,43.37,45.67,KAR (TP),528.72,31435.93
INTC,2024-03-08,2024-03-15,43.55,42.2,ZARAR (SL),-312.09,31120.84
INTC,2024-03-27,2024-04-03,43.32,39.91,ZARAR (SL),-788.93,30328.91
INTC,2024-07-05,2024-07-08,31.82,33.78,KAR (TP),612.24,30938.16
INTC,2024-07-11,2024-07-24,33.29,31.5,ZARAR (SL),-540.31,30394.84
INTC,2024-08-30,2024-09-03,22.04,20.1,ZARAR (SL),-883.22,29508.62
INTC,2024-09-16,2024-09-23,20.91,22.56,KAR (TP),786.1,30291.72
INTC,2024-10-29,2024-10-31,22.9,21.52,ZARAR (SL),-605.62,29683.1
INTC,2024-11-01,2024-11-06,23.2,25.05,KAR (TP),794.41,30474.51
INTC,2024-11-07,2024-11-11,26.23,25.05,ZARAR (SL),-452.87,30018.65
INTC,2024-11-25,2024-11-26,24.87,24.05,ZARAR (SL),-332.72,29682.93
INTC,2025-01-17,2025-01-24,21.49,20.83,ZARAR (SL),-310.12,29369.81
INTC,2025-02-11,2025-02-12,20.97,22.48,KAR (TP),717.08,30083.89
INTC,2025-03-03,2025-03-04,22.74,21.33,ZARAR (SL),-623.05,29457.84
INTC,2025-03-13,2025-03-17,23.7,25.69,KAR (TP),836.66,30291.5
INTC,2025-05-12,2025-05-19,22.18,21.38,ZARAR (SL),-363.69,29924.81
INTC,2025-06-18,2025-06-27,21.49,22.69,KAR (TP),555.4,30477.21
INTC,2025-07-02,2025-07-08,21.88,23.59,KAR (TP),778.54,31252.75
INTC,2025-08-18,2025-08-19,23.66,25.31,KAR (TP),694.38,31944.13
INTC,2025-08-20,2025-08-22,23.54,24.8,KAR (TP),532.26,32473.39
INTC,2025-08-25,2025-09-18,24.55,30.57,KAR (TP),2449.14,34919.52
INTC,2025-10-24,2025-10-28,38.28,41.53,KAR (TP),846.01,35762.53
INTC,2025-11-28,2025-12-02,40.56,43.47,KAR (TP),714.46,36473.99
INTC,2025-12-03,2025-12-04,43.76,40.5,ZARAR (SL),-747.97,35723.01
INTC,2025-12-05,2025-12-11,41.41,39.51,ZARAR (SL),-461.83,35258.19
CSCO,2024-03-21,2024-04-16,47.46,45.97,ZARAR (SL),-317.45,34937.73
CSCO,2024-05-14,2024-05-20,46.96,45.21,ZARAR (SL),-374.81,34559.93
CSCO,2024-07-12,2024-08-05,45.84,43.28,ZARAR (SL),-560.2,33996.73
CSCO,2024-08-15,2024-09-16,46.95,49.37,KAR (TP),512.14,34505.87
CSCO,2024-09-19,2024-10-11,49.77,52.89,KAR (TP),623.87,35126.74
CSCO,2024-10-29,2024-11-11,54.28,57.16,KAR (TP),526.81,35650.55
CSCO,2024-11-14,2025-01-21,56.46,59.9,KAR (TP),605.75,36253.3
CSCO,2025-02-03,2025-02-14,59.91,63.67,KAR (TP),624.46,36874.76
CSCO,2025-02-25,2025-03-10,63.08,60.91,ZARAR (SL),-346.86,36524.9
CSCO,2025-05-30,2025-06-20,62.29,65.53,KAR (TP),517.31,37039.2
CSCO,2025-06-23,2025-08-08,66.58,71.36,KAR (TP),715.57,37751.77
CSCO,2025-08-11,2025-08-15,70.25,65.8,ZARAR (SL),-635.52,37113.25
CSCO,2025-09-17,2025-10-21,67.31,70.72,KAR (TP),503.06,37613.31
CSCO,2025-10-28,2025-11-13,72.62,77.38,KAR (TP),652.47,38262.78
CSCO,2025-11-14,2025-11-20,78.0,75.44,ZARAR (SL),-331.2,37928.57
CSCO,2025-11-24,2025-12-10,76.24,80.25,KAR (TP),522.97,38448.55
VZ,2024-05-13,2024-05-29,36.74,35.44,ZARAR (SL),-358.21,38085.84
VZ,2024-05-30,2024-07-17,36.55,38.72,KAR (TP),589.07,38671.91
VZ,2024-08-02,2024-09-10,37.74,40.21,KAR (TP),651.14,39320.05
VZ,2024-09-11,2024-10-22,40.35,38.83,ZARAR (SL),-380.2,38936.84
VZ,2024-12-04,2024-12-16,39.78,38.25,ZARAR (SL),-388.7,38545.14
VZ,2025-01-24,2025-02-19,37.65,40.0,KAR (TP),621.68,39163.83
VZ,2025-03-11,2025-04-03,41.35,43.44,KAR (TP),501.26,39662.09
VZ,2025-04-11,2025-04-25,42.31,40.55,ZARAR (SL),-419.19,39239.9
VZ,2025-05-30,2025-06-16,42.53,41.12,ZARAR (SL),-335.12,38901.78
VZ,2025-07-21,2025-08-19,41.77,44.18,KAR (TP),573.61,39472.38
VZ,2025-08-22,2025-10-06,43.69,40.74,ZARAR (SL),-678.07,38791.31
T,2024-01-30,2024-02-08,16.06,15.41,ZARAR (SL),-408.02,38378.8
T,2024-03-12,2024-04-12,15.76,15.18,ZARAR (SL),-365.12,38010.68
T,2024-05-30,2024-06-24,16.4,17.36,KAR (TP),581.56,38589.24
T,2024-07-15,2024-08-13,17.56,18.45,KAR (TP),502.92,39089.16
T,2024-08-30,2024-09-06,18.81,19.82,KAR (TP),534.69,39620.85
T,2024-10-15,2024-11-15,20.59,21.71,KAR (TP),540.93,40158.79
T,2024-11-18,2025-01-07,22.0,21.25,ZARAR (SL),-346.63,39809.16
T,2025-01-21,2025-01-27,21.8,23.4,KAR (TP),730.66,40536.82
T,2025-03-04,2025-03-26,25.41,26.8,KAR (TP),542.39,41076.2
T,2025-05-30,2025-08-18,27.23,28.61,KAR (TP),503.82,41577.03
T,2025-08-22,2025-10-01,28.46,27.26,ZARAR (SL),-427.05,41146.98
T,2025-11-24,2025-12-08,25.62,24.84,ZARAR (SL),-307.45,40836.53
TMUS,2024-01-29,2024-05-30,158.25,166.29,KAR (TP),505.31,41338.84
TMUS,2024-06-12,2024-07-16,169.95,178.94,KAR (TP),525.8,41861.64
TMUS,2024-07-31,2024-08-08,178.25,189.33,KAR (TP),618.57,42477.21
TMUS,2024-08-28,2024-09-06,196.96,189.35,ZARAR (SL),-389.33,42084.89
TMUS,2024-09-11,2024-10-08,194.79,207.18,KAR (TP),633.14,42715.03
TMUS,2024-10-30,2024-11-08,218.56,230.86,KAR (TP),559.91,43271.94
TMUS,2024-11-25,2024-12-09,235.41,225.34,ZARAR (SL),-430.39,42838.55
TMUS,2025-01-22,2025-01-29,214.83,231.54,KAR (TP),774.8,43610.35
TMUS,2025-02-26,2025-04-04,259.53,245.12,ZARAR (SL),-558.46,43048.9
TMUS,2025-07-21,2025-07-24,230.66,245.41,KAR (TP),636.67,43682.57
TMUS,2025-07-25,2025-08-19,241.5,256.04,KAR (TP),599.34,44278.91
TMUS,2025-08-22,2025-09-08,249.83,241.7,ZARAR (SL),-328.22,43947.69
NFLX,2024-03-05,2024-03-26,59.85,62.92,KAR (TP),510.62,44455.3
NFLX,2024-04-03,2024-04-15,63.01,60.72,ZARAR (SL),-366.92,44085.38
NFLX,2024-05-31,2024-06-17,64.16,67.58,KAR (TP),530.18,44612.56
NFLX,2024-06-18,2024-07-11,68.57,65.28,ZARAR (SL),-483.11,44126.45
NFLX,2024-08-14,2024-08-20,66.17,69.85,KAR (TP),554.07,44677.52
NFLX,2024-09-03,2024-09-24,67.53,72.23,KAR (TP),692.08,45366.59
NFLX,2024-10-01,2024-10-18,70.61,76.39,KAR (TP),814.98,46178.57
NFLX,2024-10-21,2024-11-12,77.21,81.95,KAR (TP),611.32,46786.9
NFLX,2024-12-09,2025-01-03,91.37,88.11,ZARAR (SL),-360.23,46423.66
NFLX,2025-01-22,2025-02-05,95.4,101.11,KAR (TP),595.75,47016.41
NFLX,2025-04-09,2025-04-22,94.55,104.03,KAR (TP),1000.42,48013.83
NFLX,2025-04-23,2025-04-28,104.96,111.04,KAR (TP),576.18,48587.01
NFLX,2025-05-12,2025-05-15,111.0,117.8,KAR (TP),609.43,49193.44
NFLX,2025-05-30,2025-06-24,120.72,127.91,KAR (TP),592.41,49782.85
NFLX,2025-07-02,2025-07-11,128.49,124.51,ZARAR (SL),-312.37,49467.48
NFLX,2025-08-19,2025-10-01,121.42,117.09,ZARAR (SL),-359.22,49105.26
NFLX,2025-10-10,2025-10-22,122.01,111.64,ZARAR (SL),-853.03,48249.24
ORCL,2024-02-13,2024-02-20,111.63,106.5,ZARAR (SL),-463.06,47783.17
ORCL,2024-05-14,2024-05-30,119.07,115.35,ZARAR (SL),-315.73,47464.44
ORCL,2024-06-06,2024-06-12,121.67,138.3,KAR (TP),1363.8,48825.24
ORCL,2024-06-14,2024-07-12,136.08,143.02,KAR (TP),507.3,49329.54
ORCL,2024-09-03,2024-09-10,137.82,154.01,KAR (TP),1171.91,50498.45
ORCL,2024-10-30,2024-10-31,172.84,166.19,ZARAR (SL),-387.97,50107.48
ORCL,2024-11-06,2024-11-20,179.46,188.87,KAR (TP),521.72,50626.2
ORCL,2024-12-04,2024-12-10,186.34,175.99,ZARAR (SL),-558.29,50064.91
ORCL,2025-01-21,2025-01-22,171.29,182.85,KAR (TP),672.09,50734.0
ORCL,2025-01-24,2025-01-27,182.24,157.11,ZARAR (SL),-1382.09,49348.91
ORCL,2025-01-30,2025-02-10,169.12,177.59,KAR (TP),498.23,49844.14
ORCL,2025-05-01,2025-05-12,144.93,156.61,KAR (TP),803.24,50644.39
ORCL,2025-08-01,2025-08-19,244.0,234.21,ZARAR (SL),-403.95,50237.44
ORCL,2025-09-12,2025-09-19,291.67,308.13,KAR (TP),561.04,50795.47
ORCL,2025-09-25,2025-09-30,290.83,280.75,ZARAR (SL),-349.34,50443.13
ORCL,2025-10-16,2025-10-17,313.0,291.31,ZARAR (SL),-695.97,49744.16
MU,2024-01-26,2024-02-06,87.42,84.0,ZARAR (SL),-394.82,49346.33
MU,2024-02-26,2024-03-01,88.82,94.47,KAR (TP),633.04,49976.37
MU,2024-03-04,2024-03-14,95.09,90.78,ZARAR (SL),-456.17,49517.21
MU,2024-03-15,2024-03-21,92.59,109.07,KAR (TP),1777.16,51291.37
MU,2024-03-22,2024-03-25,109.43,116.3,KAR (TP),624.89,51913.26
MU,2024-05-31,2024-06-05,124.23,132.89,KAR (TP),693.8,52604.06
MU,2024-06-06,2024-06-12,129.27,139.88,KAR (TP),818.09,53419.16
MU,2024-06-13,2024-06-18,142.26,152.51,KAR (TP),717.27,54133.43
MU,2024-06-20,2024-06-21,143.3,138.68,ZARAR (SL),-325.49,53804.94
MU,2024-06-24,2024-06-27,138.16,131.42,ZARAR (SL),-490.74,53311.2
MU,2024-09-30,2024-10-01,103.16,99.78,ZARAR (SL),-330.84,52977.36
MU,2024-11-06,2024-11-12,111.37,103.67,ZARAR (SL),-694.23,52280.13
MU,2024-12-13,2024-12-16,102.07,107.81,KAR (TP),558.95,52836.08
MU,2024-12-17,2024-12-18,108.15,103.47,ZARAR (SL),-435.78,52397.3
MU,2025-01-07,2025-01-13,101.62,94.79,ZARAR (SL),-675.16,51719.14
MU,2025-02-26,2025-02-27,97.43,91.56,ZARAR (SL),-605.8,51110.34
MU,2025-03-12,2025-03-14,95.37,100.5,KAR (TP),535.48,51642.82
MU,2025-03-24,2025-03-26,96.66,91.87,ZARAR (SL),-499.18,51140.63
MU,2025-05-30,2025-06-03,94.31,102.09,KAR (TP),821.69,51959.32
MU,2025-07-02,2025-07-16,121.55,116.36,ZARAR (SL),-430.17,51526.15
MU,2025-08-20,2025-09-04,117.14,124.13,KAR (TP),594.22,52117.36
MU,2025-09-05,2025-09-10,131.29,139.91,KAR (TP),653.92,52768.29
MU,2025-10-24,2025-11-03,219.02,234.7,KAR (TP),712.92,53478.2
MU,2025-11-04,2025-11-05,218.03,237.5,KAR (TP),890.0,54365.2
MU,2025-11-06,2025-11-10,238.33,253.3,KAR (TP),625.12,54987.32
MU,2025-11-13,2025-11-18,236.95,228.5,ZARAR (SL),-359.62,54624.71
MU,2025-12-12,2025-12-16,241.14,232.51,ZARAR (SL),-360.88,54260.82
MU,2025-12-18,2025-12-19,248.55,265.92,KAR (TP),695.85,54953.68
IBM,2024-02-29,2024-03-06,175.66,186.23,KAR (TP),598.52,55547.7
IBM,2024-03-15,2024-04-12,181.4,173.04,ZARAR (SL),-463.56,55081.14
IBM,2024-06-07,2024-07-12,163.01,175.3,KAR (TP),751.07,55829.21
IBM,2024-08-01,2024-08-05,181.85,175.76,ZARAR (SL),-337.81,55488.4
IBM,2024-09-06,2024-09-12,194.15,204.67,KAR (TP),538.5,56023.89
IBM,2024-12-12,2024-12-18,226.41,214.62,ZARAR (SL),-523.54,55497.36
IBM,2025-01-21,2025-01-30,218.61,251.76,KAR (TP),1513.54,57007.9
IBM,2025-02-21,2025-02-27,256.59,248.5,ZARAR (SL),-318.51,56686.39
IBM,2025-03-07,2025-03-11,256.65,244.3,ZARAR (SL),-484.38,56199.01
IBM,2025-05-30,2025-06-09,255.91,268.77,KAR (TP),499.59,56695.59
IBM,2025-06-10,2025-06-24,272.88,290.22,KAR (TP),632.32,57324.91
IBM,2025-07-07,2025-07-11,288.91,280.14,ZARAR (SL),-306.62,57015.29
IBM,2025-09-10,2025-09-22,255.47,269.88,KAR (TP),561.08,57573.37
IBM,2025-10-22,2025-10-24,285.93,305.77,KAR (TP),690.89,58261.25
IBM,2025-10-27,2025-11-04,311.37,299.2,ZARAR (SL),-393.94,57864.31
PYPL,2024-02-07,2024-02-08,63.09,56.0,ZARAR (SL),-1127.29,56734.02
PYPL,2024-04-29,2024-05-08,66.84,63.66,ZARAR (SL),-477.7,56253.33
PYPL,2024-06-06,2024-06-11,66.87,64.62,ZARAR (SL),-338.72,55911.61
PYPL,2024-07-30,2024-08-02,63.85,61.84,ZARAR (SL),-318.63,55589.98
PYPL,2024-08-06,2024-08-14,62.61,65.99,KAR (TP),537.24,56124.22
PYPL,2024-08-20,2024-09-06,71.72,68.73,ZARAR (SL),-420.3,55700.92
PYPL,2024-09-18,2024-09-19,72.95,77.39,KAR (TP),605.59,56303.5
PYPL,2024-09-20,2024-10-08,76.58,80.97,KAR (TP),570.22,56870.72
PYPL,2024-10-28,2024-10-29,83.4,80.09,ZARAR (SL),-398.98,56468.74
PYPL,2024-11-11,2024-11-19,86.74,83.9,ZARAR (SL),-330.81,56134.93
PYPL,2024-12-04,2024-12-18,89.12,85.25,ZARAR (SL),-437.35,55694.58
PYPL,2025-01-06,2025-01-10,89.32,83.17,ZARAR (SL),-692.15,54999.43
PYPL,2025-01-17,2025-01-28,91.6,87.99,ZARAR (SL),-397.29,54599.14
PYPL,2025-01-31,2025-02-04,88.38,77.55,ZARAR (SL),-1228.45,53367.69
PYPL,2025-04-29,2025-05-08,66.17,70.32,KAR (TP),624.26,53988.95
PYPL,2025-06-10,2025-06-13,74.59,70.67,ZARAR (SL),-528.68,53457.27
PYPL,2025-06-23,2025-07-02,71.84,76.13,KAR (TP),594.14,54048.41
PYPL,2025-07-23,2025-07-29,76.48,71.29,ZARAR (SL),-682.63,53362.78
PYPL,2025-09-02,2025-09-10,69.09,65.49,ZARAR (SL),-524.3,52835.48
PYPL,2025-09-18,2025-10-07,68.36,74.44,KAR (TP),885.79,53718.28
PYPL,2025-10-10,2025-10-16,69.68,65.9,ZARAR (SL),-545.67,53169.61
PYPL,2025-10-27,2025-10-30,70.09,67.77,ZARAR (SL),-333.25,52833.36
INTU,2024-01-31,2024-02-15,624.4,656.99,KAR (TP),518.91,53349.27
INTU,2024-02-16,2024-03-15,648.54,618.65,ZARAR (SL),-463.85,52882.42
INTU,2024-05-23,2024-05-24,655.9,601.16,ZARAR (SL),-837.57,52041.85
INTU,2024-07-10,2024-07-16,627.63,660.67,KAR (TP),523.36,52562.21
INTU,2024-08-19,2024-08-23,657.84,614.75,ZARAR (SL),-658.06,51901.15
INTU,2024-09-24,2024-09-27,632.95,613.94,ZARAR (SL),-303.38,51594.78
INTU,2024-11-01,2024-11-07,617.66,669.72,KAR (TP),839.96,52431.74
INTU,2024-11-18,2024-11-19,674.35,639.94,ZARAR (SL),-513.3,51915.43
INTU,2024-11-21,2024-11-22,674.24,635.92,ZARAR (SL),-571.44,51340.99
INTU,2025-02-26,2025-02-27,622.44,597.47,ZARAR (SL),-404.11,50933.88
INTU,2025-02-28,2025-03-10,610.83,576.93,ZARAR (SL),-557.87,50373.01
INTU,2025-03-21,2025-04-04,601.07,558.77,ZARAR (SL),-706.76,49663.25
INTU,2025-05-21,2025-05-23,657.89,717.84,KAR (TP),908.39,50568.64
INTU,2025-06-18,2025-07-28,752.43,797.27,KAR (TP),592.91,51158.55
INTU,2025-07-29,2025-08-01,804.87,774.73,ZARAR (SL),-377.41,50778.14
INTU,2025-08-04,2025-08-08,783.44,747.63,ZARAR (SL),-460.02,50315.12
INTU,2025-09-22,2025-10-01,700.81,678.26,ZARAR (SL),-324.75,49987.37
INTU,2025-10-02,2025-10-07,680.62,656.79,ZARAR (SL),-353.07,49631.3
AMD,2024-01-30,2024-02-20,172.06,165.69,ZARAR (SL),-373.22,49253.58
AMD,2024-02-22,2024-02-26,181.86,176.01,ZARAR (SL),-324.68,48925.9
AMD,2024-02-29,2024-03-01,192.53,202.64,KAR (TP),522.11,49445.01
AMD,2024-03-15,2024-03-19,191.06,181.42,ZARAR (SL),-507.55,48934.46
AMD,2024-05-16,2024-05-28,162.62,171.61,KAR (TP),549.82,49481.28
AMD,2024-05-29,2024-06-04,165.14,159.99,ZARAR (SL),-314.86,49163.43
AMD,2024-06-05,2024-06-10,166.17,160.34,ZARAR (SL),-353.85,48806.58
AMD,2024-07-02,2024-07-08,164.31,178.69,KAR (TP),872.18,49675.76
AMD,2024-08-20,2024-08-22,156.4,151.7,ZARAR (SL),-303.51,49369.25
AMD,2024-09-11,2024-09-24,149.86,158.32,KAR (TP),561.53,49927.77
AMD,2024-10-10,2024-10-15,164.18,156.64,ZARAR (SL),-462.25,49462.52
AMD,2024-10-29,2024-10-30,166.25,148.6,ZARAR (SL),-1064.65,48394.87
AMD,2024-12-02,2024-12-09,142.06,130.87,ZARAR (SL),-790.7,47601.17
AMD,2025-03-24,2025-03-26,113.85,110.19,ZARAR (SL),-324.48,47273.7
AMD,2025-05-06,2025-05-12,98.62,108.12,KAR (TP),960.29,48230.99
AMD,2025-06-09,2025-06-13,121.73,116.16,ZARAR (SL),-460.57,47767.42
AMD,2025-06-16,2025-06-24,126.39,138.43,KAR (TP),949.61,48714.03
AMD,2025-07-01,2025-07-10,136.11,144.16,KAR (TP),588.43,49299.46
AMD,2025-08-05,2025-08-06,174.31,163.12,ZARAR (SL),-644.96,48651.5
AMD,2025-08-07,2025-08-13,172.4,184.42,KAR (TP),694.22,49342.72
AMD,2025-11-05,2025-11-06,256.33,237.7,ZARAR (SL),-729.8,48609.92
AMD,2025-11-12,2025-11-13,258.89,247.96,ZARAR (SL),-425.19,48181.73
FTNT,2024-01-31,2024-02-07,64.49,70.03,KAR (TP),856.05,49034.78
FTNT,2024-03-06,2024-03-14,71.32,68.04,ZARAR (SL),-462.9,48568.88
FTNT,2024-04-03,2024-04-08,71.32,68.39,ZARAR (SL),-413.82,48152.06
FTNT,2024-06-12,2024-06-20,60.62,57.94,ZARAR (SL),-445.1,47703.96
FTNT,2024-06-28,2024-07-18,60.27,58.13,ZARAR (SL),-358.07,47342.89
FTNT,2024-09-06,2024-10-09,75.16,80.33,KAR (TP),684.87,48024.75
FTNT,2024-10-23,2024-11-05,80.37,77.92,ZARAR (SL),-307.84,47713.91
FTNT,2024-11-06,2024-11-08,80.87,92.04,KAR (TP),1378.23,49089.14
FTNT,2024-11-19,2024-11-26,90.79,96.44,KAR (TP),619.32,49705.46
FTNT,2024-12-20,2025-01-13,97.19,93.83,ZARAR (SL),-348.71,49353.74
FTNT,2025-01-23,2025-02-04,97.45,102.78,KAR (TP),543.95,49894.69
FTNT,2025-02-24,2025-03-06,108.69,101.72,ZARAR (SL),-644.27,49247.42
FTNT,2025-04-09,2025-04-10,99.93,96.32,ZARAR (SL),-364.25,48880.16
FTNT,2025-05-12,2025-07-08,102.04,107.54,KAR (TP),536.0,49413.17
FTNT,2025-07-09,2025-07-10,107.65,100.2,ZARAR (SL),-695.06,48715.11
FTNT,2025-09-05,2025-09-19,78.83,84.21,KAR (TP),679.48,49391.59
FTNT,2025-10-28,2025-11-06,85.87,80.54,ZARAR (SL),-623.71,48764.89
FTNT,2025-12-05,2025-12-08,86.92,83.53,ZARAR (SL),-393.01,48368.87
FTNT,2025-12-16,2025-12-17,82.47,79.38,ZARAR (SL),-377.68,47988.19
ADI,2024-02-09,2024-02-13,188.66,178.66,ZARAR (SL),-532.69,47452.5
ADI,2024-03-06,2024-04-09,186.32,198.39,KAR (TP),644.89,48094.39
ADI,2024-04-11,2024-04-12,193.06,186.87,ZARAR (SL),-323.68,47767.71
ADI,2024-04-24,2024-05-10,190.98,201.37,KAR (TP),541.02,48305.73
ADI,2024-06-05,2024-06-24,229.97,222.93,ZARAR (SL),-309.35,47993.38
ADI,2024-07-10,2024-07-23,232.56,224.74,ZARAR (SL),-339.09,47651.29
ADI,2024-08-21,2024-09-03,221.99,214.25,ZARAR (SL),-351.56,47296.73
ADI,2024-09-11,2024-10-14,220.48,231.61,KAR (TP),501.73,47795.46
ADI,2024-12-16,2024-12-18,212.8,204.4,ZARAR (SL),-397.8,47394.65
ADI,2025-01-08,2025-01-10,216.86,208.92,ZARAR (SL),-369.09,47022.57
ADI,2025-01-15,2025-01-28,214.68,206.12,ZARAR (SL),-401.68,46617.89
ADI,2025-02-18,2025-02-19,216.65,237.74,KAR (TP),970.57,47585.46
ADI,2025-02-27,2025-03-11,220.22,206.58,ZARAR (SL),-622.18,46960.28
ADI,2025-05-22,2025-06-06,209.4,220.61,KAR (TP),532.17,47489.45
ADI,2025-06-20,2025-07-01,226.65,238.85,KAR (TP),535.21,48021.66
ADI,2025-07-02,2025-07-22,243.32,233.75,ZARAR (SL),-396.64,47622.03
ADI,2025-11-12,2025-11-17,240.59,229.13,ZARAR (SL),-479.31,47139.72
ADI,2025-11-25,2025-11-28,251.13,264.41,KAR (TP),525.53,47662.25
NOW,2024-02-13,2024-02-21,154.75,149.59,ZARAR (SL),-336.7,47321.05
NOW,2024-03-12,2024-03-15,157.91,148.78,ZARAR (SL),-581.17,46736.88
NOW,2024-04-05,2024-04-15,156.7,147.16,ZARAR (SL),-611.68,46122.2
NOW,2024-05-15,2024-05-28,152.11,145.77,ZARAR (SL),-419.92,45699.28
NOW,2024-07-08,2024-07-10,153.24,148.63,ZARAR (SL),-303.84,45392.44
NOW,2024-07-25,2024-07-29,165.76,159.81,ZARAR (SL),-361.72,45027.73
NOW,2024-08-05,2024-08-15,156.25,166.42,KAR (TP),647.74,45672.46
NOW,2024-08-29,2024-09-11,166.25,175.19,KAR (TP),534.61,46204.07
NOW,2024-09-13,2024-09-20,175.79,187.47,KAR (TP),661.54,46862.62
NOW,2024-09-25,2024-10-09,178.01,187.73,KAR (TP),543.27,47402.89
NOW,2024-10-24,2024-11-07,191.32,203.06,KAR (TP),610.64,48010.54
NOW,2024-11-15,2024-11-26,202.28,214.01,KAR (TP),577.19,48584.73
NOW,2024-12-03,2024-12-04,211.46,224.63,KAR (TP),619.42,49201.15
NOW,2024-12-13,2024-12-18,224.22,212.2,ZARAR (SL),-539.17,48658.98
NOW,2025-01-21,2025-01-28,219.37,234.08,KAR (TP),667.47,49323.45
NOW,2025-01-29,2025-01-30,228.73,202.55,ZARAR (SL),-1147.43,48173.02
NOW,2025-04-24,2025-05-12,187.71,203.12,KAR (TP),817.72,48987.74
NOW,2025-05-30,2025-06-20,202.22,194.28,ZARAR (SL),-395.45,48589.29
NOW,2025-06-27,2025-07-10,204.48,193.62,ZARAR (SL),-534.39,48051.9
NOW,2025-09-18,2025-09-25,189.55,183.72,ZARAR (SL),-310.36,47738.54
NOW,2025-10-21,2025-10-29,188.3,182.34,ZARAR (SL),-319.52,47416.02
NOW,2025-10-30,2025-11-04,186.94,177.51,ZARAR (SL),-507.02,46906.0
LRCX,2024-02-09,2024-03-01,89.42,96.28,KAR (TP),764.35,47667.35
LRCX,2024-03-05,2024-03-11,94.47,91.35,ZARAR (SL),-334.22,47330.13
LRCX,2024-03-12,2024-03-15,93.47,89.47,ZARAR (SL),-431.47,46895.66
LRCX,2024-03-21,2024-04-04,96.59,93.55,ZARAR (SL),-317.89,46574.77
LRCX,2024-05-22,2024-05-31,94.94,91.66,ZARAR (SL),-348.11,46223.66
LRCX,2024-06-05,2024-06-12,95.53,102.01,KAR (TP),675.28,46895.94
LRCX,2024-06-13,2024-06-18,102.09,107.31,KAR (TP),508.48,47401.42
LRCX,2024-06-24,2024-07-03,100.89,106.64,KAR (TP),566.3,47964.72
LRCX,2024-07-12,2024-07-17,105.37,95.31,ZARAR (SL),-957.74,47003.98
LRCX,2024-09-27,2024-10-01,81.71,78.77,ZARAR (SL),-362.56,46638.42
LRCX,2024-10-02,2024-10-14,80.42,84.66,KAR (TP),524.09,47159.51
LRCX,2024-12-02,2024-12-05,77.56,74.3,ZARAR (SL),-423.33,46733.18
LRCX,2024-12-11,2024-12-12,77.52,74.89,ZARAR (SL),-341.74,46388.43
LRCX,2024-12-16,2024-12-18,77.12,74.52,ZARAR (SL),-340.92,46044.52
LRCX,2025-01-06,2025-01-10,77.27,73.97,ZARAR (SL),-430.03,45611.49
LRCX,2025-01-16,2025-01-22,78.5,82.49,KAR (TP),505.71,46114.19
LRCX,2025-01-30,2025-02-18,80.0,85.79,KAR (TP),721.64,46832.83
LRCX,2025-06-05,2025-06-10,84.39,90.45,KAR (TP),714.23,47544.06
LRCX,2025-07-16,2025-07-23,100.01,96.75,ZARAR (SL),-328.79,47212.27
LRCX,2025-08-12,2025-08-15,104.9,99.15,ZARAR (SL),-551.06,46658.2
LRCX,2025-09-10,2025-09-11,106.97,115.16,KAR (TP),762.65,47417.85
LRCX,2025-10-08,2025-10-10,142.31,131.15,ZARAR (SL),-786.64,46628.21
LRCX,2025-10-22,2025-10-24,141.02,151.43,KAR (TP),735.41,47360.62
LRCX,2025-10-27,2025-11-05,156.64,164.78,KAR (TP),516.44,47874.06
LRCX,2025-11-07,2025-11-13,159.09,153.07,ZARAR (SL),-381.41,47489.65
LRCX,2025-12-18,2025-12-22,164.7,175.26,KAR (TP),638.17,48124.81
MRVL,2024-01-26,2024-02-20,67.66,64.68,ZARAR (SL),-443.92,47677.9
MRVL,2024-02-29,2024-03-01,71.26,77.17,KAR (TP),827.31,48502.21
MRVL,2024-03-04,2024-03-07,78.91,84.61,KAR (TP),720.38,49219.58
MRVL,2024-03-08,2024-03-11,75.0,71.95,ZARAR (SL),-408.73,48807.86
MRVL,2024-03-27,2024-04-15,71.9,67.56,ZARAR (SL),-607.75,48197.11
MRVL,2024-05-16,2024-05-28,72.73,77.96,KAR (TP),715.39,48909.5
MRVL,2024-06-13,2024-06-24,72.52,67.45,ZARAR (SL),-702.88,48203.62
MRVL,2024-07-08,2024-07-11,74.55,71.84,ZARAR (SL),-367.44,47833.18
MRVL,2024-08-15,2024-08-30,69.06,75.94,KAR (TP),993.68,48823.86
MRVL,2024-09-03,2024-09-06,69.74,65.94,ZARAR (SL),-548.56,48272.3
MRVL,2024-09-11,2024-09-18,74.59,71.27,ZARAR (SL),-448.99,47820.31
MRVL,2024-09-20,2024-09-24,73.58,70.92,ZARAR (SL),-364.45,47452.86
MRVL,2024-10-14,2024-10-16,77.44,81.43,KAR (TP),511.93,47961.8
MRVL,2024-10-31,2024-11-01,79.86,84.51,KAR (TP),578.7,48537.5
MRVL,2024-11-15,2024-11-21,87.56,92.65,KAR (TP),578.81,49113.3
MRVL,2024-11-25,2024-12-02,91.95,96.56,KAR (TP),497.87,49608.17
MRVL,2024-12-03,2024-12-04,95.61,117.78,KAR (TP),2315.84,51921.01
MRVL,2024-12-09,2024-12-13,106.7,120.39,KAR (TP),1280.75,53198.76
MRVL,2024-12-17,2024-12-18,111.9,104.95,ZARAR (SL),-623.93,52571.83
MRVL,2024-12-19,2024-12-24,108.77,115.59,KAR (TP),623.89,53192.72
MRVL,2025-01-17,2025-01-27,124.43,100.07,ZARAR (SL),-1961.16,51228.56
MRVL,2025-05-07,2025-05-09,56.23,59.56,KAR (TP),590.15,51815.7
MRVL,2025-05-16,2025-05-20,63.67,61.33,ZARAR (SL),-370.0,51442.7
MRVL,2025-05-27,2025-05-30,63.73,60.1,ZARAR (SL),-571.79,50867.92
MRVL,2025-06-04,2025-06-12,66.2,69.54,KAR (TP),500.77,51365.69
MRVL,2025-06-17,2025-06-18,69.89,74.84,KAR (TP),705.67,52068.36
MRVL,2025-06-23,2025-06-24,70.68,75.1,KAR (TP),622.88,52688.24
MRVL,2025-06-27,2025-07-02,77.05,74.14,ZARAR (SL),-380.14,52305.1
MRVL,2025-07-31,2025-08-01,80.32,74.4,ZARAR (SL),-739.59,51562.51
MRVL,2025-09-18,2025-09-24,74.18,80.04,KAR (TP),786.44,52345.94
MRVL,2025-10-10,2025-10-22,85.61,81.05,ZARAR (SL),-535.65,51807.3
MRVL,2025-10-31,2025-11-03,93.74,90.37,ZARAR (SL),-362.5,51441.79
MRVL,2025-11-05,2025-11-11,92.9,89.33,ZARAR (SL),-387.28,51051.51
MRVL,2025-12-02,2025-12-03,92.89,100.2,KAR (TP),783.95,51832.46
MRVL,2025-12-04,2025-12-08,98.19,92.0,ZARAR (SL),-633.41,51196.05
MRVL,2025-12-10,2025-12-11,92.47,89.43,ZARAR (SL),-331.76,50861.29
CDNS,2024-02-08,2024-02-13,307.36,294.33,ZARAR (SL),-426.93,50431.36
CDNS,2024-02-14,2024-02-16,300.74,290.3,ZARAR (SL),-350.14,50078.22
CDNS,2024-02-22,2024-03-21,305.57,322.8,KAR (TP),560.86,50636.08
CDNS,2024-03-22,2024-03-27,322.74,311.34,ZARAR (SL),-356.23,50276.86
CDNS,2024-05-23,2024-06-12,294.69,311.7,KAR (TP),574.22,50848.07
CDNS,2024-06-13,2024-06-18,307.54,326.5,KAR (TP),613.5,51458.58
CDNS,2024-06-28,2024-07-17,307.75,288.12,ZARAR (SL),-640.86,50814.72
CDNS,2024-09-30,2024-10-07,271.03,262.86,ZARAR (SL),-304.44,50507.28
CDNS,2024-10-29,2024-11-07,284.45,301.72,KAR (TP),604.14,51108.42
CDNS,2024-12-02,2024-12-19,310.27,299.87,ZARAR (SL),-338.19,50767.22
CDNS,2025-01-06,2025-01-13,308.14,292.5,ZARAR (SL),-510.56,50253.66
CDNS,2025-01-21,2025-01-27,310.97,289.87,ZARAR (SL),-681.52,49569.14
CDNS,2025-04-09,2025-04-10,264.65,254.02,ZARAR (SL),-404.66,49161.48
CDNS,2025-04-30,2025-05-13,297.74,318.66,KAR (TP),699.63,49858.1
CDNS,2025-06-26,2025-07-03,303.69,326.81,KAR (TP),758.3,50613.41
CDNS,2025-07-24,2025-07-29,324.64,366.26,KAR (TP),1279.04,51889.44
CDNS,2025-09-08,2025-09-10,360.64,338.53,ZARAR (SL),-616.08,51270.36
CDNS,2025-09-11,2025-09-12,354.7,343.48,ZARAR (SL),-319.32,50948.04
CDNS,2025-09-18,2025-09-25,364.88,351.06,ZARAR (SL),-381.75,50563.29
CDNS,2025-10-27,2025-10-30,351.4,336.09,ZARAR (SL),-438.69,50121.6
CDNS,2025-12-03,2025-12-12,336.11,323.22,ZARAR (SL),-386.5,49732.1
SNPS,2024-02-22,2024-03-13,580.9,561.2,ZARAR (SL),-342.13,49385.47
SNPS,2024-03-19,2024-04-04,584.71,567.11,ZARAR (SL),-304.0,49078.46
SNPS,2024-05-29,2024-05-31,580.21,560.8,ZARAR (SL),-337.53,48737.93
SNPS,2024-06-05,2024-06-18,588.14,620.31,KAR (TP),543.98,49278.91
SNPS,2024-06-20,2024-07-17,610.18,570.38,ZARAR (SL),-655.27,48620.64
SNPS,2024-08-22,2024-08-26,548.06,525.91,ZARAR (SL),-407.15,48210.49
SNPS,2024-10-08,2024-10-14,517.76,545.46,KAR (TP),532.0,48739.48
SNPS,2024-10-15,2024-10-16,517.56,501.35,ZARAR (SL),-316.2,48420.28
SNPS,2024-10-29,2024-11-07,529.21,573.59,KAR (TP),835.61,49252.89
SNPS,2024-11-21,2024-12-04,557.94,588.0,KAR (TP),535.77,49785.66
SNPS,2025-01-17,2025-01-27,526.7,510.73,ZARAR (SL),-306.21,49476.45
SNPS,2025-01-28,2025-02-12,526.12,509.71,ZARAR (SL),-314.91,49158.54
SNPS,2025-02-13,2025-02-19,528.29,500.98,ZARAR (SL),-519.95,48635.59
SNPS,2025-06-09,2025-06-13,495.77,478.86,ZARAR (SL),-344.09,48288.51
SNPS,2025-06-27,2025-07-03,502.63,548.74,KAR (TP),914.37,49199.88
SNPS,2025-12-17,2025-12-22,453.07,481.24,KAR (TP),618.76,49815.64
DXCM,2024-03-15,2024-03-25,130.46,140.1,KAR (TP),735.92,50548.56
DXCM,2024-04-09,2024-04-12,140.45,136.14,ZARAR (SL),-309.87,50235.69
DXCM,2024-10-10,2024-10-15,69.56,67.1,ZARAR (SL),-356.65,49876.04
DXCM,2024-10-16,2024-10-24,69.9,74.85,KAR (TP),705.15,50578.2
DXCM,2024-10-25,2024-10-31,73.44,70.48,ZARAR (SL),-406.05,50169.15
DXCM,2024-11-12,2024-11-27,74.34,78.1,KAR (TP),502.78,50668.93
DXCM,2024-12-17,2024-12-18,77.8,75.26,ZARAR (SL),-329.48,50336.45
DXCM,2024-12-20,2025-01-16,80.04,84.84,KAR (TP),596.7,50930.15
DXCM,2025-01-17,2025-01-24,84.38,88.75,KAR (TP),514.9,51442.05
DXCM,2025-02-14,2025-03-03,89.07,85.99,ZARAR (SL),-348.8,51090.25
DXCM,2025-05-01,2025-05-02,70.26,81.62,KAR (TP),1613.85,52701.1
DXCM,2025-05-30,2025-06-11,85.8,82.99,ZARAR (SL),-330.51,52367.6
DXCM,2025-06-24,2025-06-25,87.57,84.68,ZARAR (SL),-333.02,52031.58
DXCM,2025-06-27,2025-07-01,86.33,83.58,ZARAR (SL),-321.55,51707.03
DXCM,2025-07-17,2025-07-25,84.1,88.99,KAR (TP),578.45,52282.48
DXCM,2025-07-30,2025-07-31,89.06,80.77,ZARAR (SL),-933.83,51345.65
DXCM,2025-09-03,2025-09-10,78.92,76.0,ZARAR (SL),-372.99,50969.65
DXCM,2025-10-28,2025-10-31,69.23,58.22,ZARAR (SL),-1593.35,49373.3
KLAC,2024-01-26,2024-02-09,589.05,638.62,KAR (TP),838.38,50207.19
KLAC,2024-02-12,2024-02-22,636.9,673.49,KAR (TP),571.64,50775.83
KLAC,2024-03-08,2024-04-04,688.7,662.64,ZARAR (SL),-381.43,50391.4
KLAC,2024-04-26,2024-05-01,695.65,656.03,ZARAR (SL),-572.48,49815.92
KLAC,2024-05-29,2024-06-12,762.3,817.03,KAR (TP),714.93,50527.85
KLAC,2024-06-17,2024-06-21,837.82,805.92,ZARAR (SL),-383.85,50141.0
KLAC,2024-06-25,2024-07-08,807.39,855.26,KAR (TP),590.0,50728.0
KLAC,2024-07-11,2024-07-17,841.84,771.57,ZARAR (SL),-837.75,49887.25
KLAC,2024-08-15,2024-08-22,826.81,789.56,ZARAR (SL),-453.5,49430.75
KLAC,2024-08-30,2024-09-03,810.24,733.11,ZARAR (SL),-954.88,48472.87
KLAC,2024-10-01,2024-10-09,745.23,795.6,KAR (TP),672.87,49142.75
KLAC,2024-12-03,2024-12-05,660.08,637.16,ZARAR (SL),-350.14,48789.6
KLAC,2024-12-13,2024-12-18,648.22,625.42,ZARAR (SL),-354.66,48431.94
KLAC,2025-01-06,2025-01-16,684.45,740.93,KAR (TP),822.15,49251.09
KLAC,2025-01-27,2025-01-30,696.75,736.14,KAR (TP),562.24,49810.33
KLAC,2025-01-31,2025-02-20,731.98,771.04,KAR (TP),530.57,50337.9
KLAC,2025-04-09,2025-04-10,698.92,652.66,ZARAR (SL),-664.87,49670.03
KLAC,2025-05-30,2025-06-06,753.97,804.89,KAR (TP),672.4,50339.43
KLAC,2025-06-09,2025-06-11,826.1,868.65,KAR (TP),512.02,50848.45
KLAC,2025-07-16,2025-07-22,929.9,888.79,ZARAR (SL),-445.1,50400.35
KLAC,2025-07-30,2025-07-31,921.44,875.65,ZARAR (SL),-499.87,49897.48
KLAC,2025-10-08,2025-10-10,1060.81,981.1,ZARAR (SL),-754.37,49140.11
KLAC,2025-10-15,2025-10-20,1085.19,1150.96,KAR (TP),603.07,49740.17
KLAC,2025-10-22,2025-10-24,1112.45,1180.84,KAR (TP),611.72,50348.9
KLAC,2025-11-04,2025-11-14,1191.49,1132.42,ZARAR (SL),-498.77,49847.13
KLAC,2025-12-12,2025-12-22,1193.92,1265.66,KAR (TP),597.88,50442.0
ROST,2024-02-05,2024-02-28,139.8,147.34,KAR (TP),536.41,50975.41
ROST,2024-02-29,2024-04-02,145.88,141.06,ZARAR (SL),-333.27,50639.14
ROST,2024-05-28,2024-06-10,135.13,142.12,KAR (TP),514.29,51150.43
ROST,2024-07-15,2024-07-19,145.75,141.25,ZARAR (SL),-312.29,50835.14
ROST,2024-08-15,2024-08-23,145.48,152.77,KAR (TP),498.35,51330.49
ROST,2024-08-30,2024-10-04,148.24,143.64,ZARAR (SL),-313.33,51014.17
ROST,2024-11-22,2024-11-26,144.15,152.33,KAR (TP),564.46,51575.62
ROST,2025-04-09,2025-05-12,135.94,148.1,KAR (TP),891.89,52464.51
ROST,2025-07-31,2025-08-06,135.87,145.83,KAR (TP),730.12,53191.63
ROST,2025-08-14,2025-10-02,146.65,155.82,KAR (TP),621.81,53810.44
ROST,2025-10-06,2025-10-27,151.91,160.36,KAR (TP),553.29,54360.73
ROST,2025-11-03,2025-11-21,160.83,173.6,KAR (TP),791.04,55148.77
MSCI,2024-02-02,2024-02-14,578.9,559.12,ZARAR (SL),-344.62,54799.65
MSCI,2024-03-20,2024-04-02,547.32,530.82,ZARAR (SL),-304.36,54492.3
MSCI,2024-05-23,2024-07-23,481.6,536.21,KAR (TP),1130.97,55620.27
MSCI,2024-08-02,2024-08-05,530.16,508.15,ZARAR (SL),-418.3,55198.97
MSCI,2024-08-14,2024-08-27,544.39,576.05,KAR (TP),578.72,55774.69
MSCI,2024-10-03,2024-10-30,579.4,560.47,ZARAR (SL),-329.7,55441.99
MSCI,2024-11-13,2024-11-20,601.29,574.7,ZARAR (SL),-445.07,54993.92
MSCI,2024-12-06,2024-12-18,609.44,590.41,ZARAR (SL),-315.39,54675.54
MSCI,2025-01-21,2025-01-29,609.64,585.62,ZARAR (SL),-397.08,54275.45
MSCI,2025-05-08,2025-07-03,552.72,584.03,KAR (TP),563.41,54835.86
MSCI,2025-07-16,2025-07-22,568.52,523.16,ZARAR (SL),-800.9,54031.96
MSCI,2025-09-08,2025-09-18,572.78,554.23,ZARAR (SL),-326.72,53702.25
MSCI,2025-10-28,2025-10-29,591.9,565.76,ZARAR (SL),-444.59,53254.66
MSCI,2025-10-30,2025-11-17,581.31,557.93,ZARAR (SL),-405.18,52846.47
CHTR,2024-03-11,2024-03-26,298.25,287.89,ZARAR (SL),-350.36,52491.61
CHTR,2024-05-08,2024-05-09,272.78,263.93,ZARAR (SL),-327.44,52161.18
CHTR,2024-05-10,2024-06-21,275.55,290.35,KAR (TP),534.11,52692.28
CHTR,2024-06-24,2024-07-02,285.85,303.5,KAR (TP),614.46,53303.74
CHTR,2024-07-10,2024-07-12,293.95,311.04,KAR (TP),578.39,53879.13
CHTR,2024-07-22,2024-07-26,312.97,367.62,KAR (TP),1743.17,55619.3
CHTR,2024-10-22,2024-11-01,329.82,366.49,KAR (TP),1108.82,56725.12
CHTR,2024-12-04,2024-12-09,402.12,365.96,ZARAR (SL),-902.23,55819.89
CHTR,2025-01-23,2025-01-30,359.96,336.62,ZARAR (SL),-651.41,55165.48
CHTR,2025-02-28,2025-03-06,363.57,382.94,KAR (TP),529.77,55692.26
CHTR,2025-03-07,2025-03-11,379.52,355.87,ZARAR (SL),-626.16,55063.1
CHTR,2025-03-21,2025-03-26,363.81,384.77,KAR (TP),573.12,55633.22
CHTR,2025-04-28,2025-05-06,376.87,402.01,KAR (TP),664.07,56294.3
CHTR,2025-05-27,2025-05-29,411.13,395.81,ZARAR (SL),-375.63,55915.67
CHTR,2025-06-27,2025-07-15,400.97,383.33,ZARAR (SL),-442.93,55469.73
CHTR,2025-09-17,2025-10-06,268.02,282.74,KAR (TP),546.21,56012.95
JPM,2024-01-31,2024-02-23,167.79,177.06,KAR (TP),549.31,56557.75
JPM,2024-03-14,2024-03-21,180.89,191.56,KAR (TP),586.99,57141.74
JPM,2024-03-25,2024-04-12,187.48,176.93,ZARAR (SL),-565.76,56572.98
JPM,2024-05-21,2024-06-12,193.12,185.39,ZARAR (SL),-403.46,56166.51
JPM,2024-06-24,2024-07-02,192.5,202.14,KAR (TP),497.3,56660.82
JPM,2024-07-18,2024-08-02,204.37,193.82,ZARAR (SL),-519.24,56138.58
JPM,2024-09-05,2024-09-10,211.82,200.07,ZARAR (SL),-557.61,55577.96
JPM,2024-11-07,2024-11-22,231.48,243.4,KAR (TP),511.85,56086.81
JPM,2025-04-11,2025-04-21,233.93,226.79,ZARAR (SL),-308.25,55775.56
JPM,2025-05-30,2025-06-23,261.46,275.6,KAR (TP),537.53,56310.09
JPM,2025-07-08,2025-07-25,281.41,297.18,KAR (TP),557.15,56864.24
JPM,2025-07-31,2025-08-07,294.81,285.55,ZARAR (SL),-316.93,56544.31
JPM,2025-08-12,2025-09-15,291.43,307.41,KAR (TP),545.06,57086.37
JPM,2025-09-16,2025-10-17,307.69,297.56,ZARAR (SL),-332.36,56751.02
JPM,2025-11-13,2025-11-18,309.48,299.41,ZARAR (SL),-328.38,56419.63
JPM,2025-12-03,2025-12-09,312.13,300.51,ZARAR (SL),-375.28,56041.35
V,2024-01-31,2024-03-14,269.27,282.76,KAR (TP),497.77,56534.62
V,2024-03-15,2024-04-04,279.43,270.51,ZARAR (SL),-322.39,56209.23
V,2024-05-08,2024-06-27,273.66,263.68,ZARAR (SL),-367.61,55838.62
V,2024-09-19,2024-09-24,282.69,270.34,ZARAR (SL),-439.82,55395.8
V,2024-10-29,2024-11-06,279.36,304.65,KAR (TP),902.35,56295.15
V,2024-11-07,2024-12-24,303.07,318.39,KAR (TP),502.55,56794.69
V,2025-01-23,2025-02-03,325.9,343.38,KAR (TP),533.55,57325.24
V,2025-02-21,2025-03-11,346.65,330.35,ZARAR (SL),-473.26,56848.98
V,2025-05-27,2025-06-18,357.96,339.11,ZARAR (SL),-529.58,56316.4
V,2025-07-24,2025-08-01,352.65,338.08,ZARAR (SL),-416.03,55897.37
V,2025-09-17,2025-09-25,345.52,334.27,ZARAR (SL),-328.53,55565.84
V,2025-10-23,2025-11-10,345.28,334.19,ZARAR (SL),-324.14,55238.7
MA,2024-02-21,2024-03-19,454.52,479.22,KAR (TP),540.51,55774.72
MA,2024-03-21,2024-04-04,483.82,465.13,ZARAR (SL),-389.17,55382.54
MA,2024-07-03,2024-07-10,444.37,430.59,ZARAR (SL),-313.09,55066.45
MA,2024-07-17,2024-07-24,447.99,429.41,ZARAR (SL),-417.71,54645.74
MA,2024-07-31,2024-08-05,460.45,438.89,ZARAR (SL),-471.18,54171.56
MA,2024-09-05,2024-10-11,474.0,499.39,KAR (TP),532.61,54701.17
MA,2024-10-28,2024-12-11,505.31,531.4,KAR (TP),513.32,55211.49
MA,2024-12-16,2025-01-06,527.28,509.01,ZARAR (SL),-349.59,54858.9
MA,2025-01-21,2025-01-30,525.82,563.61,KAR (TP),715.67,55571.57
MA,2025-02-25,2025-03-07,561.63,544.45,ZARAR (SL),-309.01,55259.56
MA,2025-04-30,2025-05-12,546.6,576.73,KAR (TP),548.22,55804.77
MA,2025-05-21,2025-06-18,568.02,537.29,ZARAR (SL),-543.96,55257.81
MA,2025-07-31,2025-08-22,565.72,598.17,KAR (TP),570.55,55825.37
MA,2025-08-26,2025-09-23,590.83,569.22,ZARAR (SL),-368.78,55453.58
MA,2025-10-21,2025-10-29,572.03,554.58,ZARAR (SL),-308.05,55142.53
MA,2025-12-02,2025-12-22,545.91,575.7,KAR (TP),542.7,55682.22
BAC,2024-01-30,2024-02-01,33.16,31.98,ZARAR (SL),-359.42,55319.8
BAC,2024-02-15,2024-03-07,32.47,34.2,KAR (TP),528.55,55845.35
BAC,2024-04-04,2024-04-12,35.44,34.35,ZARAR (SL),-309.07,55533.29
BAC,2024-04-22,2024-05-21,36.21,38.06,KAR (TP),505.88,56036.17
BAC,2024-05-28,2024-07-09,37.74,40.0,KAR (TP),595.15,56628.31
BAC,2024-07-15,2024-07-16,40.45,42.61,KAR (TP),531.73,57157.05
BAC,2024-07-22,2024-07-31,40.85,38.93,ZARAR (SL),-473.45,56680.6
BAC,2024-09-04,2024-09-06,39.11,37.67,ZARAR (SL),-370.24,56307.36
BAC,2024-09-09,2024-10-11,38.36,40.77,KAR (TP),625.32,56929.68
BAC,2024-10-30,2024-11-06,41.12,44.14,KAR (TP),729.69,57656.37
BAC,2024-11-07,2024-11-25,43.51,46.17,KAR (TP),606.78,58260.16
BAC,2025-01-08,2025-02-21,45.16,43.8,ZARAR (SL),-305.96,57951.19
BAC,2025-05-30,2025-06-23,43.4,45.81,KAR (TP),550.56,58498.75
BAC,2025-06-27,2025-08-01,46.62,45.17,ZARAR (SL),-312.85,58182.9
BAC,2025-08-18,2025-08-27,47.41,49.84,KAR (TP),510.36,58690.26
BAC,2025-09-08,2025-09-18,49.2,51.86,KAR (TP),536.83,59224.09
BAC,2025-09-19,2025-10-01,51.98,50.42,ZARAR (SL),-303.48,58917.61
BAC,2025-10-15,2025-10-16,52.01,50.18,ZARAR (SL),-354.95,58559.66
BAC,2025-10-24,2025-12-12,52.3,55.14,KAR (TP),540.38,59097.04
WFC,2024-01-26,2024-02-06,47.98,46.37,ZARAR (SL),-339.01,58753.53
WFC,2024-02-15,2024-02-27,49.97,52.63,KAR (TP),529.28,59279.81
WFC,2024-03-20,2024-04-19,55.02,57.95,KAR (TP),529.29,59806.1
WFC,2024-04-25,2024-06-06,57.55,55.75,ZARAR (SL),-314.72,59488.38
WFC,2024-06-28,2024-07-12,57.36,54.6,ZARAR (SL),-482.88,59002.5
WFC,2024-07-16,2024-08-01,58.18,54.93,ZARAR (SL),-560.77,58438.73
WFC,2024-09-05,2024-09-06,55.33,52.55,ZARAR (SL),-505.99,57929.74
WFC,2024-09-19,2024-09-25,54.3,52.17,ZARAR (SL),-395.47,57531.27
WFC,2025-01-14,2025-01-15,69.68,74.33,KAR (TP),665.63,58193.9
WFC,2025-01-16,2025-02-05,74.33,78.35,KAR (TP),536.83,58727.73
WFC,2025-02-10,2025-02-25,77.8,74.75,ZARAR (SL),-394.91,58329.82
WFC,2025-05-21,2025-06-23,72.38,76.16,KAR (TP),518.93,58845.75
WFC,2025-06-26,2025-07-25,79.08,83.39,KAR (TP),542.27,59385.02
WFC,2025-08-27,2025-09-05,82.07,78.55,ZARAR (SL),-432.09,58949.93
WFC,2025-09-09,2025-09-22,80.34,84.71,KAR (TP),541.82,59488.76
WFC,2025-10-14,2025-12-03,84.12,89.35,KAR (TP),619.02,60104.77
GS,2024-01-30,2024-03-21,370.17,398.65,KAR (TP),766.56,60868.33
GS,2024-04-22,2024-05-06,402.16,427.52,KAR (TP),627.65,61492.98
GS,2024-05-23,2024-07-10,441.47,464.25,KAR (TP),512.95,62002.92
GS,2024-07-11,2024-07-30,464.58,490.21,KAR (TP),548.72,62548.64
GS,2024-07-31,2024-08-02,493.47,456.25,ZARAR (SL),-757.18,61788.46
GS,2024-09-19,2024-10-03,491.32,474.03,ZARAR (SL),-354.9,61430.56
GS,2024-10-09,2024-11-06,492.64,581.18,KAR (TP),1794.38,63221.94
GS,2024-11-07,2024-12-18,567.71,539.24,ZARAR (SL),-504.47,62714.47
GS,2025-01-15,2025-01-23,593.8,626.71,KAR (TP),551.2,63262.67
GS,2025-05-21,2025-06-11,584.47,617.78,KAR (TP),566.9,63826.56
GS,2025-06-16,2025-06-24,621.43,655.34,KAR (TP),542.67,64366.24
GS,2025-07-16,2025-08-13,701.57,737.07,KAR (TP),503.05,64866.29
GS,2025-08-22,2025-09-11,734.3,780.86,KAR (TP),631.07,65494.36
GS,2025-09-30,2025-10-10,792.42,760.59,ZARAR (SL),-404.71,65086.65
GS,2025-11-13,2025-11-17,801.53,771.73,ZARAR (SL),-374.69,64708.95
GS,2025-11-25,2025-12-05,798.36,854.56,KAR (TP),700.91,65406.87
MS,2024-02-16,2024-03-20,81.98,86.58,KAR (TP),557.69,65960.06
MS,2024-03-21,2024-04-11,88.52,82.3,ZARAR (SL),-705.35,65251.71
MS,2024-07-01,2024-07-11,94.85,100.09,KAR (TP),549.64,65798.35
MS,2024-07-19,2024-08-02,97.65,92.51,ZARAR (SL),-529.77,65265.58
MS,2024-09-03,2024-09-26,95.81,100.95,KAR (TP),533.92,65796.5
MS,2024-11-26,2024-12-10,127.7,123.34,ZARAR (SL),-345.02,65448.48
MS,2025-01-15,2025-01-17,126.99,134.11,KAR (TP),557.71,66003.19
MS,2025-01-21,2025-02-21,133.56,128.96,ZARAR (SL),-347.77,65652.41
MS,2025-05-21,2025-06-06,123.68,130.12,KAR (TP),517.35,66166.76
MS,2025-06-18,2025-06-26,130.81,137.95,KAR (TP),542.58,66706.34
MS,2025-07-15,2025-08-13,139.76,146.87,KAR (TP),505.27,67208.61
MS,2025-08-15,2025-09-09,143.75,151.3,KAR (TP),521.79,67727.4
MS,2025-09-16,2025-10-24,154.87,162.87,KAR (TP),513.65,68238.05
MS,2025-11-07,2025-12-03,162.36,173.72,KAR (TP),696.68,68931.73
MS,2025-12-18,2025-12-24,172.96,181.65,KAR (TP),499.43,69428.16
SPY,2024-01-31,2024-02-22,471.23,495.26,KAR (TP),506.86,69932.01
SPY,2024-02-29,2024-06-05,495.82,523.39,KAR (TP),553.04,70482.05
SPY,2024-06-12,2024-08-05,529.94,508.1,ZARAR (SL),-415.12,70063.93
SPY,2024-09-03,2024-10-11,542.18,570.93,KAR (TP),527.32,70588.24
SPY,2024-10-15,2025-01-23,571.13,602.67,KAR (TP),549.32,71134.56
SPY,2025-01-31,2025-03-04,594.83,570.16,ZARAR (SL),-417.74,70713.82
SPY,2025-05-21,2025-06-26,577.83,608.38,KAR (TP),525.75,71236.57
SPY,2025-06-27,2025-08-27,611.4,642.94,KAR (TP),512.85,71746.42
SPY,2025-08-29,2025-10-24,641.37,675.25,KAR (TP),525.29,72268.71
SPY,2025-10-29,2025-11-17,685.36,663.71,ZARAR (SL),-318.98,71946.74
BLK,2024-02-07,2024-03-04,760.57,798.64,KAR (TP),497.44,72439.68
BLK,2024-03-21,2024-03-25,810.9,786.01,ZARAR (SL),-309.99,72126.69
BLK,2024-06-28,2024-07-12,763.19,802.59,KAR (TP),513.31,72637.0
BLK,2024-07-15,2024-07-30,797.73,845.84,KAR (TP),600.07,73234.07
BLK,2024-09-03,2024-09-19,859.26,911.58,KAR (TP),605.87,73836.94
BLK,2024-09-20,2024-10-11,905.65,965.59,KAR (TP),658.83,74492.77
BLK,2024-10-17,2024-11-11,977.52,1027.58,KAR (TP),509.12,74998.89
BLK,2024-11-19,2025-01-07,1002.49,961.06,ZARAR (SL),-416.31,74579.57
BLK,2025-01-29,2025-02-03,1031.47,993.39,ZARAR (SL),-372.18,74204.39
BLK,2025-05-21,2025-06-25,958.49,1008.39,KAR (TP),517.56,74718.95
BLK,2025-06-26,2025-07-09,1020.98,1078.39,KAR (TP),559.29,75275.24
BLK,2025-07-15,2025-07-17,1036.2,1094.86,KAR (TP),563.07,75835.31
BLK,2025-07-18,2025-08-12,1093.08,1148.57,KAR (TP),504.62,76336.93
BLK,2025-08-13,2025-08-21,1148.99,1114.04,ZARAR (SL),-307.13,76026.8
BLK,2025-08-26,2025-09-03,1128.95,1089.02,ZARAR (SL),-356.66,75667.14
BLK,2025-09-17,2025-10-14,1126.3,1188.48,KAR (TP),549.05,76213.19
BLK,2025-10-15,2025-10-17,1196.76,1155.54,ZARAR (SL),-347.51,75862.68
SCHW,2024-02-15,2024-03-05,63.17,66.56,KAR (TP),533.9,76392.08
SCHW,2024-03-08,2024-03-21,65.65,70.23,KAR (TP),693.74,77082.83
SCHW,2024-04-10,2024-04-23,69.49,73.53,KAR (TP),577.87,77657.7
SCHW,2024-05-14,2024-05-23,75.58,70.94,ZARAR (SL),-616.73,77037.97
SCHW,2024-06-24,2024-07-16,73.08,66.12,ZARAR (SL),-955.64,76079.33
SCHW,2024-08-14,2024-09-06,64.35,61.93,ZARAR (SL),-379.38,75696.96
SCHW,2024-09-19,2024-10-15,63.76,70.85,KAR (TP),1108.8,76802.75
SCHW,2024-11-06,2024-11-07,74.58,72.04,ZARAR (SL),-343.6,76456.16
SCHW,2024-11-08,2024-11-11,73.01,76.91,KAR (TP),531.51,76984.66
SCHW,2024-11-13,2024-11-26,77.3,81.25,KAR (TP),508.18,77489.85
SCHW,2024-12-09,2024-12-16,80.52,77.0,ZARAR (SL),-440.98,77045.86
SCHW,2025-02-10,2025-02-27,80.19,77.74,ZARAR (SL),-308.47,76734.39
SCHW,2025-04-01,2025-04-03,76.99,74.21,ZARAR (SL),-363.5,76367.89
SCHW,2025-05-29,2025-07-07,87.27,92.08,KAR (TP),548.5,76913.4
SCHW,2025-07-16,2025-07-21,90.75,95.71,KAR (TP),543.79,77454.18
SCHW,2025-07-25,2025-09-05,96.51,91.79,ZARAR (SL),-492.42,76958.76
SCHW,2025-10-15,2025-11-20,94.06,90.49,ZARAR (SL),-382.84,76572.92
SCHW,2025-12-03,2025-12-19,93.99,98.82,KAR (TP),510.88,77080.8
C,2024-01-30,2024-02-05,53.56,51.61,ZARAR (SL),-365.56,76712.25
C,2024-03-14,2024-03-20,54.07,56.95,KAR (TP),529.49,77238.74
C,2024-04-03,2024-04-12,58.42,56.52,ZARAR (SL),-328.82,76906.92
C,2024-04-23,2024-06-11,59.35,56.49,ZARAR (SL),-484.29,76419.63
C,2024-06-28,2024-07-10,60.62,63.98,KAR (TP),551.68,76968.31
C,2024-07-12,2024-08-02,61.63,56.13,ZARAR (SL),-895.75,76069.56
C,2024-09-04,2024-09-06,58.79,56.99,ZARAR (SL),-309.76,75756.8
C,2024-09-19,2024-09-25,60.78,58.23,ZARAR (SL),-421.91,75331.89
C,2024-10-11,2024-10-15,63.4,60.41,ZARAR (SL),-474.56,74854.33
C,2024-10-16,2024-10-21,61.97,59.63,ZARAR (SL),-379.65,74471.68
C,2024-10-22,2024-11-06,61.3,67.17,KAR (TP),953.91,75422.59
C,2024-11-07,2024-12-05,66.27,70.28,KAR (TP),601.9,76021.5
C,2025-01-06,2025-01-15,70.78,76.16,KAR (TP),757.24,76775.74
C,2025-02-06,2025-02-21,80.66,78.04,ZARAR (SL),-328.52,76444.22
C,2025-05-30,2025-06-23,74.38,78.37,KAR (TP),533.38,76974.6
C,2025-08-01,2025-08-27,90.69,96.3,KAR (TP),615.22,77586.81
C,2025-09-02,2025-09-15,94.22,99.2,KAR (TP),525.59,78109.41
C,2025-09-17,2025-10-02,101.16,96.76,ZARAR (SL),-437.36,77669.05
C,2025-11-07,2025-11-20,100.79,97.63,ZARAR (SL),-316.52,77349.53
C,2025-12-03,2025-12-15,106.72,112.8,KAR (TP),566.72,77913.24
AXP,2024-01-26,2024-02-09,197.56,208.39,KAR (TP),545.08,78455.32
AXP,2024-03-15,2024-04-19,214.26,227.3,KAR (TP),605.61,79057.94
AXP,2024-04-22,2024-06-11,229.23,220.9,ZARAR (SL),-366.52,78688.42
AXP,2024-07-19,2024-08-02,239.17,229.21,ZARAR (SL),-419.7,78265.72
AXP,2024-08-21,2024-08-29,243.04,256.4,KAR (TP),546.74,78809.45
AXP,2024-09-03,2024-09-06,250.94,240.83,ZARAR (SL),-406.05,78400.4
AXP,2024-09-09,2024-09-17,247.6,261.89,KAR (TP),574.08,78971.48
AXP,2024-09-19,2024-10-16,265.19,278.68,KAR (TP),505.5,79473.98
AXP,2024-10-17,2024-10-18,282.73,273.84,ZARAR (SL),-317.58,79153.41
AXP,2024-11-06,2024-11-18,292.01,282.5,ZARAR (SL),-328.93,78821.48
AXP,2024-12-09,2024-12-18,293.56,284.71,ZARAR (SL),-304.29,78514.19
AXP,2025-01-06,2025-01-21,299.36,315.3,KAR (TP),529.33,79040.52
AXP,2025-01-27,2025-02-12,313.78,303.85,ZARAR (SL),-319.67,78717.85
AXP,2025-04-09,2025-04-10,261.04,245.65,ZARAR (SL),-592.65,78122.2
AXP,2025-05-21,2025-06-06,284.56,300.95,KAR (TP),572.87,78692.08
AXP,2025-06-18,2025-06-26,294.93,309.85,KAR (TP),503.04,79192.12
AXP,2025-06-27,2025-07-21,315.59,302.2,ZARAR (SL),-427.2,78761.92
AXP,2025-09-03,2025-09-18,322.89,340.81,KAR (TP),551.82,79310.74
AXP,2025-09-19,2025-10-01,340.26,327.73,ZARAR (SL),-371.2,78936.54
AXP,2025-10-14,2025-10-21,332.85,355.22,KAR (TP),669.07,79602.61
AXP,2025-10-22,2025-11-11,352.0,370.16,KAR (TP),512.91,80112.52
CB,2024-02-29,2024-04-24,246.75,239.05,ZARAR (SL),-315.08,79792.94
CB,2024-05-20,2024-06-28,259.83,251.79,ZARAR (SL),-312.5,79477.44
CB,2024-07-17,2024-08-29,264.02,278.34,KAR (TP),539.49,80013.93
CB,2024-09-11,2024-10-17,280.67,298.94,KAR (TP),647.81,80658.74
CB,2024-10-18,2024-10-25,298.71,285.17,ZARAR (SL),-456.16,80199.58
CB,2024-11-26,2024-12-09,285.66,274.61,ZARAR (SL),-389.86,79806.72
CB,2025-02-24,2025-03-03,271.66,287.81,KAR (TP),591.28,80395.0
CB,2025-03-04,2025-03-27,282.3,297.36,KAR (TP),530.31,80922.31
CB,2025-03-28,2025-04-04,295.45,279.74,ZARAR (SL),-534.64,80384.67
CB,2025-05-15,2025-06-18,291.07,282.15,ZARAR (SL),-309.48,80072.19
CB,2025-09-02,2025-10-16,276.81,268.23,ZARAR (SL),-312.96,79756.23
CB,2025-10-23,2025-11-21,282.94,298.29,KAR (TP),539.52,80292.75
CB,2025-11-24,2025-12-15,295.81,312.61,KAR (TP),564.93,80854.68
MMC,2024-01-31,2024-02-22,188.72,198.86,KAR (TP),534.56,81384.73
MMC,2024-02-29,2024-06-18,196.92,207.82,KAR (TP),550.53,81932.27
MMC,2024-06-25,2024-07-30,207.33,218.12,KAR (TP),517.05,82446.32
MMC,2024-08-01,2024-08-05,220.26,212.11,ZARAR (SL),-373.42,82069.9
MMC,2024-09-05,2024-10-07,224.04,216.32,ZARAR (SL),-347.47,81719.44
MMC,2024-10-17,2024-10-31,223.35,214.81,ZARAR (SL),-385.51,81330.92
MMC,2024-11-08,2024-12-09,221.82,214.74,ZARAR (SL),-322.05,81005.88
MMC,2025-01-16,2025-02-07,212.89,224.66,KAR (TP),549.88,81552.76
MMC,2025-03-06,2025-04-07,233.56,221.78,ZARAR (SL),-507.17,81042.59
MMC,2025-05-16,2025-06-09,229.37,220.57,ZARAR (SL),-386.34,80653.25
MMC,2025-08-28,2025-09-10,205.52,197.88,ZARAR (SL),-374.54,80275.72
MMC,2025-10-15,2025-10-16,203.85,186.48,ZARAR (SL),-855.1,79417.62
AON,2024-01-26,2024-02-28,297.59,313.77,KAR (TP),540.73,79953.85
AON,2024-02-29,2024-03-27,312.12,329.7,KAR (TP),560.31,80511.16
AON,2024-04-03,2024-04-11,320.5,307.19,ZARAR (SL),-418.14,80090.02
AON,2024-06-06,2024-06-17,282.89,297.05,KAR (TP),497.51,80584.53
AON,2024-06-25,2024-07-26,289.93,319.81,KAR (TP),1027.67,81609.19
AON,2024-08-15,2024-09-04,328.86,345.82,KAR (TP),512.6,82118.79
AON,2024-09-11,2024-10-25,342.1,372.5,KAR (TP),885.63,83001.42
AON,2024-10-28,2024-11-25,368.8,387.38,KAR (TP),500.84,83499.27
AON,2024-12-03,2024-12-09,383.25,365.69,ZARAR (SL),-461.04,83035.23
AON,2025-01-17,2025-02-06,363.97,383.11,KAR (TP),522.75,83554.98
AON,2025-03-05,2025-03-17,402.38,389.34,ZARAR (SL),-326.95,83225.03
AON,2025-05-29,2025-06-09,366.15,353.09,ZARAR (SL),-359.75,82862.28
AON,2025-07-24,2025-08-20,355.86,374.0,KAR (TP),506.66,83365.93
AON,2025-08-26,2025-09-16,369.0,356.57,ZARAR (SL),-339.86,83023.08
CME,2024-02-08,2024-02-14,191.27,201.75,KAR (TP),545.04,83563.62
CME,2024-02-22,2024-04-09,204.4,197.72,ZARAR (SL),-329.42,83231.19
CME,2024-04-22,2024-05-01,203.1,196.11,ZARAR (SL),-346.88,82881.31
CME,2024-05-09,2024-05-29,201.33,194.06,ZARAR (SL),-364.41,82513.9
CME,2024-08-02,2024-08-27,189.43,201.34,KAR (TP),626.03,83136.93
CME,2024-09-03,2024-10-01,201.57,214.67,KAR (TP),646.98,83780.91
CME,2024-10-07,2024-11-26,211.29,223.35,KAR (TP),567.96,84345.87
CME,2024-12-02,2025-02-03,224.52,236.15,KAR (TP),515.25,84858.12
CME,2025-02-04,2025-03-03,238.0,252.08,KAR (TP),588.68,85443.8
CME,2025-03-04,2025-03-17,247.27,259.93,KAR (TP),509.08,85949.88
CME,2025-03-19,2025-04-04,261.8,250.94,ZARAR (SL),-417.74,85529.15
CME,2025-05-21,2025-06-09,277.84,265.85,ZARAR (SL),-434.65,85091.5
CME,2025-07-08,2025-08-28,273.06,264.28,ZARAR (SL),-324.45,84764.05
CME,2025-09-30,2025-10-06,268.95,260.85,ZARAR (SL),-304.27,84456.78
CME,2025-10-08,2025-11-11,263.72,277.56,KAR (TP),521.65,84975.43
CME,2025-11-13,2025-11-19,282.24,271.24,ZARAR (SL),-392.72,84579.71
CME,2025-11-20,2025-12-10,273.96,265.11,ZARAR (SL),-326.02,84250.7
ICE,2024-01-31,2024-02-08,124.37,131.0,KAR (TP),530.26,84777.96
ICE,2024-02-13,2024-04-16,131.28,127.29,ZARAR (SL),-306.8,84468.15
ICE,2024-05-15,2024-05-28,135.1,131.0,ZARAR (SL),-306.91,84158.25
ICE,2024-06-05,2024-07-09,132.62,140.07,KAR (TP),558.02,84713.26
ICE,2024-07-31,2024-08-23,149.01,157.32,KAR (TP),554.53,85264.8
ICE,2024-09-11,2024-11-01,157.3,152.47,ZARAR (SL),-310.36,84951.43
ICE,2024-12-02,2024-12-17,156.06,151.08,ZARAR (SL),-322.46,84625.97
ICE,2025-01-21,2025-01-27,150.02,159.03,KAR (TP),597.45,85220.42
ICE,2025-02-27,2025-04-04,168.93,155.42,ZARAR (SL),-802.52,84414.9
ICE,2025-05-21,2025-06-30,173.25,182.41,KAR (TP),526.02,84937.92
ICE,2025-07-24,2025-08-18,182.52,176.92,ZARAR (SL),-310.22,84624.7
ICE,2025-12-02,2025-12-12,154.9,162.72,KAR (TP),502.28,85123.98
PGR,2024-02-13,2024-02-22,178.2,187.6,KAR (TP),524.79,85644.27
PGR,2024-02-29,2024-03-13,185.52,195.48,KAR (TP),534.03,86175.3
PGR,2024-04-17,2024-06-12,204.76,198.22,ZARAR (SL),-322.43,85849.87
PGR,2024-06-18,2024-07-17,206.35,216.84,KAR (TP),504.94,86351.81
PGR,2024-07-18,2024-07-22,219.95,211.89,ZARAR (SL),-369.54,85979.27
PGR,2024-07-23,2024-08-14,211.5,229.56,KAR (TP),851.1,86827.37
PGR,2024-09-19,2024-10-07,250.09,240.61,ZARAR (SL),-382.3,86442.07
PGR,2024-11-06,2024-12-09,253.57,242.9,ZARAR (SL),-423.87,86015.2
PGR,2025-01-21,2025-02-11,240.73,257.27,KAR (TP),684.11,86696.31
PGR,2025-03-07,2025-04-04,279.5,257.44,ZARAR (SL),-792.38,85900.93
PGR,2025-05-12,2025-06-09,280.03,271.09,ZARAR (SL),-322.0,85575.93
PGR,2025-08-13,2025-09-22,249.09,241.05,ZARAR (SL),-325.65,85247.29
ALL,2024-02-07,2024-03-25,152.36,163.26,KAR (TP),712.64,85955.43
ALL,2024-04-18,2024-05-23,163.4,158.46,ZARAR (SL),-305.17,85647.26
ALL,2024-07-25,2024-08-01,160.71,172.35,KAR (TP),721.31,86365.57
ALL,2024-08-02,2024-08-05,171.81,164.23,ZARAR (SL),-444.13,85918.44
ALL,2024-08-15,2024-08-28,173.06,181.76,KAR (TP),499.5,86414.94
ALL,2024-09-05,2024-10-16,181.38,191.04,KAR (TP),529.41,86941.34
ALL,2024-10-17,2024-10-25,190.9,183.68,ZARAR (SL),-380.99,86557.36
ALL,2024-11-08,2024-11-26,192.26,202.97,KAR (TP),554.14,87108.49
ALL,2025-02-06,2025-02-21,188.19,182.09,ZARAR (SL),-327.16,86778.33
ALL,2025-02-28,2025-03-17,195.32,207.09,KAR (TP),599.66,87374.99
ALL,2025-03-20,2025-04-04,207.17,183.89,ZARAR (SL),-1126.32,86245.67
ALL,2025-05-14,2025-06-02,197.71,209.59,KAR (TP),597.73,86840.39
ALL,2025-06-03,2025-06-09,208.23,198.85,ZARAR (SL),-453.65,86383.75
ALL,2025-07-23,2025-08-06,195.72,207.01,KAR (TP),573.89,86954.64
ALL,2025-08-20,2025-08-21,211.57,204.57,ZARAR (SL),-333.96,86617.68
ALL,2025-09-04,2025-09-05,207.35,200.58,ZARAR (SL),-329.41,86285.27
ALL,2025-09-19,2025-10-16,205.07,193.96,ZARAR (SL),-544.64,85737.63
ALL,2025-12-01,2025-12-05,210.0,202.27,ZARAR (SL),-371.1,85363.53
MET,2024-01-29,2024-02-01,66.31,61.59,ZARAR (SL),-715.05,84643.98
MET,2024-02-12,2024-03-13,65.12,69.03,KAR (TP),598.02,85239.0
MET,2024-03-14,2024-04-15,68.3,65.96,ZARAR (SL),-345.14,84890.86
MET,2024-05-31,2024-06-06,69.28,67.05,ZARAR (SL),-324.96,84562.9
MET,2024-07-10,2024-07-16,68.57,72.43,KAR (TP),561.09,85120.99
MET,2024-08-01,2024-08-02,72.55,67.55,ZARAR (SL),-691.84,84426.15
MET,2024-09-06,2024-09-17,71.49,75.55,KAR (TP),563.95,84987.11
MET,2024-09-18,2024-10-04,76.48,81.11,KAR (TP),601.42,85585.52
MET,2024-10-09,2024-10-31,81.59,75.68,ZARAR (SL),-726.92,84855.6
MET,2024-12-03,2024-12-09,83.31,79.96,ZARAR (SL),-404.31,84448.29
MET,2025-01-08,2025-01-10,80.49,77.99,ZARAR (SL),-313.31,84131.98
MET,2025-01-13,2025-01-17,79.6,84.34,KAR (TP),591.55,84720.54
MET,2025-01-22,2025-02-13,83.34,80.53,ZARAR (SL),-340.19,84377.35
MET,2025-03-21,2025-03-28,80.55,77.49,ZARAR (SL),-383.04,83991.31
MET,2025-05-07,2025-05-12,75.61,79.45,KAR (TP),505.21,84493.52
MET,2025-05-21,2025-07-30,76.75,73.69,ZARAR (SL),-402.23,84088.29
MET,2025-08-12,2025-08-22,76.01,80.91,KAR (TP),640.94,84726.23
MET,2025-09-05,2025-11-06,78.94,75.97,ZARAR (SL),-379.22,84344.01
MET,2025-11-13,2025-11-17,79.47,75.53,ZARAR (SL),-498.78,83842.23
AIG,2024-01-31,2024-03-04,66.63,70.14,KAR (TP),523.54,84362.77
AIG,2024-03-05,2024-03-21,70.86,74.56,KAR (TP),519.05,84878.82
AIG,2024-04-04,2024-04-11,73.79,71.44,ZARAR (SL),-322.76,84553.06
AIG,2024-05-20,2024-06-05,75.88,73.1,ZARAR (SL),-369.8,84180.26
AIG,2024-07-22,2024-08-02,73.67,69.69,ZARAR (SL),-543.22,83634.04
AIG,2024-10-07,2024-10-14,71.7,75.58,KAR (TP),537.47,84168.5
AIG,2024-10-28,2024-11-12,75.44,72.89,ZARAR (SL),-341.15,83824.35
AIG,2025-01-14,2025-02-12,71.07,75.25,KAR (TP),585.24,84406.59
AIG,2025-02-18,2025-02-27,73.88,78.02,KAR (TP),557.56,84961.15
AIG,2025-03-04,2025-03-17,78.18,82.54,KAR (TP),555.0,85513.16
AIG,2025-03-19,2025-04-04,82.3,77.67,ZARAR (SL),-565.99,84944.16
AIG,2025-05-09,2025-06-06,81.07,85.92,KAR (TP),595.23,85536.39
AIG,2025-06-09,2025-07-11,83.8,80.88,ZARAR (SL),-351.54,85181.85
AIG,2025-08-26,2025-09-05,81.67,78.34,ZARAR (SL),-411.09,84767.76
AIG,2025-10-15,2025-10-16,80.84,76.62,ZARAR (SL),-524.78,84239.98
AIG,2025-11-13,2025-11-19,77.94,75.36,ZARAR (SL),-334.84,83902.14
AIG,2025-12-05,2025-12-10,76.63,80.66,KAR (TP),522.77,84421.91
PNC,2024-03-04,2024-03-14,144.16,139.24,ZARAR (SL),-344.49,84074.42
PNC,2024-03-21,2024-04-12,147.98,142.68,ZARAR (SL),-360.98,83710.44
PNC,2024-04-22,2024-05-29,147.7,143.18,ZARAR (SL),-308.91,83398.53
PNC,2024-05-31,2024-06-11,149.08,142.32,ZARAR (SL),-456.65,82938.88
PNC,2024-06-28,2024-07-10,147.27,155.63,KAR (TP),564.28,83500.16
PNC,2024-08-01,2024-08-02,168.3,162.57,ZARAR (SL),-343.36,83153.8
PNC,2024-09-06,2024-09-19,168.98,179.02,KAR (TP),591.23,83742.03
PNC,2024-09-20,2024-10-01,178.21,172.03,ZARAR (SL),-350.18,83388.85
PNC,2024-10-14,2024-11-06,180.28,197.65,KAR (TP),960.79,84346.64
PNC,2024-11-07,2024-11-26,195.96,206.55,KAR (TP),537.82,84881.46
PNC,2025-01-15,2025-02-14,194.88,188.53,ZARAR (SL),-328.78,84549.68
PNC,2025-05-30,2025-06-25,170.75,179.29,KAR (TP),497.55,85044.22
PNC,2025-06-27,2025-07-02,182.48,192.26,KAR (TP),533.21,85574.43
PNC,2025-09-09,2025-10-07,198.59,192.05,ZARAR (SL),-332.33,85239.1
PNC,2025-11-14,2025-12-03,183.99,198.0,KAR (TP),758.45,85994.56
USB,2024-02-29,2024-03-21,38.78,41.08,KAR (TP),590.42,86581.98
USB,2024-05-15,2024-05-20,39.47,38.22,ZARAR (SL),-318.02,86260.96
USB,2024-06-24,2024-07-12,37.9,39.85,KAR (TP),509.05,86767.02
USB,2024-07-15,2024-07-17,40.08,42.84,KAR (TP),684.13,87448.15
USB,2024-08-01,2024-08-05,41.15,38.62,ZARAR (SL),-619.37,86825.77
USB,2024-09-06,2024-10-11,42.11,44.27,KAR (TP),510.42,87333.2
USB,2024-10-14,2024-10-17,45.09,47.82,KAR (TP),601.84,87932.04
USB,2024-10-18,2024-11-04,47.04,45.16,ZARAR (SL),-403.73,87525.3
USB,2024-11-06,2024-11-07,49.05,47.43,ZARAR (SL),-334.64,87187.66
USB,2024-11-14,2024-11-25,48.15,51.32,KAR (TP),656.91,87841.57
USB,2025-01-21,2025-01-29,47.69,46.09,ZARAR (SL),-339.58,87498.99
USB,2025-05-30,2025-07-01,42.66,46.0,KAR (TP),780.11,88276.11
USB,2025-07-15,2025-08-01,45.21,43.47,ZARAR (SL),-386.02,87887.09
USB,2025-08-13,2025-09-04,46.12,48.65,KAR (TP),546.24,88430.33
USB,2025-09-17,2025-10-07,49.08,47.5,ZARAR (SL),-325.6,88101.73
USB,2025-11-25,2025-12-04,48.91,51.37,KAR (TP),499.96,88598.7
BK,2024-02-12,2024-02-13,53.29,51.63,ZARAR (SL),-314.04,88281.66
BK,2024-02-23,2024-05-09,53.31,56.31,KAR (TP),560.62,88839.28
BK,2024-05-30,2024-07-11,56.38,59.32,KAR (TP),519.08,89355.36
BK,2024-07-18,2024-08-23,61.26,64.56,KAR (TP),536.0,89888.36
BK,2024-09-06,2024-09-16,64.57,68.58,KAR (TP),617.39,90502.75
BK,2024-10-02,2024-10-14,68.99,74.39,KAR (TP),780.65,91280.4
BK,2024-10-30,2024-11-22,74.28,78.4,KAR (TP),551.46,91828.86
BK,2024-12-09,2024-12-18,78.86,74.18,ZARAR (SL),-597.22,91228.64
BK,2025-01-15,2025-01-27,80.26,84.5,KAR (TP),525.18,91750.82
BK,2025-02-14,2025-03-06,86.41,83.31,ZARAR (SL),-361.61,91386.21
BK,2025-05-30,2025-07-07,87.71,92.3,KAR (TP),520.64,91903.86
BK,2025-07-10,2025-07-18,92.71,97.83,KAR (TP),550.06,92450.92
BK,2025-08-13,2025-09-17,101.41,106.48,KAR (TP),497.44,92945.36
BK,2025-09-19,2025-10-10,108.18,104.03,ZARAR (SL),-386.59,92555.77
BK,2025-10-15,2025-12-04,108.4,113.95,KAR (TP),509.44,93062.21
COF,2024-01-26,2024-02-06,134.75,130.51,ZARAR (SL),-318.02,92739.69
COF,2024-02-20,2024-03-27,134.05,141.0,KAR (TP),515.23,93251.92
COF,2024-04-04,2024-04-16,138.68,133.1,ZARAR (SL),-405.45,92843.47
COF,2024-04-22,2024-05-01,143.67,138.2,ZARAR (SL),-383.98,92456.49
COF,2024-06-26,2024-07-15,134.01,141.69,KAR (TP),570.22,93023.71
COF,2024-07-22,2024-08-02,142.18,133.37,ZARAR (SL),-622.53,92398.18
COF,2024-09-04,2024-09-06,141.5,136.81,ZARAR (SL),-334.78,92060.4
COF,2024-09-09,2024-09-10,140.35,135.81,ZARAR (SL),-326.28,91731.12
COF,2024-09-19,2024-09-24,150.63,145.02,ZARAR (SL),-375.43,91352.69
COF,2024-10-04,2024-10-25,151.02,158.72,KAR (TP),507.3,91856.99
COF,2024-10-29,2024-11-06,160.42,187.96,KAR (TP),1713.67,93567.66
COF,2024-11-07,2024-12-18,181.9,172.24,ZARAR (SL),-534.01,93030.66
COF,2025-01-15,2025-01-22,188.28,198.4,KAR (TP),534.55,93562.21
COF,2025-02-18,2025-02-25,200.84,192.04,ZARAR (SL),-441.36,93117.84
COF,2025-04-09,2025-04-10,173.22,160.59,ZARAR (SL),-731.95,92382.9
COF,2025-04-24,2025-05-12,183.26,198.02,KAR (TP),802.19,93182.08
COF,2025-05-14,2025-05-21,195.34,185.13,ZARAR (SL),-525.71,92653.37
COF,2025-05-27,2025-06-24,190.8,205.02,KAR (TP),742.12,93392.49
COF,2025-06-27,2025-08-22,209.64,220.38,KAR (TP),509.39,93898.88
COF,2025-08-26,2025-09-30,224.07,211.77,ZARAR (SL),-551.64,93344.24
COF,2025-11-06,2025-11-17,216.06,201.01,ZARAR (SL),-699.49,92641.75
COF,2025-12-02,2025-12-10,224.0,237.76,KAR (TP),611.29,93250.04
TRV,2024-02-08,2024-03-13,206.62,216.96,KAR (TP),497.33,93744.37
TRV,2024-03-15,2024-04-17,214.47,200.54,ZARAR (SL),-652.53,93088.84
TRV,2024-05-16,2024-05-23,212.81,206.04,ZARAR (SL),-321.4,92764.44
TRV,2024-05-31,2024-06-05,209.4,202.32,ZARAR (SL),-340.97,92420.47
TRV,2024-07-12,2024-07-19,206.43,198.51,ZARAR (SL),-386.74,92030.73
TRV,2024-07-31,2024-08-05,211.16,203.52,ZARAR (SL),-364.76,91662.97
TRV,2024-08-16,2024-08-30,211.28,222.5,KAR (TP),528.01,92187.97
TRV,2024-09-19,2024-10-07,232.79,221.42,ZARAR (SL),-491.68,91693.29
TRV,2024-10-23,2024-10-29,252.17,243.66,ZARAR (SL),-340.28,91350.01
TRV,2024-11-06,2024-11-27,248.83,261.29,KAR (TP),497.49,91844.5
TRV,2024-12-05,2024-12-09,257.96,246.84,ZARAR (SL),-433.75,91407.75
TRV,2025-01-22,2025-02-14,242.76,234.48,ZARAR (SL),-344.28,91060.47
TRV,2025-02-24,2025-03-03,244.26,256.65,KAR (TP),504.57,91562.04
TRV,2025-03-11,2025-04-04,251.5,239.35,ZARAR (SL),-486.19,91072.86
TRV,2025-04-22,2025-05-19,258.17,271.24,KAR (TP),503.29,91573.15
TRV,2025-05-27,2025-06-10,272.56,260.91,ZARAR (SL),-430.55,91139.6
TRV,2025-07-18,2025-07-28,263.86,252.88,ZARAR (SL),-418.84,90717.77
TRV,2025-07-31,2025-08-20,258.17,272.21,KAR (TP),540.73,91255.5
TRV,2025-08-26,2025-10-03,268.74,283.44,KAR (TP),544.04,91796.54
TRV,2025-10-06,2025-10-10,281.62,269.06,ZARAR (SL),-449.01,91344.53
MCO,2024-02-05,2024-02-13,390.87,363.54,ZARAR (SL),-702.26,90637.77
MCO,2024-03-15,2024-04-16,379.09,365.84,ZARAR (SL),-352.59,90282.18
MCO,2024-06-12,2024-07-09,407.47,431.1,KAR (TP),576.77,90855.95
MCO,2024-07-26,2024-08-20,443.75,469.12,KAR (TP),568.66,91421.61
MCO,2024-08-22,2024-10-04,475.52,456.23,ZARAR (SL),-408.62,91009.98
MCO,2024-10-21,2024-10-22,482.42,463.36,ZARAR (SL),-397.9,90609.09
MCO,2024-11-08,2024-11-27,472.73,497.09,KAR (TP),512.37,91118.46
MCO,2024-12-02,2024-12-18,493.65,466.53,ZARAR (SL),-552.25,90563.21
MCO,2025-01-21,2025-02-11,481.08,508.71,KAR (TP),571.32,91131.53
MCO,2025-02-12,2025-03-04,501.61,478.56,ZARAR (SL),-462.7,90665.83
MCO,2025-05-28,2025-07-01,476.7,500.58,KAR (TP),497.93,91160.75
MCO,2025-07-02,2025-09-19,495.24,479.79,ZARAR (SL),-315.03,90842.73
MCO,2025-10-21,2025-11-18,483.96,469.23,ZARAR (SL),-307.38,90532.34
MCO,2025-12-01,2025-12-23,487.24,515.39,KAR (TP),574.74,91104.09
CBOE,2024-01-29,2024-02-22,180.27,192.08,KAR (TP),652.04,91753.13
CBOE,2024-02-29,2024-03-07,189.16,181.09,ZARAR (SL),-429.56,91320.57
CBOE,2024-05-06,2024-05-29,180.16,173.99,ZARAR (SL),-345.87,90971.7
CBOE,2024-08-15,2024-08-26,198.63,210.64,KAR (TP),601.54,91570.24
CBOE,2024-09-03,2024-09-25,211.0,201.34,ZARAR (SL),-460.62,91106.62
CBOE,2024-10-22,2024-11-06,211.92,199.61,ZARAR (SL),-583.53,90520.09
CBOE,2024-11-25,2024-12-06,212.27,202.81,ZARAR (SL),-448.91,90068.17
CBOE,2025-01-23,2025-02-12,200.44,210.81,KAR (TP),514.34,90579.51
CBOE,2025-02-21,2025-03-28,209.71,222.06,KAR (TP),586.13,91162.64
CBOE,2025-03-31,2025-04-04,225.66,214.49,ZARAR (SL),-497.94,90661.7
CBOE,2025-05-02,2025-05-14,225.76,212.94,ZARAR (SL),-571.05,90087.65
CBOE,2025-05-16,2025-06-30,220.34,233.21,KAR (TP),581.22,90665.87
CBOE,2025-07-01,2025-07-24,232.0,245.91,KAR (TP),596.57,91259.44
CBOE,2025-07-28,2025-09-02,241.54,231.88,ZARAR (SL),-402.93,90853.51
CBOE,2025-09-24,2025-10-21,243.19,233.29,ZARAR (SL),-410.09,90440.42
CBOE,2025-10-31,2025-11-10,245.64,259.14,KAR (TP),546.59,90984.01
RJF,2024-01-26,2024-02-27,110.55,116.89,KAR (TP),570.22,91549.73
RJF,2024-03-01,2024-03-21,117.24,123.13,KAR (TP),499.21,92045.93
RJF,2024-04-10,2024-04-12,124.57,120.08,ZARAR (SL),-363.26,91679.67
RJF,2024-04-23,2024-04-25,124.58,119.5,ZARAR (SL),-411.21,91265.46
RJF,2024-06-28,2024-07-08,121.12,115.53,ZARAR (SL),-465.0,90797.46
RJF,2024-07-10,2024-07-16,117.81,111.63,ZARAR (SL),-527.25,90267.21
RJF,2024-09-05,2024-09-19,115.64,122.06,KAR (TP),552.37,90816.58
RJF,2024-09-20,2024-10-14,122.25,128.48,KAR (TP),506.22,91319.79
RJF,2024-10-15,2024-10-24,131.42,145.5,KAR (TP),1068.05,92384.85
RJF,2024-11-19,2024-12-18,160.52,150.45,ZARAR (SL),-630.23,91751.62
RJF,2025-01-15,2025-01-21,159.83,168.04,KAR (TP),510.63,92259.25
RJF,2025-01-27,2025-02-10,167.69,160.84,ZARAR (SL),-411.64,91844.6
RJF,2025-05-22,2025-07-01,145.57,154.19,KAR (TP),589.33,92430.93
RJF,2025-07-16,2025-07-24,155.7,166.36,KAR (TP),681.6,93109.53
RJF,2025-07-30,2025-08-01,168.97,162.56,ZARAR (SL),-382.44,92724.09
RJF,2025-08-11,2025-09-18,164.44,173.43,KAR (TP),543.33,93264.41
RJF,2025-09-19,2025-10-01,173.56,165.9,ZARAR (SL),-444.11,92817.3
GPN,2024-01-26,2024-02-29,131.14,127.02,ZARAR (SL),-316.67,92496.13
GPN,2024-03-19,2024-04-03,128.84,124.71,ZARAR (SL),-323.62,92169.52
GPN,2024-07-11,2024-07-16,95.27,101.44,KAR (TP),644.46,92810.98
GPN,2024-07-22,2024-08-02,98.73,94.07,ZARAR (SL),-474.35,92333.63
GPN,2024-08-07,2024-08-14,97.85,103.38,KAR (TP),562.05,92892.68
GPN,2024-08-15,2024-09-24,107.02,102.36,ZARAR (SL),-438.02,92451.66
GPN,2024-10-30,2024-11-06,101.89,113.44,KAR (TP),1130.26,93578.92
GPN,2024-11-08,2024-11-22,109.34,115.45,KAR (TP),556.16,94132.09
GPN,2024-12-02,2024-12-13,116.49,112.86,ZARAR (SL),-313.91,93815.17
GPN,2025-06-20,2025-07-01,76.18,81.48,KAR (TP),693.86,94506.03
GPN,2025-07-16,2025-07-31,82.17,79.48,ZARAR (SL),-330.85,94172.18
GPN,2025-08-06,2025-08-07,85.03,81.53,ZARAR (SL),-414.5,93754.68
GPN,2025-08-12,2025-08-14,81.9,86.67,KAR (TP),579.6,94331.27
GPN,2025-09-04,2025-09-15,86.76,83.9,ZARAR (SL),-332.58,93995.69
FIS,2024-01-26,2024-02-08,60.96,58.98,ZARAR (SL),-328.93,93662.26
FIS,2024-02-23,2024-02-29,61.7,66.42,KAR (TP),760.84,94420.1
FIS,2024-03-15,2024-03-27,66.69,70.88,KAR (TP),624.89,95042.0
FIS,2024-04-02,2024-04-12,71.11,68.46,ZARAR (SL),-376.13,94662.86
FIS,2024-05-07,2024-05-17,71.7,75.61,KAR (TP),542.01,95201.88
FIS,2024-05-28,2024-08-16,72.49,76.58,KAR (TP),561.17,95760.05
FIS,2024-09-06,2024-10-08,78.87,83.65,KAR (TP),602.58,96359.63
FIS,2024-10-29,2024-11-05,87.64,84.29,ZARAR (SL),-385.18,95971.45
FIS,2025-02-10,2025-02-11,80.82,71.53,ZARAR (SL),-1152.29,94816.17
FIS,2025-03-18,2025-04-04,72.07,68.73,ZARAR (SL),-465.55,94347.62
FIS,2025-04-17,2025-04-22,73.33,77.8,KAR (TP),605.74,94950.36
FIS,2025-04-23,2025-05-06,78.08,74.62,ZARAR (SL),-446.27,94501.1
FIS,2025-05-08,2025-06-24,76.62,81.16,KAR (TP),589.16,95087.26
FIS,2025-06-27,2025-08-01,79.84,77.43,ZARAR (SL),-304.98,94779.28
FIS,2025-10-21,2025-10-29,67.29,61.13,ZARAR (SL),-918.8,93857.47
ZION,2024-03-05,2024-03-27,38.6,40.68,KAR (TP),534.24,94387.21
ZION,2024-04-23,2024-05-08,39.36,41.6,KAR (TP),567.06,94951.27
ZION,2024-06-28,2024-07-11,41.26,45.12,KAR (TP),930.83,95879.1
ZION,2024-07-31,2024-08-01,49.16,46.26,ZARAR (SL),-593.28,95282.81
ZION,2024-09-03,2024-09-05,46.7,44.31,ZARAR (SL),-514.92,94764.89
ZION,2024-09-19,2024-09-25,46.52,43.85,ZARAR (SL),-576.79,94185.1
ZION,2024-10-04,2024-10-15,45.95,48.49,KAR (TP),548.61,94730.71
ZION,2024-11-07,2024-11-22,55.26,58.58,KAR (TP),599.22,95326.93
ZION,2025-01-15,2025-02-03,56.28,54.4,ZARAR (SL),-338.05,94985.88
ZION,2025-02-04,2025-02-21,55.19,52.06,ZARAR (SL),-569.44,94413.44
ZION,2025-05-06,2025-05-12,44.24,48.2,KAR (TP),893.67,95304.11
ZION,2025-05-22,2025-06-10,46.17,48.96,KAR (TP),601.77,95902.88
ZION,2025-06-20,2025-06-26,47.76,50.53,KAR (TP),577.49,96477.37
ZION,2025-06-27,2025-07-02,50.6,53.85,KAR (TP),638.15,97112.52
ZION,2025-07-22,2025-07-29,55.89,53.85,ZARAR (SL),-368.87,96740.64
ZION,2025-08-22,2025-09-18,55.38,58.64,KAR (TP),585.97,97323.62
ZION,2025-09-19,2025-09-24,58.2,56.42,ZARAR (SL),-307.94,97012.68
ZION,2025-12-02,2025-12-10,54.06,58.84,KAR (TP),881.2,97890.88
FITB,2024-02-29,2024-03-05,32.2,34.09,KAR (TP),582.32,98470.2
FITB,2024-03-14,2024-03-28,33.21,35.23,KAR (TP),605.42,99072.62
FITB,2024-04-22,2024-05-08,34.61,36.44,KAR (TP),525.04,99594.66
FITB,2024-06-28,2024-07-12,34.89,36.8,KAR (TP),542.35,100134.02
FITB,2024-08-01,2024-08-05,38.95,37.51,ZARAR (SL),-371.28,99759.74
FITB,2024-09-09,2024-10-11,39.78,42.29,KAR (TP),627.06,100383.8
FITB,2024-10-18,2024-10-25,43.09,41.69,ZARAR (SL),-327.6,100053.2
FITB,2024-10-29,2024-11-06,42.45,45.21,KAR (TP),646.85,100697.05
FITB,2024-11-18,2024-12-17,45.16,43.45,ZARAR (SL),-381.04,100313.0
FITB,2025-01-21,2025-02-10,43.65,42.16,ZARAR (SL),-344.06,99965.94
FITB,2025-02-18,2025-02-21,43.26,41.72,ZARAR (SL),-358.38,99604.57
FITB,2025-05-21,2025-06-09,36.93,38.88,KAR (TP),526.4,100127.96
FITB,2025-06-10,2025-06-13,39.08,37.31,ZARAR (SL),-455.49,99669.48
FITB,2025-06-20,2025-06-26,38.65,40.72,KAR (TP),533.35,100199.83
FITB,2025-06-27,2025-07-03,40.78,43.02,KAR (TP),546.34,100743.17
FITB,2025-07-17,2025-08-01,42.23,40.55,ZARAR (SL),-401.97,100338.2
FITB,2025-09-15,2025-10-08,44.96,43.54,ZARAR (SL),-318.91,100016.29
FITB,2025-11-07,2025-11-17,42.87,41.12,ZARAR (SL),-411.21,99602.08
STT,2024-03-05,2024-03-28,69.2,73.64,KAR (TP),639.51,100238.59
STT,2024-04-12,2024-04-16,72.18,69.55,ZARAR (SL),-367.21,99868.38
STT,2024-09-06,2024-09-19,80.07,85.86,KAR (TP),719.77,100585.15
STT,2024-09-20,2024-10-16,85.08,90.07,KAR (TP),582.85,101165.0
STT,2024-10-28,2024-11-25,90.17,95.8,KAR (TP),621.87,101783.87
STT,2024-11-26,2024-12-18,95.82,91.87,ZARAR (SL),-414.9,101365.97
STT,2025-01-15,2025-03-04,97.5,89.62,ZARAR (SL),-811.86,100551.11
STT,2025-05-30,2025-06-23,94.9,99.79,KAR (TP),512.16,101060.27
STT,2025-06-24,2025-07-02,101.42,108.7,KAR (TP),714.02,101771.29
STT,2025-07-17,2025-07-25,106.7,112.11,KAR (TP),504.07,102272.37
STT,2025-08-12,2025-09-29,110.61,116.4,KAR (TP),520.25,102789.61
STT,2025-10-02,2025-10-10,115.12,111.0,ZARAR (SL),-360.89,102425.72
STT,2025-10-14,2025-10-17,115.4,111.37,ZARAR (SL),-352.22,102070.5
STT,2025-10-20,2025-11-12,115.29,121.11,KAR (TP),501.81,102569.32
STT,2025-12-03,2025-12-10,120.9,128.92,KAR (TP),660.36,103226.67
NDAQ,2024-01-29,2024-02-05,56.74,54.53,ZARAR (SL),-392.7,102830.97
NDAQ,2024-03-04,2024-03-08,55.49,58.45,KAR (TP),530.61,103358.59
NDAQ,2024-05-16,2024-05-28,60.84,58.86,ZARAR (SL),-329.21,103026.38
NDAQ,2024-06-28,2024-07-16,59.15,62.14,KAR (TP),501.48,103524.86
NDAQ,2024-09-06,2024-10-28,70.63,74.2,KAR (TP),502.91,104024.77
NDAQ,2024-10-31,2024-11-07,72.8,77.0,KAR (TP),573.3,104595.07
NDAQ,2024-11-14,2024-11-26,76.88,81.4,KAR (TP),585.01,105177.08
NDAQ,2024-12-02,2024-12-18,80.42,76.53,ZARAR (SL),-486.84,104687.24
NDAQ,2025-01-27,2025-03-04,80.47,77.8,ZARAR (SL),-334.45,104349.79
NDAQ,2025-06-20,2025-07-07,85.6,90.03,KAR (TP),513.84,104860.63
NDAQ,2025-07-18,2025-07-25,88.85,94.29,KAR (TP),609.06,105466.69
NDAQ,2025-09-11,2025-09-16,95.32,92.26,ZARAR (SL),-324.1,105139.59
NDAQ,2025-10-21,2025-10-22,90.06,87.16,ZARAR (SL),-325.15,104811.44
NDAQ,2025-10-27,2025-10-29,88.51,85.16,ZARAR (SL),-381.46,104426.98
NDAQ,2025-11-25,2025-12-11,88.87,93.85,KAR (TP),556.96,104980.94
RF,2024-02-29,2024-03-08,17.28,18.27,KAR (TP),565.98,105542.41
RF,2024-03-14,2024-03-21,17.53,18.7,KAR (TP),664.02,106203.43
RF,2024-05-08,2024-05-23,18.31,17.55,ZARAR (SL),-418.4,105782.03
RF,2024-06-27,2024-07-10,18.04,18.97,KAR (TP),512.63,106291.66
RF,2024-07-12,2024-07-16,19.23,20.45,KAR (TP),632.07,106920.73
RF,2024-09-06,2024-09-19,21.05,22.18,KAR (TP),533.76,107451.49
RF,2024-09-20,2024-11-06,21.94,24.98,KAR (TP),1381.68,108830.17
RF,2024-11-07,2024-11-21,24.13,25.39,KAR (TP),520.42,109347.59
RF,2024-12-04,2024-12-10,25.21,24.28,ZARAR (SL),-371.82,108972.77
RF,2025-01-21,2025-02-21,23.62,22.42,ZARAR (SL),-514.16,108455.61
RF,2025-06-06,2025-06-26,21.61,22.88,KAR (TP),586.57,109039.18
RF,2025-06-27,2025-07-02,22.88,24.06,KAR (TP),510.92,109547.1
RF,2025-07-15,2025-07-18,23.55,25.49,KAR (TP),820.97,110365.07
RF,2025-07-24,2025-07-31,25.77,24.82,ZARAR (SL),-371.82,109990.25
RF,2025-08-13,2025-08-27,25.32,26.86,KAR (TP),604.58,110591.83
RF,2025-09-09,2025-10-06,26.54,25.59,ZARAR (SL),-360.94,110227.89
KEY,2024-03-04,2024-03-21,13.4,14.12,KAR (TP),531.98,110756.87
KEY,2024-06-28,2024-07-11,13.25,14.11,KAR (TP),644.43,111398.3
KEY,2024-07-19,2024-07-26,14.54,15.35,KAR (TP),555.05,111950.35
KEY,2024-08-12,2024-08-23,14.86,15.92,KAR (TP),705.91,112653.26
KEY,2024-09-04,2024-09-06,15.54,14.82,ZARAR (SL),-464.73,112185.54
KEY,2024-09-19,2024-09-23,16.37,15.87,ZARAR (SL),-308.65,111873.88
KEY,2024-10-11,2024-11-06,16.25,18.85,KAR (TP),1593.98,113464.87
KEY,2024-11-07,2024-12-11,18.08,17.47,ZARAR (SL),-343.01,113118.86
KEY,2025-01-15,2025-01-22,17.31,16.5,ZARAR (SL),-466.07,112649.79
KEY,2025-01-23,2025-02-21,16.67,16.15,ZARAR (SL),-312.1,112334.69
KEY,2025-05-27,2025-06-24,15.42,16.39,KAR (TP),625.17,112956.87
KEY,2025-06-27,2025-07-02,16.85,17.81,KAR (TP),566.11,113519.97
KEY,2025-07-21,2025-08-01,17.89,17.27,ZARAR (SL),-347.64,113169.33
KEY,2025-08-22,2025-10-08,18.57,17.89,ZARAR (SL),-369.91,112796.42
KEY,2025-11-07,2025-11-17,17.88,16.93,ZARAR (SL),-533.97,112259.45
KEY,2025-11-24,2025-12-03,17.69,18.75,KAR (TP),594.39,112850.84
CFG,2024-01-29,2024-01-31,31.57,30.51,ZARAR (SL),-339.88,112507.96
CFG,2024-03-07,2024-03-21,31.62,33.31,KAR (TP),534.04,113038.99
CFG,2024-04-03,2024-04-10,32.58,31.54,ZARAR (SL),-320.87,112715.12
CFG,2024-05-22,2024-05-28,33.91,32.73,ZARAR (SL),-351.09,112361.03
CFG,2024-06-28,2024-07-11,34.02,36.07,KAR (TP),599.28,112957.31
CFG,2024-09-04,2024-09-06,40.02,38.8,ZARAR (SL),-307.98,112646.33
CFG,2024-09-19,2024-09-24,40.25,38.86,ZARAR (SL),-346.52,112296.81
CFG,2024-10-08,2024-10-15,39.29,41.46,KAR (TP),547.84,112841.65
CFG,2024-10-16,2024-10-21,40.44,39.15,ZARAR (SL),-321.32,112517.32
CFG,2024-11-07,2024-11-25,44.33,46.67,KAR (TP),524.92,113039.24
CFG,2024-12-02,2024-12-12,45.34,43.86,ZARAR (SL),-330.1,112706.14
CFG,2025-01-14,2025-01-21,44.01,46.53,KAR (TP),568.12,113271.26
CFG,2025-01-22,2025-02-21,45.29,43.6,ZARAR (SL),-376.55,112891.71
CFG,2025-05-27,2025-06-23,39.71,41.76,KAR (TP),511.6,113400.31
CFG,2025-08-22,2025-09-18,50.32,53.16,KAR (TP),562.29,113959.6
CFG,2025-09-19,2025-10-09,53.07,51.39,ZARAR (SL),-320.46,113636.14
CFG,2025-11-21,2025-12-03,52.3,55.68,KAR (TP),643.27,114276.41
CFG,2025-12-05,2025-12-10,55.46,58.46,KAR (TP),537.93,114811.34
HBAN,2024-02-14,2024-03-04,11.71,12.3,KAR (TP),500.14,115308.49
HBAN,2024-03-07,2024-03-14,12.46,12.03,ZARAR (SL),-350.38,114955.11
HBAN,2024-03-15,2024-03-27,12.16,12.85,KAR (TP),564.05,115516.16
HBAN,2024-04-08,2024-04-10,13.06,12.66,ZARAR (SL),-309.92,115203.23
HBAN,2024-04-22,2024-05-15,12.61,13.29,KAR (TP),536.54,115736.78
HBAN,2024-07-10,2024-07-15,12.33,12.96,KAR (TP),501.97,116235.75
HBAN,2024-09-06,2024-09-19,13.5,14.27,KAR (TP),563.09,116795.84
HBAN,2024-09-20,2024-09-25,14.17,13.71,ZARAR (SL),-332.74,116460.1
HBAN,2024-10-04,2024-10-11,13.94,14.68,KAR (TP),523.68,116980.78
HBAN,2024-10-17,2024-11-06,14.72,16.71,KAR (TP),1351.5,118329.28
HBAN,2025-01-15,2025-02-20,16.4,15.81,ZARAR (SL),-366.85,117959.43
HBAN,2025-05-21,2025-06-06,14.9,15.78,KAR (TP),584.47,118540.9
HBAN,2025-06-09,2025-06-13,15.79,15.09,ZARAR (SL),-446.62,118091.28
HBAN,2025-06-26,2025-07-03,16.35,17.23,KAR (TP),537.87,118626.14
HBAN,2025-07-17,2025-07-31,16.68,16.14,ZARAR (SL),-326.91,118296.23
HBAN,2025-08-22,2025-10-08,17.06,16.2,ZARAR (SL),-506.1,117787.13
HBAN,2025-11-25,2025-12-03,16.04,16.89,KAR (TP),528.52,118312.65
JNJ,2024-02-22,2024-03-22,152.05,147.11,ZARAR (SL),-328.33,117981.32
JNJ,2024-05-14,2024-05-28,143.46,137.93,ZARAR (SL),-388.32,117590.0
JNJ,2024-07-15,2024-07-25,142.57,152.51,KAR (TP),693.86,118280.86
JNJ,2024-07-31,2024-08-30,150.8,159.65,KAR (TP),584.2,118862.06
JNJ,2024-10-18,2024-10-29,158.94,154.1,ZARAR (SL),-307.63,118551.43
JNJ,2025-01-16,2025-02-11,143.38,151.49,KAR (TP),562.74,119111.18
JNJ,2025-02-18,2025-02-24,151.59,160.15,KAR (TP),561.55,119669.73
JNJ,2025-05-30,2025-06-20,153.11,147.76,ZARAR (SL),-352.21,119314.52
JNJ,2025-07-01,2025-07-16,153.81,162.55,KAR (TP),565.24,119876.76
JNJ,2025-07-31,2025-08-08,162.51,170.98,KAR (TP),518.43,120392.19
JNJ,2025-09-05,2025-10-03,177.3,187.45,KAR (TP),569.21,120958.41
JNJ,2025-10-23,2025-10-29,191.26,185.42,ZARAR (SL),-307.98,120647.42
JNJ,2025-11-12,2025-11-24,193.16,204.75,KAR (TP),596.83,121241.25
LLY,2024-01-31,2024-02-05,636.67,696.43,KAR (TP),935.49,122172.24
LLY,2024-02-29,2024-03-04,744.55,782.68,KAR (TP),509.15,122678.4
LLY,2024-03-07,2024-03-11,770.71,725.48,ZARAR (SL),-589.93,122085.47
LLY,2024-03-28,2024-04-12,768.54,742.54,ZARAR (SL),-341.32,121741.15
LLY,2024-04-30,2024-05-02,771.64,746.75,ZARAR (SL),-325.49,121412.65
LLY,2024-05-07,2024-05-31,768.35,811.79,KAR (TP),562.31,121971.97
LLY,2024-07-03,2024-07-12,888.73,938.51,KAR (TP),557.07,122526.04
LLY,2025-01-10,2025-01-14,793.98,739.39,ZARAR (SL),-690.46,121832.58
LLY,2025-01-27,2025-02-06,802.19,863.93,KAR (TP),766.64,122596.21
LLY,2025-02-18,2025-02-25,852.32,896.67,KAR (TP),517.3,123110.51
LLY,2025-02-28,2025-03-07,915.39,864.63,ZARAR (SL),-557.51,122550.0
LLY,2025-05-02,2025-05-06,818.93,770.71,ZARAR (SL),-591.86,121955.14
LLY,2025-06-23,2025-07-25,767.82,809.72,KAR (TP),542.65,122494.79
LLY,2025-09-16,2025-09-25,763.59,713.54,ZARAR (SL),-658.41,121833.38
LLY,2025-09-30,2025-10-01,761.88,824.21,KAR (TP),815.09,122645.46
LLY,2025-10-02,2025-10-31,818.65,861.59,KAR (TP),521.61,123164.07
UNH,2024-04-19,2024-04-30,483.44,466.63,ZARAR (SL),-350.81,122808.76
UNH,2024-06-28,2024-07-03,493.37,474.61,ZARAR (SL),-383.36,122422.4
UNH,2024-07-15,2024-07-16,499.29,531.75,KAR (TP),647.02,123066.42
UNH,2024-09-09,2024-09-23,575.56,557.49,ZARAR (SL),-317.03,122746.39
UNH,2024-11-06,2024-11-19,580.12,560.98,ZARAR (SL),-332.99,122410.4
UNH,2024-11-20,2024-12-05,583.83,562.9,ZARAR (SL),-361.53,122045.87
UNH,2025-01-21,2025-02-18,512.37,488.7,ZARAR (SL),-465.1,121577.76
UNH,2025-04-04,2025-04-08,514.62,542.09,KAR (TP),530.85,122105.62
UNH,2025-06-20,2025-07-01,298.11,321.93,KAR (TP),795.98,122898.6
UNH,2025-07-02,2025-07-15,303.59,287.95,ZARAR (SL),-518.35,122377.25
UNH,2025-08-15,2025-09-08,300.09,316.12,KAR (TP),531.19,122905.44
UNH,2025-10-03,2025-10-30,357.79,342.45,ZARAR (SL),-431.93,122470.52
UNH,2025-12-03,2025-12-08,337.44,323.62,ZARAR (SL),-412.59,122054.93
UNH,2025-12-12,2025-12-18,341.84,328.14,ZARAR (SL),-403.77,121648.16
ABBV,2024-02-01,2024-02-15,157.71,166.18,KAR (TP),534.03,122179.18
ABBV,2024-02-29,2024-04-04,165.67,158.0,ZARAR (SL),-465.94,121710.25
ABBV,2024-05-31,2024-06-07,153.15,160.92,KAR (TP),504.32,122211.56
ABBV,2024-06-21,2024-07-03,161.84,155.62,ZARAR (SL),-387.41,121821.15
ABBV,2024-07-17,2024-07-26,168.01,177.49,KAR (TP),561.27,122379.42
ABBV,2024-08-05,2024-08-16,176.72,185.86,KAR (TP),514.47,122890.89
ABBV,2024-09-10,2024-09-18,191.09,184.94,ZARAR (SL),-324.54,122563.34
ABBV,2024-10-30,2024-11-11,194.69,168.54,ZARAR (SL),-1346.43,121213.92
ABBV,2024-12-23,2025-01-15,172.36,167.12,ZARAR (SL),-307.06,120903.86
ABBV,2025-01-31,2025-02-13,179.36,188.68,KAR (TP),516.3,121417.16
ABBV,2025-05-06,2025-05-14,184.22,174.66,ZARAR (SL),-521.84,120892.33
ABBV,2025-07-29,2025-08-13,189.85,200.03,KAR (TP),533.03,121422.36
ABBV,2025-09-05,2025-09-30,211.04,229.88,KAR (TP),889.92,122309.28
ABBV,2025-10-02,2025-10-14,234.87,227.49,ZARAR (SL),-317.09,121989.2
ABBV,2025-10-17,2025-10-31,229.57,218.04,ZARAR (SL),-505.24,121480.95
ABBV,2025-11-12,2025-12-01,233.23,225.11,ZARAR (SL),-351.15,121126.8
MRK,2024-01-31,2024-02-06,113.31,119.03,KAR (TP),502.05,121625.85
MRK,2024-05-02,2024-07-30,121.09,109.46,ZARAR (SL),-963.59,120659.26
MRK,2024-09-06,2024-09-26,111.92,108.13,ZARAR (SL),-341.88,120314.38
MRK,2025-02-03,2025-02-04,96.17,87.45,ZARAR (SL),-909.9,119401.48
MRK,2025-03-21,2025-03-25,90.51,85.42,ZARAR (SL),-565.78,118832.7
MRK,2025-05-12,2025-05-13,78.19,74.49,ZARAR (SL),-475.46,118354.24
MRK,2025-06-09,2025-07-09,77.12,82.19,KAR (TP),654.77,119006.01
MRK,2025-07-28,2025-07-31,82.53,76.7,ZARAR (SL),-709.64,118293.38
MRK,2025-08-19,2025-09-15,83.39,80.33,ZARAR (SL),-369.15,117921.23
MRK,2025-10-01,2025-10-08,89.37,85.67,ZARAR (SL),-416.85,117501.38
MRK,2025-11-11,2025-11-18,90.18,95.61,KAR (TP),599.53,118097.91
MRK,2025-12-05,2025-12-22,98.87,104.72,KAR (TP),588.16,118683.07
PFE,2024-03-11,2024-03-22,25.31,24.41,ZARAR (SL),-359.01,118321.06
PFE,2024-05-02,2024-05-15,24.71,26.1,KAR (TP),558.24,118876.3
PFE,2024-05-31,2024-06-12,25.95,25.05,ZARAR (SL),-351.92,118521.39
PFE,2024-07-10,2024-07-17,25.67,27.19,KAR (TP),589.59,119107.98
PFE,2024-07-22,2024-07-26,26.8,28.25,KAR (TP),538.98,119643.96
PFE,2024-08-01,2024-08-06,28.14,26.92,ZARAR (SL),-436.93,119204.02
PFE,2024-09-09,2024-10-03,27.01,26.02,ZARAR (SL),-366.82,118834.2
PFE,2024-10-09,2024-10-11,27.72,26.78,ZARAR (SL),-344.17,118487.03
PFE,2024-12-17,2025-03-26,24.65,23.9,ZARAR (SL),-306.91,118177.12
PFE,2025-05-06,2025-05-27,21.69,22.81,KAR (TP),512.92,118687.04
PFE,2025-05-30,2025-06-12,22.69,24.0,KAR (TP),571.71,119255.75
PFE,2025-06-13,2025-07-10,23.71,24.9,KAR (TP),502.3,119755.05
PFE,2025-07-22,2025-07-30,24.29,23.4,ZARAR (SL),-368.61,119383.43
PFE,2025-09-02,2025-09-12,24.55,23.46,ZARAR (SL),-447.36,118933.08
PFE,2025-09-30,2025-10-01,25.04,26.74,KAR (TP),675.96,119606.04
PFE,2025-11-07,2025-11-12,24.43,25.87,KAR (TP),586.44,120189.48
PFE,2025-11-14,2025-12-15,25.06,26.43,KAR (TP),543.69,120730.17
DHR,2024-01-26,2024-01-30,230.87,242.71,KAR (TP),509.88,121235.54
DHR,2024-01-31,2024-02-22,237.72,250.42,KAR (TP),531.37,121763.91
DHR,2024-02-29,2024-04-03,250.83,242.37,ZARAR (SL),-340.13,121420.78
DHR,2024-04-23,2024-05-17,251.07,263.66,KAR (TP),498.36,121916.14
DHR,2024-05-28,2024-06-20,256.62,246.56,ZARAR (SL),-395.33,121517.81
DHR,2024-09-09,2024-10-22,271.18,259.7,ZARAR (SL),-426.12,121088.69
DHR,2025-01-06,2025-01-27,237.04,249.37,KAR (TP),517.15,121602.84
DHR,2025-01-28,2025-01-29,246.63,222.64,ZARAR (SL),-975.8,120624.03
DHR,2025-03-06,2025-03-10,213.76,204.23,ZARAR (SL),-448.98,120172.06
DHR,2025-03-21,2025-04-01,210.33,199.72,ZARAR (SL),-507.56,119661.5
DHR,2025-05-12,2025-05-14,200.16,187.19,ZARAR (SL),-650.81,119007.69
DHR,2025-06-09,2025-07-15,198.53,192.52,ZARAR (SL),-305.87,118698.82
DHR,2025-07-24,2025-08-06,202.45,194.83,ZARAR (SL),-379.71,118316.11
DHR,2025-08-19,2025-08-21,211.83,203.54,ZARAR (SL),-394.14,117918.97
DHR,2025-10-01,2025-10-08,212.88,204.96,ZARAR (SL),-375.04,117540.93
DHR,2025-10-20,2025-10-21,208.39,220.77,KAR (TP),591.08,118129.01
DHR,2025-10-31,2025-11-21,215.38,227.39,KAR (TP),554.62,118680.63
TMO,2024-01-26,2024-03-01,543.92,572.74,KAR (TP),526.84,119202.97
TMO,2024-03-14,2024-04-12,581.65,562.08,ZARAR (SL),-339.46,118860.51
TMO,2024-04-23,2024-06-25,571.39,553.79,ZARAR (SL),-310.89,118546.62
TMO,2024-07-24,2024-07-26,571.92,604.17,KAR (TP),560.92,119104.54
TMO,2024-08-05,2024-10-23,595.1,574.03,ZARAR (SL),-357.06,118744.48
TMO,2024-12-16,2025-01-14,528.39,555.03,KAR (TP),501.09,119242.58
TMO,2025-01-29,2025-01-30,566.23,604.6,KAR (TP),674.72,119914.29
TMO,2025-02-03,2025-02-06,591.66,570.69,ZARAR (SL),-357.36,119553.94
TMO,2025-06-25,2025-07-11,409.97,434.14,KAR (TP),586.55,120137.49
TMO,2025-07-14,2025-07-21,424.64,404.27,ZARAR (SL),-482.62,119651.87
TMO,2025-07-22,2025-07-23,426.92,465.94,KAR (TP),911.13,120560.0
TMO,2025-07-24,2025-08-06,474.25,448.2,ZARAR (SL),-552.23,120004.77
TMO,2025-10-01,2025-10-21,530.33,557.57,KAR (TP),510.63,120512.41
MDT,2024-01-26,2024-02-13,81.72,78.93,ZARAR (SL),-343.88,120164.03
MDT,2024-03-27,2024-04-04,82.76,79.9,ZARAR (SL),-348.14,119812.88
MDT,2024-06-07,2024-06-14,80.04,77.16,ZARAR (SL),-363.42,119446.46
MDT,2024-07-17,2024-07-25,78.06,75.37,ZARAR (SL),-347.57,119095.89
MDT,2024-07-29,2024-08-16,76.85,81.27,KAR (TP),572.0,119664.89
MDT,2024-08-19,2024-08-26,81.48,85.82,KAR (TP),529.89,120191.78
MDT,2024-09-19,2024-11-14,85.94,83.26,ZARAR (SL),-315.02,119873.76
MDT,2025-01-14,2025-01-24,83.25,88.08,KAR (TP),576.47,120447.23
MDT,2025-02-12,2025-02-18,89.21,84.05,ZARAR (SL),-581.0,119863.24
MDT,2025-02-28,2025-03-25,89.86,86.51,ZARAR (SL),-375.75,119484.49
MDT,2025-05-12,2025-05-22,84.46,79.64,ZARAR (SL),-574.03,118907.46
MDT,2025-06-03,2025-07-10,84.2,88.73,KAR (TP),535.07,119439.53
MDT,2025-08-07,2025-09-30,90.55,95.24,KAR (TP),514.59,119951.12
MDT,2025-10-01,2025-10-29,94.81,91.73,ZARAR (SL),-327.86,119620.26
MDT,2025-11-12,2025-11-18,95.81,100.8,KAR (TP),517.82,120135.09
SYK,2024-02-29,2024-04-16,343.56,333.09,ZARAR (SL),-307.73,119824.36
SYK,2024-05-28,2024-07-25,334.72,323.77,ZARAR (SL),-330.1,119491.25
SYK,2024-09-17,2024-10-03,359.87,348.45,ZARAR (SL),-320.56,119167.7
SYK,2024-10-18,2024-10-25,366.23,349.65,ZARAR (SL),-455.97,118708.73
SYK,2024-10-29,2024-11-11,355.78,375.45,KAR (TP),549.91,119255.64
SYK,2024-11-12,2024-12-12,383.63,371.69,ZARAR (SL),-314.28,118938.36
SYK,2025-01-16,2025-03-10,379.23,367.64,ZARAR (SL),-308.67,118626.69
SYK,2025-04-30,2025-05-16,372.27,392.48,KAR (TP),539.63,119163.32
SYK,2025-06-24,2025-09-23,384.76,372.67,ZARAR (SL),-317.16,118843.16
SYK,2025-10-22,2025-10-28,388.35,375.93,ZARAR (SL),-322.81,118517.34
SYK,2025-11-13,2025-11-17,373.42,360.13,ZARAR (SL),-358.9,118155.44
SYK,2025-11-26,2025-12-08,372.29,353.6,ZARAR (SL),-505.03,117647.41
AMGN,2024-01-29,2024-02-07,294.67,278.14,ZARAR (SL),-563.86,117080.56
AMGN,2024-03-26,2024-04-04,266.95,253.99,ZARAR (SL),-488.5,116589.06
AMGN,2024-05-01,2024-05-03,262.79,294.92,KAR (TP),1219.91,117805.97
AMGN,2024-06-24,2024-07-17,303.56,320.28,KAR (TP),547.69,118350.66
AMGN,2024-07-31,2024-08-07,317.23,298.17,ZARAR (SL),-603.66,117744.0
AMGN,2024-09-03,2024-09-06,317.55,307.99,ZARAR (SL),-304.05,117436.95
AMGN,2024-09-11,2024-09-25,317.04,300.59,ZARAR (SL),-521.82,116912.13
AMGN,2024-10-31,2024-11-12,307.61,287.12,ZARAR (SL),-668.92,116240.21
AMGN,2025-01-21,2025-02-03,266.15,279.76,KAR (TP),508.63,116745.84
AMGN,2025-02-07,2025-02-24,284.29,302.38,KAR (TP),633.44,117376.29
AMGN,2025-03-04,2025-04-04,304.79,287.41,ZARAR (SL),-573.16,116800.12
AMGN,2025-06-20,2025-06-23,284.97,268.33,ZARAR (SL),-586.76,116210.36
AMGN,2025-07-01,2025-07-22,286.14,301.08,KAR (TP),519.17,116726.53
AMGN,2025-08-04,2025-08-06,297.39,280.38,ZARAR (SL),-574.97,116148.56
AMGN,2025-10-01,2025-11-05,296.39,317.59,KAR (TP),712.58,116858.14
AMGN,2025-11-06,2025-11-11,313.36,336.05,KAR (TP),721.36,117576.49
AMGN,2025-12-04,2025-12-05,340.16,329.89,ZARAR (SL),-304.92,117268.58
GILD,2024-03-14,2024-04-03,70.07,66.93,ZARAR (SL),-450.38,116815.2
GILD,2024-06-20,2024-07-17,65.46,70.06,KAR (TP),699.29,117511.49
GILD,2024-08-05,2024-08-29,71.52,75.94,KAR (TP),614.4,118122.89
GILD,2024-10-22,2024-11-07,85.05,94.44,KAR (TP),1101.81,119221.7
GILD,2024-11-13,2024-11-15,89.36,85.28,ZARAR (SL),-459.66,118759.04
GILD,2024-12-05,2025-01-08,90.09,86.72,ZARAR (SL),-377.85,118378.19
GILD,2025-01-15,2025-01-31,89.87,94.56,KAR (TP),518.76,118893.95
GILD,2025-02-10,2025-02-12,92.88,100.5,KAR (TP),817.07,119708.01
GILD,2025-03-11,2025-03-19,111.32,105.32,ZARAR (SL),-541.8,119163.22
GILD,2025-05-12,2025-05-14,101.71,96.38,ZARAR (SL),-526.98,118633.24
GILD,2025-05-20,2025-07-10,106.89,113.0,KAR (TP),569.2,119199.44
GILD,2025-07-25,2025-07-31,114.64,110.78,ZARAR (SL),-339.49,118856.95
GILD,2025-08-04,2025-08-06,112.97,108.8,ZARAR (SL),-372.4,118481.55
GILD,2025-08-08,2025-08-22,117.81,113.23,ZARAR (SL),-391.58,118086.97
GILD,2025-09-23,2025-10-02,113.65,109.83,ZARAR (SL),-338.66,117745.31
GILD,2025-10-07,2025-10-17,116.01,122.0,KAR (TP),513.36,118255.66
GILD,2025-10-31,2025-11-18,119.0,126.35,KAR (TP),613.91,118866.57
GILD,2025-11-20,2025-12-05,124.17,120.42,ZARAR (SL),-304.62,118558.95
BIIB,2024-04-29,2024-05-14,215.5,226.88,KAR (TP),525.07,119079.52
BIIB,2024-05-22,2024-05-23,225.21,218.06,ZARAR (SL),-320.48,118756.04
BIIB,2024-05-31,2024-06-05,224.94,236.72,KAR (TP),520.7,119273.74
BIIB,2024-06-12,2024-06-18,230.63,223.65,ZARAR (SL),-305.65,118965.09
BIIB,2024-06-28,2024-07-03,231.82,224.61,ZARAR (SL),-314.02,118648.07
BIIB,2024-09-03,2024-09-12,204.84,197.89,ZARAR (SL),-342.29,118302.78
BIIB,2025-03-04,2025-03-07,142.65,150.38,KAR (TP),538.89,118838.67
BIIB,2025-05-12,2025-05-14,124.4,120.37,ZARAR (SL),-326.95,118508.71
BIIB,2025-05-15,2025-05-20,123.7,130.55,KAR (TP),550.76,119056.47
BIIB,2025-05-30,2025-06-23,129.79,124.76,ZARAR (SL),-390.55,118662.92
BIIB,2025-07-02,2025-07-15,133.19,127.5,ZARAR (SL),-430.21,118229.71
BIIB,2025-07-24,2025-07-29,132.59,127.9,ZARAR (SL),-356.72,117869.99
BIIB,2025-08-04,2025-08-07,132.2,127.75,ZARAR (SL),-339.61,117527.38
BIIB,2025-08-13,2025-09-09,135.19,143.6,KAR (TP),619.09,118143.47
BIIB,2025-09-11,2025-09-15,148.84,143.32,ZARAR (SL),-373.87,117766.6
BIIB,2025-09-16,2025-09-23,143.68,139.31,ZARAR (SL),-307.15,117456.45
BIIB,2025-10-01,2025-10-10,154.22,146.57,ZARAR (SL),-499.04,116954.41
BIIB,2025-10-28,2025-11-06,149.13,156.74,KAR (TP),507.29,117458.7
BIIB,2025-11-12,2025-11-21,161.48,175.3,KAR (TP),852.83,118308.54
BIIB,2025-12-10,2025-12-16,177.55,171.5,ZARAR (SL),-343.75,117961.79
VRTX,2024-01-31,2024-02-06,433.38,416.13,ZARAR (SL),-401.03,117557.75
VRTX,2024-05-07,2024-05-15,410.24,437.49,KAR (TP),661.25,118216.0
VRTX,2024-06-12,2024-07-30,475.79,502.6,KAR (TP),560.48,118773.48
VRTX,2024-07-31,2024-08-05,495.72,476.91,ZARAR (SL),-382.45,118388.04
VRTX,2024-10-15,2024-11-08,484.3,516.74,KAR (TP),666.83,119051.87
VRTX,2024-11-11,2024-11-14,501.72,483.96,ZARAR (SL),-356.98,118691.89
VRTX,2024-12-16,2024-12-18,468.09,447.5,ZARAR (SL),-442.87,118246.01
VRTX,2025-02-20,2025-03-14,480.33,504.77,KAR (TP),505.82,118748.83
VRTX,2025-03-21,2025-03-31,503.2,484.82,ZARAR (SL),-368.26,118377.57
VRTX,2025-05-05,2025-05-06,500.19,450.03,ZARAR (SL),-1005.82,117368.75
VRTX,2025-06-18,2025-07-09,448.4,478.97,KAR (TP),678.76,118044.51
VRTX,2025-07-17,2025-08-05,463.27,374.98,ZARAR (SL),-1908.8,116132.71
VRTX,2025-09-29,2025-10-08,395.31,421.15,KAR (TP),650.66,116780.37
VRTX,2025-10-22,2025-11-07,426.44,409.47,ZARAR (SL),-400.95,116376.42
VRTX,2025-11-10,2025-12-03,421.2,463.13,KAR (TP),992.49,117365.91
VRTX,2025-12-04,2025-12-08,457.36,442.04,ZARAR (SL),-337.97,117024.95
BMY,2024-02-29,2024-03-06,46.55,48.97,KAR (TP),515.23,117535.68
BMY,2024-03-13,2024-04-10,48.3,46.67,ZARAR (SL),-340.13,117192.54
BMY,2024-06-26,2024-07-02,39.44,37.54,ZARAR (SL),-485.36,116704.19
BMY,2024-07-17,2024-07-26,40.65,47.53,KAR (TP),1688.77,118389.96
BMY,2024-08-05,2024-09-03,44.83,47.59,KAR (TP),612.68,118999.64
BMY,2024-09-13,2024-09-30,46.29,48.74,KAR (TP),528.24,119524.88
BMY,2024-11-01,2024-11-11,51.75,56.99,KAR (TP),1009.52,120531.4
BMY,2024-11-12,2024-11-15,56.23,53.56,ZARAR (SL),-477.42,120050.98
BMY,2024-11-19,2024-12-12,55.47,53.61,ZARAR (SL),-337.88,119710.11
BMY,2025-01-31,2025-02-07,56.78,54.76,ZARAR (SL),-359.23,119347.87
BMY,2025-02-28,2025-03-10,57.42,60.79,KAR (TP),582.37,119927.25
BMY,2025-03-21,2025-03-25,58.82,57.01,ZARAR (SL),-310.84,119613.4
BMY,2025-06-16,2025-06-18,47.38,45.6,ZARAR (SL),-377.02,119233.38
BMY,2025-07-17,2025-07-30,47.41,45.36,ZARAR (SL),-435.79,118794.59
BMY,2025-08-29,2025-09-18,46.54,44.98,ZARAR (SL),-337.89,118453.7
BMY,2025-10-30,2025-11-11,45.62,48.72,KAR (TP),676.53,119127.23
BMY,2025-11-14,2025-11-25,46.65,49.05,KAR (TP),511.47,119635.7
BMY,2025-12-02,2025-12-03,48.25,50.96,KAR (TP),558.66,120191.35
BMY,2025-12-04,2025-12-22,51.95,54.66,KAR (TP),518.66,120707.01
ISRG,2024-02-22,2024-04-15,389.08,377.36,ZARAR (SL),-304.22,120399.78
ISRG,2024-05-22,2024-06-12,400.9,428.1,KAR (TP),675.47,121072.26
ISRG,2024-07-01,2024-07-18,436.24,416.14,ZARAR (SL),-463.75,120605.5
ISRG,2024-07-19,2024-07-25,455.01,436.74,ZARAR (SL),-404.53,120197.97
ISRG,2024-08-01,2024-08-15,450.94,480.17,KAR (TP),645.2,120840.18
ISRG,2024-09-03,2024-10-18,483.44,521.15,KAR (TP),777.04,121614.21
ISRG,2024-10-21,2024-11-21,518.86,550.62,KAR (TP),609.11,122220.32
ISRG,2024-11-25,2025-01-15,536.55,580.11,KAR (TP),808.85,123026.18
ISRG,2025-01-16,2025-02-27,584.08,563.77,ZARAR (SL),-350.73,122672.45
ISRG,2025-04-09,2025-04-10,522.95,489.52,ZARAR (SL),-642.26,122027.19
ISRG,2025-04-11,2025-04-21,493.6,468.32,ZARAR (SL),-515.16,121509.04
ISRG,2025-05-30,2025-06-09,552.34,526.15,ZARAR (SL),-477.16,121028.87
ISRG,2025-10-20,2025-10-22,458.47,527.03,KAR (TP),1492.41,122518.28
ISRG,2025-11-19,2025-12-11,564.64,547.36,ZARAR (SL),-309.04,122206.24
ABT,2024-01-29,2024-02-23,109.69,115.5,KAR (TP),526.75,122728.49
ABT,2024-03-14,2024-03-18,114.91,108.71,ZARAR (SL),-542.34,122183.16
ABT,2024-06-07,2024-06-13,104.53,100.52,ZARAR (SL),-386.9,121793.26
ABT,2024-06-20,2024-07-01,103.55,100.27,ZARAR (SL),-319.22,121471.03
ABT,2024-07-17,2024-07-18,102.25,97.75,ZARAR (SL),-443.39,121024.64
ABT,2024-07-24,2024-08-23,104.77,110.08,KAR (TP),503.25,121524.89
ABT,2024-09-18,2025-01-23,112.21,121.56,KAR (TP),830.08,122351.97
ABT,2025-02-21,2025-03-12,133.11,128.53,ZARAR (SL),-346.91,122002.06
ABT,2025-04-16,2025-06-12,128.55,135.24,KAR (TP),517.43,122516.49
ABT,2025-06-24,2025-06-26,136.85,132.48,ZARAR (SL),-322.38,122191.11
ABT,2025-06-27,2025-07-17,133.19,119.98,ZARAR (SL),-994.89,121193.21
ABT,2025-08-14,2025-09-19,128.71,135.44,KAR (TP),519.89,121710.11
ABT,2025-09-30,2025-10-16,133.35,127.63,ZARAR (SL),-431.73,121275.37
ABT,2025-11-14,2025-11-19,130.59,126.15,ZARAR (SL),-343.0,120929.38
ABT,2025-11-21,2025-12-08,128.11,122.09,ZARAR (SL),-472.91,120453.47
ZTS,2024-02-06,2024-02-13,192.1,179.71,ZARAR (SL),-647.95,119802.52
ZTS,2024-02-22,2024-03-04,192.61,183.99,ZARAR (SL),-450.47,119349.05
ZTS,2024-05-29,2024-07-16,167.76,179.66,KAR (TP),706.02,120052.07
ZTS,2024-07-25,2024-08-05,177.97,172.12,ZARAR (SL),-331.61,119717.46
ZTS,2024-08-06,2024-09-17,182.43,192.69,KAR (TP),559.36,120273.82
ZTS,2024-09-24,2024-10-07,190.7,184.39,ZARAR (SL),-333.94,119936.88
ZTS,2025-01-21,2025-02-14,165.83,155.92,ZARAR (SL),-600.5,119333.37
ZTS,2025-05-05,2025-05-06,156.99,148.85,ZARAR (SL),-521.16,118809.22
ZTS,2025-05-07,2025-05-19,154.93,162.83,KAR (TP),506.65,119312.87
ZTS,2025-05-30,2025-06-17,167.48,160.57,ZARAR (SL),-415.74,118894.13
ZTS,2025-08-15,2025-09-10,153.58,148.9,ZARAR (SL),-307.33,118583.8
BDX,2024-02-01,2024-02-05,233.26,226.25,ZARAR (SL),-303.39,118275.91
BDX,2024-02-07,2024-04-16,230.5,223.25,ZARAR (SL),-317.63,117955.28
BDX,2024-05-10,2024-05-28,227.75,219.18,ZARAR (SL),-379.37,117572.9
BDX,2024-06-03,2024-07-01,230.81,222.44,ZARAR (SL),-365.64,117204.27
BDX,2024-07-25,2024-10-18,225.85,237.46,KAR (TP),511.19,117712.46
BDX,2024-11-06,2024-11-07,233.87,221.25,ZARAR (SL),-542.45,117167.01
BDX,2024-12-16,2025-01-21,222.74,235.28,KAR (TP),559.93,117723.94
BDX,2025-02-03,2025-02-06,242.37,222.4,ZARAR (SL),-826.88,116894.06
BDX,2025-03-07,2025-04-03,224.68,217.88,ZARAR (SL),-305.41,116585.65
BDX,2025-06-09,2025-07-22,170.65,179.32,KAR (TP),505.38,117088.03
BDX,2025-08-07,2025-08-19,185.65,195.89,KAR (TP),548.47,117633.5
BDX,2025-10-01,2025-10-28,189.91,183.21,ZARAR (SL),-355.47,117275.04
BDX,2025-11-11,2025-12-10,188.0,198.4,KAR (TP),550.37,117822.41
BDX,2025-12-12,2025-12-18,200.89,194.7,ZARAR (SL),-311.13,117508.28
BSX,2024-02-29,2024-04-24,66.21,72.91,KAR (TP),1008.93,118512.71
BSX,2024-04-29,2024-06-07,72.5,77.11,KAR (TP),632.86,119142.58
BSX,2024-06-17,2024-07-31,76.19,73.88,ZARAR (SL),-306.19,118833.39
BSX,2024-09-17,2024-10-09,82.52,86.7,KAR (TP),503.54,119333.93
BSX,2024-10-15,2024-10-30,86.77,83.99,ZARAR (SL),-323.39,119007.54
BSX,2024-11-25,2025-01-08,89.25,95.95,KAR (TP),747.7,119752.24
BSX,2025-03-25,2025-03-28,103.08,99.36,ZARAR (SL),-363.88,119385.36
BSX,2025-05-20,2025-06-03,106.54,103.1,ZARAR (SL),-325.88,119056.47
BSX,2025-06-27,2025-07-08,106.53,102.41,ZARAR (SL),-389.75,118663.73
BSX,2025-07-14,2025-09-15,104.33,99.87,ZARAR (SL),-430.49,118230.24
BSX,2025-10-23,2025-11-03,102.39,98.59,ZARAR (SL),-374.13,117853.11
BSX,2025-11-10,2025-11-19,100.91,97.01,ZARAR (SL),-389.48,117460.63
CI,2024-02-01,2024-02-02,296.26,312.19,KAR (TP),534.55,117992.18
CI,2024-02-05,2024-02-13,309.71,325.28,KAR (TP),499.69,118488.87
CI,2024-02-28,2024-03-15,323.07,340.8,KAR (TP),545.73,119031.6
CI,2024-04-08,2024-04-16,346.54,335.76,ZARAR (SL),-313.91,118714.68
CI,2024-05-31,2024-06-28,333.61,321.32,ZARAR (SL),-371.21,118340.47
CI,2024-07-31,2024-08-01,338.92,323.3,ZARAR (SL),-463.89,117873.58
CI,2024-09-06,2024-10-02,344.92,332.45,ZARAR (SL),-364.54,117506.04
CI,2024-11-25,2024-12-06,324.94,311.41,ZARAR (SL),-419.38,117083.66
CI,2025-01-14,2025-01-27,279.29,299.56,KAR (TP),722.89,117803.55
CI,2025-01-31,2025-02-25,288.28,307.58,KAR (TP),666.25,118466.8
CI,2025-02-28,2025-03-10,302.63,321.67,KAR (TP),626.27,119090.07
CI,2025-03-11,2025-04-03,313.0,333.26,KAR (TP),644.44,119731.5
CI,2025-04-04,2025-04-30,317.46,334.83,KAR (TP),544.15,120272.65
CI,2025-05-01,2025-05-12,330.04,310.9,ZARAR (SL),-582.99,119686.66
CI,2025-06-12,2025-07-01,312.03,330.85,KAR (TP),600.1,120283.77
CI,2025-07-02,2025-07-09,317.0,306.5,ZARAR (SL),-334.16,119946.61
CI,2025-08-15,2025-09-25,293.72,282.47,ZARAR (SL),-385.85,119557.76
CI,2025-10-03,2025-10-10,309.26,299.05,ZARAR (SL),-333.22,119221.53
CI,2025-10-17,2025-10-30,297.6,245.72,ZARAR (SL),-1746.24,117472.29
CVS,2024-02-15,2024-03-01,71.15,68.59,ZARAR (SL),-363.31,117104.48
CVS,2024-03-15,2024-04-02,71.89,68.57,ZARAR (SL),-465.53,116635.95
CVS,2024-05-31,2024-07-02,55.89,53.94,ZARAR (SL),-351.99,116280.95
CVS,2024-07-17,2024-07-19,57.77,55.87,ZARAR (SL),-332.54,115945.41
CVS,2024-07-31,2024-08-05,57.22,54.83,ZARAR (SL),-420.7,115521.71
CVS,2024-09-04,2024-09-09,56.24,53.56,ZARAR (SL),-480.23,115038.47
CVS,2024-09-25,2024-09-30,55.62,59.64,KAR (TP),720.06,115755.53
CVS,2024-11-25,2024-12-04,57.62,55.67,ZARAR (SL),-340.88,115411.65
CVS,2025-02-06,2025-02-12,52.68,61.4,KAR (TP),1652.61,117061.25
CVS,2025-02-21,2025-03-18,61.65,65.62,KAR (TP),641.3,117699.55
CVS,2025-03-21,2025-04-04,65.12,61.83,ZARAR (SL),-508.59,117187.96
CVS,2025-04-08,2025-04-21,65.68,63.29,ZARAR (SL),-366.74,116818.21
CVS,2025-05-01,2025-05-05,68.14,65.84,ZARAR (SL),-341.37,116473.84
CVS,2025-06-20,2025-07-14,65.32,63.15,ZARAR (SL),-334.98,116135.86
CVS,2025-09-09,2025-09-23,71.17,75.88,KAR (TP),659.02,116791.88
CVS,2025-10-01,2025-10-16,76.25,80.71,KAR (TP),582.4,117371.28
CVS,2025-11-12,2025-11-14,80.26,77.81,ZARAR (SL),-308.26,117060.02
CVS,2025-12-01,2025-12-03,79.1,75.0,ZARAR (SL),-521.33,116535.69
HUM,2024-05-02,2024-05-13,314.89,333.14,KAR (TP),576.48,117107.67
HUM,2024-06-13,2024-07-10,351.3,372.88,KAR (TP),611.26,117715.93
HUM,2024-07-18,2024-07-31,382.44,355.61,ZARAR (SL),-704.49,117008.45
HUM,2024-09-03,2024-09-09,357.5,338.06,ZARAR (SL),-546.83,116458.61
HUM,2024-10-30,2024-10-31,262.63,254.26,ZARAR (SL),-321.79,116133.82
HUM,2024-11-06,2024-11-15,284.51,271.85,ZARAR (SL),-448.04,115682.78
HUM,2024-11-20,2024-12-05,289.9,279.14,ZARAR (SL),-374.13,115305.65
HUM,2025-02-03,2025-02-06,289.95,276.67,ZARAR (SL),-461.02,114841.63
HUM,2025-03-18,2025-04-04,266.97,251.95,ZARAR (SL),-565.56,114273.07
HUM,2025-04-08,2025-04-17,279.93,262.59,ZARAR (SL),-622.61,113647.46
HUM,2025-06-23,2025-07-01,232.98,251.7,KAR (TP),800.51,114444.97
HUM,2025-07-02,2025-07-10,242.94,231.37,ZARAR (SL),-479.23,113962.74
HUM,2025-07-30,2025-07-31,260.56,249.0,ZARAR (SL),-446.65,113513.1
HUM,2025-10-17,2025-10-21,275.01,295.2,KAR (TP),731.16,114241.25
HUM,2025-10-30,2025-11-05,285.61,264.94,ZARAR (SL),-726.71,113511.54
HCA,2024-01-29,2024-01-30,282.39,297.02,KAR (TP),515.26,114022.3
HCA,2024-02-22,2024-03-19,308.1,326.15,KAR (TP),582.57,114601.87
HCA,2024-03-27,2024-04-16,327.34,309.77,ZARAR (SL),-539.65,114059.22
HCA,2024-05-29,2024-06-24,320.87,337.55,KAR (TP),516.86,114573.08
HCA,2024-07-24,2024-07-30,340.09,357.3,KAR (TP),503.19,115073.27
HCA,2024-09-06,2024-10-16,383.63,405.32,KAR (TP),562.38,115632.65
HCA,2025-01-21,2025-01-30,316.1,332.12,KAR (TP),503.8,116133.45
HCA,2025-02-06,2025-02-12,322.11,310.05,ZARAR (SL),-377.39,115753.06
HCA,2025-02-25,2025-02-26,330.59,317.53,ZARAR (SL),-398.11,115351.95
HCA,2025-03-07,2025-03-12,327.69,310.54,ZARAR (SL),-526.4,114822.55
HCA,2025-03-21,2025-03-31,327.08,343.75,KAR (TP),506.75,115326.3
HCA,2025-04-09,2025-04-21,336.77,315.96,ZARAR (SL),-620.97,114702.33
HCA,2025-04-24,2025-04-25,339.63,326.21,ZARAR (SL),-398.12,114301.21
HCA,2025-05-07,2025-05-15,359.1,383.49,KAR (TP),676.26,114974.47
HCA,2025-06-27,2025-07-16,378.06,361.39,ZARAR (SL),-443.81,114527.66
HCA,2025-09-04,2025-09-10,410.24,393.07,ZARAR (SL),-421.62,114103.04
HCA,2025-10-14,2025-10-22,417.78,440.53,KAR (TP),541.69,114641.73
HCA,2025-10-23,2025-10-27,439.51,467.17,KAR (TP),626.32,115265.05
HCA,2025-11-10,2025-11-21,458.62,490.27,KAR (TP),687.18,115949.23
HCA,2025-11-24,2025-12-08,500.3,484.43,ZARAR (SL),-320.14,115626.09
LH,2024-01-29,2024-02-05,221.73,214.41,ZARAR (SL),-333.19,115289.89
LH,2024-02-14,2024-02-16,222.68,211.48,ZARAR (SL),-505.83,114781.07
LH,2024-06-28,2024-07-16,200.05,212.82,KAR (TP),635.3,115413.37
LH,2024-07-19,2024-08-01,207.78,229.42,KAR (TP),1038.78,116449.14
LH,2024-08-05,2024-08-07,224.68,215.63,ZARAR (SL),-405.94,116040.2
LH,2024-09-05,2024-09-10,224.17,217.26,ZARAR (SL),-311.35,115725.85
LH,2024-09-17,2024-09-25,223.85,215.57,ZARAR (SL),-373.03,115349.82
LH,2024-10-23,2024-11-06,216.84,231.12,KAR (TP),655.48,116002.31
LH,2024-11-14,2024-12-11,234.86,227.01,ZARAR (SL),-337.33,115661.98
LH,2025-01-07,2025-01-27,232.52,246.93,KAR (TP),616.74,116275.71
LH,2025-02-04,2025-03-12,243.96,234.9,ZARAR (SL),-374.41,115898.3
LH,2025-04-29,2025-06-04,238.46,253.04,KAR (TP),608.16,116503.46
LH,2025-06-10,2025-07-11,258.01,248.31,ZARAR (SL),-378.91,116121.55
LH,2025-07-24,2025-09-26,266.29,279.86,KAR (TP),506.74,116625.29
LH,2025-10-01,2025-10-28,278.32,259.0,ZARAR (SL),-697.12,115925.18
COO,2024-02-01,2024-02-13,95.38,91.92,ZARAR (SL),-365.5,115556.68
COO,2024-02-21,2024-02-26,98.08,94.5,ZARAR (SL),-368.01,115185.67
COO,2024-02-28,2024-03-01,94.51,102.19,KAR (TP),809.61,115992.29
COO,2024-03-04,2024-04-01,102.77,99.24,ZARAR (SL),-346.49,115642.8
COO,2024-05-14,2024-05-28,95.96,91.68,ZARAR (SL),-449.02,115190.78
COO,2024-06-03,2024-06-18,94.72,91.66,ZARAR (SL),-326.06,114861.72
COO,2024-07-23,2024-08-19,90.67,95.22,KAR (TP),498.82,115357.54
COO,2024-08-20,2024-08-29,95.89,105.73,KAR (TP),1023.18,116377.72
COO,2024-09-25,2024-10-29,108.41,104.53,ZARAR (SL),-360.9,116013.82
COO,2025-01-21,2025-02-12,95.35,92.0,ZARAR (SL),-354.34,115656.48
COO,2025-05-05,2025-05-23,81.57,78.83,ZARAR (SL),-338.91,115314.57
COO,2025-07-02,2025-07-10,73.02,76.7,KAR (TP),500.97,115812.55
COO,2025-07-16,2025-08-05,72.7,69.56,ZARAR (SL),-434.91,115374.63
COO,2025-08-18,2025-08-28,73.53,64.58,ZARAR (SL),-1220.19,114151.44
COO,2025-10-01,2025-10-16,68.07,71.56,KAR (TP),509.71,114658.15
COO,2025-10-20,2025-10-28,74.99,71.75,ZARAR (SL),-435.06,114220.09
COO,2025-11-13,2025-11-21,71.75,75.47,KAR (TP),515.47,114732.56
COO,2025-12-02,2025-12-05,75.84,81.4,KAR (TP),730.12,115459.68
COO,2025-12-08,2025-12-11,78.04,82.11,KAR (TP),518.53,115975.21
ALGN,2024-02-01,2024-02-06,273.38,288.44,KAR (TP),547.88,116520.09
ALGN,2024-02-08,2024-02-15,295.0,309.77,KAR (TP),497.68,117014.77
ALGN,2024-03-13,2024-04-03,320.69,310.11,ZARAR (SL),-332.91,116678.86
ALGN,2024-04-08,2024-04-15,320.06,304.74,ZARAR (SL),-481.66,116194.2
ALGN,2024-07-11,2024-07-12,256.3,242.65,ZARAR (SL),-535.58,115655.62
ALGN,2024-07-18,2024-07-25,250.66,226.05,ZARAR (SL),-984.81,114667.81
ALGN,2024-09-13,2024-09-19,243.73,257.17,KAR (TP),548.43,115213.24
ALGN,2024-09-20,2024-09-25,252.85,242.45,ZARAR (SL),-414.31,114795.93
ALGN,2024-11-15,2024-11-25,223.69,240.52,KAR (TP),749.38,115542.31
ALGN,2024-11-26,2024-12-11,227.93,239.52,KAR (TP),505.49,116044.8
ALGN,2025-01-21,2025-01-31,228.0,219.11,ZARAR (SL),-392.91,115648.89
ALGN,2025-04-09,2025-04-22,165.03,173.87,KAR (TP),532.66,116178.55
ALGN,2025-04-30,2025-05-12,173.3,189.0,KAR (TP),902.94,117078.49
ALGN,2025-05-29,2025-06-17,183.05,175.16,ZARAR (SL),-434.03,116641.46
ALGN,2025-06-20,2025-07-01,181.79,194.28,KAR (TP),684.06,117322.52
ALGN,2025-07-02,2025-07-16,196.98,190.24,ZARAR (SL),-345.17,116974.35
ALGN,2025-07-23,2025-07-31,204.13,129.01,ZARAR (SL),-3683.01,113288.34
ALGN,2025-10-22,2025-11-11,135.58,144.49,KAR (TP),654.18,113939.52
ALGN,2025-11-21,2025-12-02,142.56,150.93,KAR (TP),584.12,114520.64
ALGN,2025-12-03,2025-12-10,155.0,164.58,KAR (TP),615.06,115132.71
HOLX,2024-01-26,2024-02-05,74.41,72.04,ZARAR (SL),-321.51,114806.7
HOLX,2024-02-06,2024-03-28,74.17,77.96,KAR (TP),507.99,115311.69
HOLX,2024-04-04,2024-04-17,77.28,74.92,ZARAR (SL),-308.38,115000.3
HOLX,2024-06-27,2024-07-16,74.21,78.46,KAR (TP),569.7,115567.0
HOLX,2024-08-05,2024-08-26,82.36,79.75,ZARAR (SL),-319.9,115244.1
HOLX,2024-09-13,2024-11-14,81.15,77.54,ZARAR (SL),-447.86,114793.25
HOLX,2025-03-10,2025-03-11,65.62,62.59,ZARAR (SL),-464.75,114325.5
HOLX,2025-05-30,2025-07-01,62.17,65.33,KAR (TP),505.28,114827.78
HOLX,2025-07-28,2025-08-13,65.69,68.98,KAR (TP),497.84,115322.62
HOLX,2025-08-14,2025-09-10,68.06,65.51,ZARAR (SL),-377.67,114941.95
HOLX,2025-09-17,2025-09-25,68.2,65.79,ZARAR (SL),-356.37,114582.58
HOLX,2025-10-16,2025-10-21,68.5,73.98,KAR (TP),797.0,115376.58
DVA,2024-01-26,2024-02-12,107.17,114.3,KAR (TP),662.3,116034.38
DVA,2024-04-29,2024-05-23,138.14,132.25,ZARAR (SL),-429.38,115602.0
DVA,2024-05-24,2024-05-29,138.54,146.69,KAR (TP),585.28,116184.28
DVA,2024-05-31,2024-06-10,147.12,141.58,ZARAR (SL),-379.56,115801.71
DVA,2024-06-24,2024-06-28,143.88,138.57,ZARAR (SL),-372.06,115426.66
DVA,2024-08-02,2024-08-07,139.52,133.98,ZARAR (SL),-400.08,115023.58
DVA,2024-08-12,2024-08-19,143.63,152.17,KAR (TP),591.58,115612.16
DVA,2024-08-20,2024-09-12,147.58,157.64,KAR (TP),678.66,116287.83
DVA,2024-09-17,2024-10-02,164.22,159.11,ZARAR (SL),-314.17,115970.66
DVA,2024-10-15,2024-10-25,164.57,156.99,ZARAR (SL),-463.59,115504.06
DVA,2025-01-13,2025-01-17,157.06,166.24,KAR (TP),581.49,116082.56
DVA,2025-02-06,2025-02-14,172.07,157.42,ZARAR (SL),-854.4,115225.16
DVA,2025-04-04,2025-04-08,149.49,143.92,ZARAR (SL),-375.6,114846.56
DVA,2025-04-09,2025-04-15,152.86,146.28,ZARAR (SL),-433.46,114410.1
DVA,2025-05-19,2025-05-22,144.96,138.52,ZARAR (SL),-447.26,113959.84
DVA,2025-06-26,2025-07-23,141.09,151.32,KAR (TP),722.07,114678.91
DVA,2025-07-24,2025-07-31,144.77,140.37,ZARAR (SL),-306.93,114368.98
DVA,2025-09-04,2025-09-15,135.56,130.95,ZARAR (SL),-343.07,114022.9
WAT,2024-02-02,2024-02-28,320.74,337.68,KAR (TP),525.15,114545.06
WAT,2024-02-29,2024-03-07,337.42,361.0,KAR (TP),695.83,115237.89
WAT,2024-03-14,2024-04-12,343.57,322.66,ZARAR (SL),-611.61,114623.28
WAT,2024-05-23,2024-05-30,336.79,307.62,ZARAR (SL),-869.12,113751.16
WAT,2024-07-11,2024-07-16,301.48,316.73,KAR (TP),502.84,114251.0
WAT,2024-07-22,2024-07-30,307.22,327.66,KAR (TP),662.32,114910.32
WAT,2024-08-05,2024-08-30,328.83,346.35,KAR (TP),529.8,115437.12
WAT,2024-09-20,2024-09-26,336.56,355.68,KAR (TP),565.1,115999.22
WAT,2024-10-16,2024-10-22,353.97,339.43,ZARAR (SL),-413.77,115582.45
WAT,2024-11-01,2024-11-15,387.21,358.46,ZARAR (SL),-745.49,114833.96
WAT,2024-11-25,2024-12-18,378.16,360.43,ZARAR (SL),-471.85,114359.11
WAT,2025-05-05,2025-05-12,348.38,366.67,KAR (TP),522.0,114878.11
WAT,2025-05-14,2025-07-14,345.38,304.18,ZARAR (SL),-1195.89,113679.22
WAT,2025-08-29,2025-09-03,301.8,290.06,ZARAR (SL),-392.0,113284.22
WAT,2025-09-04,2025-09-25,299.69,287.79,ZARAR (SL),-400.08,112881.15
WAT,2025-09-30,2025-10-01,299.81,319.81,KAR (TP),664.09,113542.24
WAT,2025-10-09,2025-10-21,330.45,349.23,KAR (TP),565.32,114104.55
WAT,2025-11-03,2025-11-04,345.59,367.34,KAR (TP),626.36,114727.91
WAT,2025-12-04,2025-12-16,396.37,378.53,ZARAR (SL),-453.08,114271.83
RGEN,2024-01-26,2024-02-08,193.4,203.99,KAR (TP),544.57,114813.4
RGEN,2024-02-20,2024-02-22,199.73,193.4,ZARAR (SL),-319.93,114490.47
RGEN,2024-05-14,2024-05-21,172.48,166.9,ZARAR (SL),-326.52,114160.95
RGEN,2024-07-17,2024-07-18,132.31,127.63,ZARAR (SL),-356.71,113801.24
RGEN,2024-07-23,2024-07-26,132.68,140.79,KAR (TP),608.25,114406.48
RGEN,2024-07-29,2024-07-30,138.0,160.59,KAR (TP),1633.96,116037.44
RGEN,2024-09-26,2024-10-03,147.18,139.04,ZARAR (SL),-556.06,115478.37
RGEN,2024-10-15,2024-10-16,144.98,138.17,ZARAR (SL),-472.72,115002.65
RGEN,2024-10-18,2024-10-23,146.95,137.48,ZARAR (SL),-647.44,114352.22
RGEN,2024-11-12,2024-11-14,148.59,142.43,ZARAR (SL),-417.56,113931.65
RGEN,2024-11-20,2024-11-25,138.9,146.06,KAR (TP),512.48,114441.13
RGEN,2024-12-16,2024-12-18,160.92,147.34,ZARAR (SL),-846.9,113591.24
RGEN,2025-01-03,2025-01-13,149.9,158.44,KAR (TP),566.71,114154.95
RGEN,2025-01-29,2025-02-03,169.4,159.87,ZARAR (SL),-565.57,113586.38
RGEN,2025-07-29,2025-07-31,125.3,117.07,ZARAR (SL),-659.82,112923.55
RGEN,2025-08-28,2025-09-03,122.17,116.18,ZARAR (SL),-493.3,112427.25
RGEN,2025-09-05,2025-09-08,124.56,120.7,ZARAR (SL),-312.89,112111.36
RGEN,2025-09-19,2025-09-30,122.3,133.67,KAR (TP),926.68,113035.04
RGEN,2025-10-21,2025-10-23,156.75,165.2,KAR (TP),536.07,113568.12
RGEN,2025-10-27,2025-10-28,161.1,151.57,ZARAR (SL),-594.56,112970.56
RGEN,2025-11-11,2025-11-21,153.44,162.51,KAR (TP),588.11,113555.67
RGEN,2025-11-24,2025-12-08,167.26,160.81,ZARAR (SL),-388.63,113164.04
IQV,2024-02-09,2024-02-14,218.2,243.47,KAR (TP),1155.11,114316.15
IQV,2024-03-15,2024-04-03,252.71,242.98,ZARAR (SL),-388.03,113925.13
IQV,2024-05-15,2024-05-22,233.69,226.03,ZARAR (SL),-330.78,113591.34
IQV,2024-07-25,2024-07-30,232.29,245.57,KAR (TP),568.7,114157.04
IQV,2024-07-31,2024-08-05,246.23,233.65,ZARAR (SL),-513.9,113640.14
IQV,2024-08-20,2024-09-10,246.94,235.2,ZARAR (SL),-478.42,113158.72
IQV,2025-01-21,2025-01-29,205.69,198.07,ZARAR (SL),-373.46,112782.26
IQV,2025-01-30,2025-02-14,201.78,193.44,ZARAR (SL),-416.32,112362.94
IQV,2025-05-07,2025-05-14,153.3,141.82,ZARAR (SL),-751.86,111608.08
IQV,2025-06-10,2025-06-17,159.77,154.1,ZARAR (SL),-357.89,111247.19
IQV,2025-06-26,2025-07-22,158.16,187.38,KAR (TP),1844.5,113088.69
IQV,2025-08-05,2025-08-06,183.93,177.49,ZARAR (SL),-353.13,112732.56
IQV,2025-09-11,2025-09-24,190.69,181.24,ZARAR (SL),-498.57,112230.99
IQV,2025-09-30,2025-10-01,189.94,203.79,KAR (TP),726.18,112954.16
IQV,2025-10-02,2025-10-10,204.34,198.17,ZARAR (SL),-304.95,112646.22
IQV,2025-10-13,2025-10-21,203.77,218.67,KAR (TP),728.22,113371.43
IQV,2025-10-22,2025-11-04,217.86,210.96,ZARAR (SL),-319.72,113048.72
IQV,2025-11-13,2025-11-17,223.55,216.12,ZARAR (SL),-335.36,112710.35
IQV,2025-12-02,2025-12-09,225.63,218.06,ZARAR (SL),-338.51,112368.85
REGN,2024-01-31,2024-02-27,937.58,987.87,KAR (TP),533.39,112899.24
REGN,2024-02-29,2024-04-04,960.76,931.85,ZARAR (SL),-303.9,112592.33
REGN,2024-05-02,2024-05-14,932.44,979.21,KAR (TP),498.59,113087.93
REGN,2024-05-31,2024-06-14,974.75,1030.8,KAR (TP),572.01,113656.94
REGN,2024-07-31,2024-08-13,1073.24,1151.94,KAR (TP),730.33,114384.27
REGN,2024-08-29,2024-09-06,1172.43,1125.26,ZARAR (SL),-405.31,113975.95
REGN,2025-02-05,2025-02-10,712.77,686.55,ZARAR (SL),-370.79,113602.17
REGN,2025-02-25,2025-02-28,720.4,695.78,ZARAR (SL),-344.83,113254.34
REGN,2025-03-11,2025-03-12,715.12,686.58,ZARAR (SL),-402.07,112849.27
REGN,2025-07-16,2025-08-15,546.41,578.8,KAR (TP),589.78,113436.04
REGN,2025-08-20,2025-08-25,590.27,571.66,ZARAR (SL),-318.22,113114.82
REGN,2025-08-26,2025-09-03,586.91,563.09,ZARAR (SL),-408.85,112702.97
REGN,2025-09-18,2025-09-23,597.96,567.18,ZARAR (SL),-517.77,112182.19
REGN,2025-10-01,2025-10-08,599.19,563.15,ZARAR (SL),-604.39,111574.8
REGN,2025-10-27,2025-10-28,584.58,653.66,KAR (TP),1178.77,112750.57
REGN,2025-11-19,2025-11-20,701.87,737.0,KAR (TP),497.52,113245.09
REGN,2025-12-03,2025-12-09,723.67,692.58,ZARAR (SL),-432.62,112809.47
EW,2024-01-31,2024-02-02,78.47,86.09,KAR (TP),968.07,113773.04
EW,2024-02-26,2024-03-07,86.15,93.81,KAR (TP),886.15,114656.19
EW,2024-03-08,2024-04-15,92.14,89.2,ZARAR (SL),-322.08,114331.11
EW,2024-05-15,2024-05-28,90.16,87.04,ZARAR (SL),-349.05,113979.06
EW,2024-05-30,2024-06-27,87.89,93.34,KAR (TP),617.09,114593.15
EW,2024-06-28,2024-07-15,92.37,89.5,ZARAR (SL),-313.71,114276.44
EW,2024-08-29,2024-09-05,70.12,66.02,ZARAR (SL),-587.71,113685.73
EW,2024-09-16,2024-09-17,69.36,67.23,ZARAR (SL),-310.09,113372.64
EW,2024-10-08,2024-11-04,68.54,66.47,ZARAR (SL),-305.01,113064.63
EW,2024-12-02,2024-12-04,70.53,74.2,KAR (TP),517.35,113578.97
EW,2024-12-10,2025-01-13,73.39,71.09,ZARAR (SL),-316.39,113259.58
EW,2025-02-12,2025-02-21,75.82,73.3,ZARAR (SL),-335.37,112921.21
EW,2025-03-05,2025-03-07,72.85,70.33,ZARAR (SL),-348.92,112569.29
EW,2025-04-24,2025-07-25,75.13,80.0,KAR (TP),645.21,113211.5
EW,2025-07-28,2025-09-15,78.49,76.05,ZARAR (SL),-313.87,112894.64
EW,2025-10-22,2025-10-27,76.84,80.82,KAR (TP),514.96,113406.6
TECH,2024-02-29,2024-03-14,72.93,70.6,ZARAR (SL),-322.42,113079.67
TECH,2024-05-01,2024-05-03,72.82,76.61,KAR (TP),518.37,113595.04
TECH,2024-07-29,2024-08-07,79.1,70.41,ZARAR (SL),-1101.85,112490.2
TECH,2024-09-10,2024-09-19,73.29,79.82,KAR (TP),888.84,113376.04
TECH,2024-09-20,2024-09-25,77.78,74.45,ZARAR (SL),-430.84,112942.2
TECH,2024-11-01,2024-11-14,74.81,72.13,ZARAR (SL),-360.72,112578.48
TECH,2025-01-06,2025-01-21,73.83,78.3,KAR (TP),603.06,113178.54
TECH,2025-01-23,2025-01-28,76.48,74.18,ZARAR (SL),-303.35,112872.19
TECH,2025-02-05,2025-02-07,74.82,72.4,ZARAR (SL),-327.25,112541.93
TECH,2025-05-09,2025-05-12,49.72,53.66,KAR (TP),789.95,113328.89
TECH,2025-06-25,2025-07-21,51.74,50.13,ZARAR (SL),-315.2,113010.69
TECH,2025-07-23,2025-07-24,55.15,58.3,KAR (TP),568.33,113576.01
TECH,2025-07-25,2025-07-31,58.61,54.57,ZARAR (SL),-692.01,112881.0
TECH,2025-08-05,2025-08-06,54.48,49.73,ZARAR (SL),-875.99,112002.02
TECH,2025-09-30,2025-10-01,55.56,59.84,KAR (TP),768.17,112767.18
DGX,2024-03-06,2024-04-01,122.59,130.17,KAR (TP),615.5,113379.68
DGX,2024-04-02,2024-04-16,127.77,123.77,ZARAR (SL),-315.88,113060.8
DGX,2024-04-22,2024-04-23,126.37,132.79,KAR (TP),505.11,113562.91
DGX,2024-04-24,2024-07-12,133.61,140.74,KAR (TP),530.16,114090.08
DGX,2024-07-15,2024-08-21,141.21,149.39,KAR (TP),576.57,114663.65
DGX,2024-09-05,2024-10-07,150.62,144.17,ZARAR (SL),-431.07,114229.57
DGX,2024-10-22,2024-12-16,154.55,149.82,ZARAR (SL),-309.09,113917.48
DGX,2025-01-21,2025-01-30,150.55,161.91,KAR (TP),751.67,114666.15
DGX,2025-01-31,2025-02-19,160.86,169.39,KAR (TP),527.35,115190.5
DGX,2025-03-04,2025-03-11,172.6,165.84,ZARAR (SL),-394.98,114792.52
DGX,2025-03-18,2025-03-20,170.08,164.17,ZARAR (SL),-350.35,114439.17
DGX,2025-04-22,2025-06-16,171.3,180.45,KAR (TP),531.02,114967.19
DGX,2025-06-20,2025-07-08,177.83,171.74,ZARAR (SL),-345.55,114618.64
DGX,2025-08-22,2025-09-30,179.43,189.74,KAR (TP),571.27,115186.91
DGX,2025-10-15,2025-10-22,187.35,181.17,ZARAR (SL),-332.86,114851.04
DGX,2025-11-10,2025-12-16,184.31,178.66,ZARAR (SL),-309.55,114538.5
INCY,2024-03-11,2024-03-13,60.79,58.92,ZARAR (SL),-310.62,114224.88
INCY,2024-06-03,2024-06-13,58.8,62.69,KAR (TP),658.56,114880.44
INCY,2024-07-31,2024-08-05,65.07,62.0,ZARAR (SL),-474.8,114402.64
INCY,2024-09-04,2024-09-06,64.33,61.26,ZARAR (SL),-480.23,113919.42
INCY,2024-09-16,2024-09-23,66.41,64.12,ZARAR (SL),-347.83,113568.59
INCY,2024-10-01,2024-10-07,68.06,65.76,ZARAR (SL),-340.94,113224.65
INCY,2024-11-15,2024-11-19,75.87,70.56,ZARAR (SL),-702.88,112518.77
INCY,2025-01-21,2025-02-10,73.47,68.3,ZARAR (SL),-706.69,111809.08
INCY,2025-02-25,2025-03-03,74.4,70.26,ZARAR (SL),-559.45,111246.63
INCY,2025-04-30,2025-05-06,62.66,59.61,ZARAR (SL),-489.75,110753.88
INCY,2025-05-08,2025-05-15,59.73,62.76,KAR (TP),504.28,111255.16
INCY,2025-05-20,2025-06-06,65.3,68.77,KAR (TP),528.39,111780.55
INCY,2025-06-11,2025-07-29,68.85,77.38,KAR (TP),1235.93,113013.48
INCY,2025-07-30,2025-07-31,77.55,74.89,ZARAR (SL),-346.0,112664.47
INCY,2025-09-02,2025-09-12,85.98,83.1,ZARAR (SL),-337.96,112323.51
INCY,2025-10-02,2025-10-24,86.28,91.28,KAR (TP),576.51,112897.02
INCY,2025-10-27,2025-10-29,93.08,90.18,ZARAR (SL),-314.56,112579.46
CRL,2024-02-09,2024-02-14,222.22,245.12,KAR (TP),1027.51,113602.47
CRL,2024-02-16,2024-03-01,244.96,264.38,KAR (TP),789.78,114389.25
CRL,2024-03-15,2024-03-21,258.97,273.43,KAR (TP),555.37,114941.62
CRL,2024-03-28,2024-04-02,270.95,261.82,ZARAR (SL),-339.96,114598.65
CRL,2024-07-11,2024-07-16,210.88,227.31,KAR (TP),776.12,115371.77
CRL,2024-07-19,2024-07-26,218.24,233.47,KAR (TP),694.86,116063.62
CRL,2024-08-02,2024-08-05,233.6,226.4,ZARAR (SL),-311.22,115749.4
CRL,2024-08-06,2024-08-07,228.8,199.96,ZARAR (SL),-1263.49,114482.92
CRL,2024-09-16,2024-09-25,203.73,192.9,ZARAR (SL),-534.59,113945.33
CRL,2024-11-05,2024-11-06,188.68,214.2,KAR (TP),1349.55,115291.88
CRL,2024-11-07,2024-11-14,210.29,196.9,ZARAR (SL),-639.74,114649.14
CRL,2025-02-24,2025-02-27,170.51,164.88,ZARAR (SL),-333.19,114312.96
CRL,2025-06-16,2025-06-17,151.03,145.05,ZARAR (SL),-398.95,113911.01
CRL,2025-06-20,2025-07-02,147.45,157.49,KAR (TP),677.91,114585.92
CRL,2025-07-17,2025-07-21,156.7,149.79,ZARAR (SL),-443.97,114138.95
CRL,2025-07-22,2025-07-24,163.36,177.1,KAR (TP),838.09,114974.04
CRL,2025-07-28,2025-07-31,178.99,169.64,ZARAR (SL),-525.38,114445.66
CRL,2025-08-05,2025-08-06,167.49,150.33,ZARAR (SL),-1027.54,113415.12
CRL,2025-09-08,2025-09-10,162.0,153.27,ZARAR (SL),-541.89,112870.23
CRL,2025-10-01,2025-10-20,170.48,184.14,KAR (TP),798.27,113665.5
CRL,2025-10-21,2025-10-29,188.26,180.15,ZARAR (SL),-433.79,113228.71
PG,2024-02-29,2024-05-09,152.04,159.86,KAR (TP),511.16,113736.88
PG,2024-06-04,2024-07-31,160.79,155.71,ZARAR (SL),-319.34,113414.54
PG,2024-08-02,2024-11-06,164.73,156.9,ZARAR (SL),-478.25,112933.29
PG,2024-11-18,2024-11-26,166.35,174.69,KAR (TP),498.32,113428.61
PG,2025-01-27,2025-02-14,166.3,159.66,ZARAR (SL),-402.03,113023.57
PG,2025-02-21,2025-03-25,166.86,159.63,ZARAR (SL),-436.53,112584.04
PG,2025-06-02,2025-06-09,165.48,160.33,ZARAR (SL),-314.12,112266.92
PG,2025-08-18,2025-10-06,154.64,149.37,ZARAR (SL),-344.0,111919.93
PG,2025-10-23,2025-11-05,151.15,145.79,ZARAR (SL),-357.81,111559.12
KO,2024-01-30,2024-05-07,56.46,59.49,KAR (TP),534.71,112090.83
KO,2024-05-31,2024-07-24,59.79,63.01,KAR (TP),535.79,112623.62
KO,2024-07-25,2024-08-20,63.26,66.43,KAR (TP),497.98,113118.61
KO,2024-09-05,2024-10-23,68.14,65.56,ZARAR (SL),-381.49,112734.11
KO,2024-12-17,2025-01-06,61.58,59.07,ZARAR (SL),-411.52,112319.6
KO,2025-01-27,2025-02-11,62.04,65.66,KAR (TP),581.0,112897.6
KO,2025-03-04,2025-04-03,68.18,71.61,KAR (TP),499.92,113394.52
KO,2025-04-09,2025-04-22,68.45,72.31,KAR (TP),561.69,113953.21
KO,2025-04-30,2025-05-12,70.99,68.04,ZARAR (SL),-419.26,113530.94
KO,2025-05-30,2025-06-18,70.55,68.2,ZARAR (SL),-335.58,113192.36
KO,2025-07-01,2025-07-09,70.63,68.47,ZARAR (SL),-308.57,112880.8
KO,2025-07-17,2025-07-28,69.56,67.1,ZARAR (SL),-357.16,112520.64
KO,2025-08-07,2025-09-04,69.41,67.26,ZARAR (SL),-312.53,112205.11
KO,2025-10-10,2025-10-21,66.57,70.72,KAR (TP),620.51,112822.62
PEP,2024-02-05,2024-03-05,159.25,152.13,ZARAR (SL),-450.19,112367.93
PEP,2024-03-18,2024-05-13,160.79,169.84,KAR (TP),559.89,112924.81
PEP,2024-05-23,2024-05-28,168.31,162.78,ZARAR (SL),-331.55,112590.26
PEP,2024-07-12,2024-08-01,157.44,165.56,KAR (TP),512.69,113099.95
PEP,2024-08-05,2024-10-07,164.69,159.43,ZARAR (SL),-322.28,112774.67
PEP,2024-10-21,2024-10-29,166.86,159.7,ZARAR (SL),-432.12,112339.55
PEP,2025-01-27,2025-02-04,148.67,137.98,ZARAR (SL),-722.23,111614.32
PEP,2025-02-21,2025-03-20,147.6,142.75,ZARAR (SL),-331.92,111279.4
PEP,2025-06-10,2025-07-17,129.29,142.64,KAR (TP),1029.39,112305.79
PEP,2025-07-28,2025-08-13,138.84,146.47,KAR (TP),546.55,112849.34
PEP,2025-08-15,2025-09-08,147.5,140.34,ZARAR (SL),-488.62,112357.72
PEP,2025-10-09,2025-10-16,143.31,151.19,KAR (TP),547.06,112901.78
PEP,2025-12-10,2025-12-23,149.7,143.68,ZARAR (SL),-405.14,112493.65
WMT,2024-01-31,2024-02-20,53.91,57.38,KAR (TP),639.06,113129.7
WMT,2024-02-23,2024-03-20,57.28,60.15,KAR (TP),499.15,113625.86
WMT,2024-05-07,2024-05-16,59.54,63.08,KAR (TP),592.77,114215.63
WMT,2024-06-07,2024-07-05,64.93,69.03,KAR (TP),628.45,114841.08
WMT,2024-07-11,2024-08-05,68.79,66.61,ZARAR (SL),-319.62,114518.46
WMT,2024-08-15,2024-08-30,72.12,76.33,KAR (TP),580.51,115095.97
WMT,2024-09-17,2024-10-23,77.68,82.3,KAR (TP),591.15,115684.12
WMT,2024-10-31,2024-11-19,80.99,85.59,KAR (TP),564.42,116245.54
WMT,2024-12-18,2024-12-23,92.66,89.49,ZARAR (SL),-345.06,115897.48
WMT,2025-04-09,2025-04-14,88.99,94.09,KAR (TP),569.55,116464.02
WMT,2025-05-12,2025-08-06,96.33,102.91,KAR (TP),680.2,117141.23
WMT,2025-08-13,2025-08-22,100.55,96.63,ZARAR (SL),-392.53,116745.7
WMT,2025-09-19,2025-10-15,102.12,108.81,KAR (TP),651.74,117394.44
WMT,2025-12-19,2025-12-23,114.36,110.9,ZARAR (SL),-305.55,117085.89
COST,2024-02-02,2024-02-26,702.73,738.26,KAR (TP),502.58,117585.47
COST,2024-02-29,2024-03-07,736.81,778.12,KAR (TP),557.57,118140.04
COST,2024-04-30,2024-05-07,717.17,765.2,KAR (TP),666.66,118803.7
COST,2024-05-31,2024-06-14,803.47,848.89,KAR (TP),562.26,119362.96
COST,2024-06-28,2024-07-25,843.26,809.48,ZARAR (SL),-403.48,118956.49
COST,2024-08-30,2024-11-08,886.57,938.9,KAR (TP),587.27,119540.75
COST,2024-11-11,2024-12-03,928.04,977.05,KAR (TP),525.15,120062.9
COST,2024-12-12,2024-12-19,983.26,949.84,ZARAR (SL),-342.85,119717.06
COST,2025-01-28,2025-02-04,953.69,1016.56,KAR (TP),656.14,120370.2
COST,2025-02-20,2025-03-07,1030.6,960.36,ZARAR (SL),-684.46,119682.73
COST,2025-04-09,2025-05-05,961.24,1012.05,KAR (TP),525.62,120205.36
COST,2025-05-13,2025-06-02,996.24,1053.9,KAR (TP),575.76,120778.12
COST,2025-08-08,2025-08-25,979.59,940.25,ZARAR (SL),-404.64,120370.48
COST,2025-11-04,2025-11-18,940.74,895.08,ZARAR (SL),-488.36,119879.12
HD,2024-01-31,2024-02-22,336.14,353.65,KAR (TP),517.74,120393.86
HD,2024-03-13,2024-04-02,363.09,347.77,ZARAR (SL),-424.91,119965.95
HD,2024-05-09,2024-05-21,332.86,322.05,ZARAR (SL),-327.95,119635.0
HD,2024-06-12,2024-07-03,331.99,321.86,ZARAR (SL),-308.11,119323.89
HD,2024-07-11,2024-07-17,341.3,358.76,KAR (TP),508.6,119829.49
HD,2024-07-24,2024-07-31,337.95,355.17,KAR (TP),506.55,120333.04
HD,2024-08-01,2024-08-07,345.92,330.31,ZARAR (SL),-454.22,119875.82
HD,2024-08-21,2024-09-19,357.38,378.85,KAR (TP),597.63,120470.45
HD,2024-11-21,2024-11-29,398.37,418.69,KAR (TP),507.17,120974.61
HD,2024-12-09,2024-12-12,418.74,404.34,ZARAR (SL),-346.91,120624.7
HD,2025-01-17,2025-02-19,399.42,385.81,ZARAR (SL),-343.76,120277.94
HD,2025-05-20,2025-05-23,370.21,356.13,ZARAR (SL),-383.32,119891.62
HD,2025-05-27,2025-06-13,363.68,350.39,ZARAR (SL),-368.44,119520.18
HD,2025-06-27,2025-07-16,364.3,353.1,ZARAR (SL),-310.53,119206.65
HD,2025-07-28,2025-08-13,372.69,402.28,KAR (TP),790.94,119994.59
HD,2025-08-15,2025-09-05,394.57,416.26,KAR (TP),546.52,120538.11
HD,2025-09-12,2025-09-24,419.97,407.14,ZARAR (SL),-308.66,120226.45
MCD,2024-02-01,2024-02-05,284.39,272.84,ZARAR (SL),-409.27,119814.18
MCD,2024-02-29,2024-03-13,280.45,271.41,ZARAR (SL),-325.3,119485.89
MCD,2024-05-10,2024-05-21,263.87,255.11,ZARAR (SL),-335.0,119147.89
MCD,2024-06-24,2024-07-01,251.46,241.43,ZARAR (SL),-402.03,118742.86
MCD,2024-07-11,2024-08-01,246.07,259.54,KAR (TP),544.49,119284.34
MCD,2024-08-05,2024-08-19,259.25,277.7,KAR (TP),708.49,119989.83
MCD,2024-09-09,2024-10-14,282.95,300.97,KAR (TP),633.82,120620.66
MCD,2024-12-03,2025-01-10,287.79,275.88,ZARAR (SL),-416.92,120200.73
MCD,2025-02-18,2025-03-07,297.88,315.78,KAR (TP),597.83,120795.56
MCD,2025-03-10,2025-03-11,311.81,301.5,ZARAR (SL),-333.65,120458.91
MCD,2025-03-31,2025-04-04,307.01,294.96,ZARAR (SL),-395.48,120060.42
MCD,2025-04-30,2025-05-13,314.17,303.4,ZARAR (SL),-345.88,119711.55
MCD,2025-07-31,2025-09-02,296.6,313.88,KAR (TP),579.62,120288.17
MCD,2025-11-05,2025-12-18,303.85,319.65,KAR (TP),517.11,120802.27
NKE,2024-02-07,2024-03-04,99.7,95.96,ZARAR (SL),-378.22,120419.56
NKE,2024-05-30,2024-06-28,90.09,72.94,ZARAR (SL),-1906.2,118510.35
NKE,2024-09-04,2024-09-10,78.76,75.91,ZARAR (SL),-364.64,118142.72
NKE,2024-09-20,2024-10-02,84.1,80.78,ZARAR (SL),-398.28,117741.43
NKE,2024-11-25,2024-12-27,77.05,74.67,ZARAR (SL),-312.1,117426.33
NKE,2025-01-31,2025-02-05,75.13,72.86,ZARAR (SL),-305.99,117117.34
NKE,2025-02-18,2025-02-25,75.81,79.84,KAR (TP),529.29,117643.62
NKE,2025-02-26,2025-03-04,79.31,75.93,ZARAR (SL),-429.1,117211.52
NKE,2025-05-12,2025-05-21,61.45,58.9,ZARAR (SL),-418.47,116790.05
NKE,2025-05-22,2025-06-27,60.22,71.21,KAR (TP),1823.28,118610.34
NKE,2025-06-30,2025-07-02,70.22,75.51,KAR (TP),750.1,119357.43
NKE,2025-07-28,2025-07-30,78.33,75.8,ZARAR (SL),-326.07,119028.36
NKE,2025-08-13,2025-09-02,76.31,73.82,ZARAR (SL),-329.93,118695.43
NKE,2025-12-10,2025-12-19,65.79,58.71,ZARAR (SL),-1079.15,117613.28
LOW,2024-02-01,2024-02-23,212.94,224.86,KAR (TP),556.87,118167.15
LOW,2024-03-26,2024-04-03,243.1,232.73,ZARAR (SL),-429.38,117734.77
LOW,2024-05-13,2024-05-21,226.34,218.45,ZARAR (SL),-351.53,117380.24
LOW,2024-06-21,2024-06-25,222.08,211.06,ZARAR (SL),-499.08,116878.16
LOW,2024-07-12,2024-07-31,227.41,239.67,KAR (TP),536.15,117411.31
LOW,2024-08-05,2024-08-23,231.38,244.12,KAR (TP),547.59,117955.9
LOW,2024-08-26,2024-09-24,244.54,259.71,KAR (TP),617.36,118570.26
LOW,2024-10-21,2024-10-29,270.26,257.81,ZARAR (SL),-463.71,118103.55
LOW,2024-11-25,2024-12-12,269.91,258.33,ZARAR (SL),-432.32,117668.23
LOW,2025-05-07,2025-06-16,221.24,213.89,ZARAR (SL),-335.42,117329.8
LOW,2025-07-01,2025-07-15,226.32,212.83,ZARAR (SL),-599.13,116727.67
LOW,2025-07-22,2025-08-05,224.53,236.3,KAR (TP),521.31,117245.98
LOW,2025-09-17,2025-09-23,266.64,258.54,ZARAR (SL),-306.79,116936.19
TGT,2024-02-01,2024-02-23,134.33,141.94,KAR (TP),563.54,117495.24
TGT,2024-02-26,2024-03-05,140.7,157.97,KAR (TP),1224.44,118716.67
TGT,2024-03-13,2024-03-28,156.18,166.05,KAR (TP),629.39,119343.06
TGT,2024-07-08,2024-08-02,140.32,131.31,ZARAR (SL),-645.15,118694.91
TGT,2024-08-21,2024-08-29,151.43,145.88,ZARAR (SL),-369.09,118322.82
TGT,2024-10-11,2024-10-21,150.67,143.5,ZARAR (SL),-479.46,117840.36
TGT,2024-11-18,2024-11-20,148.87,116.58,ZARAR (SL),-2172.12,115665.24
TGT,2025-01-08,2025-01-16,132.38,127.62,ZARAR (SL),-362.57,115299.67
TGT,2025-01-21,2025-02-07,131.54,125.8,ZARAR (SL),-439.14,114857.52
TGT,2025-05-12,2025-05-14,97.63,93.06,ZARAR (SL),-471.04,114383.48
TGT,2025-05-15,2025-05-21,94.83,90.87,ZARAR (SL),-421.25,113959.22
TGT,2025-06-10,2025-06-13,98.45,93.17,ZARAR (SL),-538.87,113417.35
TGT,2025-06-23,2025-07-01,94.31,101.46,KAR (TP),755.31,114169.67
TGT,2025-07-22,2025-07-30,104.08,100.76,ZARAR (SL),-322.13,113844.54
TGT,2025-08-06,2025-08-20,102.96,97.46,ZARAR (SL),-537.18,113304.36
TGT,2025-10-28,2025-10-29,95.9,92.95,ZARAR (SL),-310.9,112990.46
SBUX,2024-02-01,2024-04-02,88.64,85.29,ZARAR (SL),-381.36,112604.6
SBUX,2024-06-13,2024-07-01,77.22,74.22,ZARAR (SL),-390.59,112211.01
SBUX,2024-07-31,2024-08-01,75.01,72.28,ZARAR (SL),-367.34,111840.68
SBUX,2024-09-11,2024-09-24,95.07,91.44,ZARAR (SL),-384.87,111452.8
SBUX,2024-10-22,2024-11-22,93.74,99.85,KAR (TP),649.14,112098.94
SBUX,2024-11-25,2024-12-10,99.21,95.62,ZARAR (SL),-364.35,111731.59
SBUX,2025-02-28,2025-03-04,113.43,109.75,ZARAR (SL),-326.81,111401.78
SBUX,2025-05-12,2025-06-06,83.91,88.41,KAR (TP),534.07,111932.85
SBUX,2025-06-24,2025-07-22,90.25,95.61,KAR (TP),591.54,112521.39
SBUX,2025-07-23,2025-07-29,94.61,91.69,ZARAR (SL),-311.59,112206.8
SBUX,2025-10-16,2025-10-31,83.74,80.29,ZARAR (SL),-414.43,111789.37
SBUX,2025-11-07,2025-12-09,84.96,82.28,ZARAR (SL),-318.01,111468.35
MDLZ,2024-01-26,2024-02-13,71.57,68.56,ZARAR (SL),-423.55,111040.31
MDLZ,2024-04-23,2024-05-24,67.8,65.45,ZARAR (SL),-349.29,110688.02
MDLZ,2024-07-17,2024-08-02,64.73,68.17,KAR (TP),527.39,111212.41
MDLZ,2024-08-05,2024-09-04,66.56,72.59,KAR (TP),904.11,112113.52
MDLZ,2024-09-20,2024-10-03,71.64,69.07,ZARAR (SL),-361.96,111748.56
MDLZ,2025-02-07,2025-02-19,57.18,60.59,KAR (TP),592.38,112337.94
MDLZ,2025-03-28,2025-04-07,66.25,64.26,ZARAR (SL),-303.37,112031.57
MDLZ,2025-04-09,2025-05-13,65.21,63.19,ZARAR (SL),-312.71,111715.85
MDLZ,2025-06-11,2025-07-22,65.95,70.19,KAR (TP),638.38,112351.23
MDLZ,2025-07-28,2025-07-30,69.02,64.58,ZARAR (SL),-646.86,111701.37
MDLZ,2025-09-10,2025-10-29,61.77,57.85,ZARAR (SL),-638.05,111060.32
CL,2024-02-02,2024-03-13,81.32,85.72,KAR (TP),538.24,111595.56
CL,2024-03-27,2024-04-10,86.44,83.19,ZARAR (SL),-379.88,111212.69
CL,2024-04-23,2024-05-06,85.62,90.07,KAR (TP),516.3,111725.99
CL,2024-06-06,2024-06-24,90.84,95.68,KAR (TP),530.09,112253.08
CL,2024-06-28,2024-08-02,93.8,99.88,KAR (TP),645.65,112895.73
CL,2024-08-05,2024-08-30,98.1,103.47,KAR (TP),544.69,113437.42
CL,2024-09-11,2024-09-19,103.11,99.11,ZARAR (SL),-391.2,113043.22
CL,2024-12-03,2024-12-30,92.38,88.65,ZARAR (SL),-406.76,112633.45
CL,2025-01-30,2025-01-31,89.25,85.13,ZARAR (SL),-464.0,112166.46
CL,2025-02-21,2025-03-07,87.85,94.99,KAR (TP),809.56,112973.02
CL,2025-03-11,2025-03-12,92.4,89.18,ZARAR (SL),-351.57,112618.45
CL,2025-03-31,2025-04-07,92.01,87.58,ZARAR (SL),-484.32,112131.13
CL,2025-04-10,2025-05-13,90.14,86.77,ZARAR (SL),-376.47,111751.66
CL,2025-05-27,2025-06-17,91.27,87.51,ZARAR (SL),-414.12,111334.53
CL,2025-07-01,2025-07-14,90.88,87.73,ZARAR (SL),-349.59,110981.95
CL,2025-09-05,2025-09-15,84.56,81.58,ZARAR (SL),-355.4,110623.54
CL,2025-11-07,2025-12-08,78.76,76.11,ZARAR (SL),-339.47,110281.08
PM,2024-03-14,2024-04-05,87.2,84.2,ZARAR (SL),-346.62,109931.46
PM,2024-04-19,2024-04-24,88.24,93.18,KAR (TP),556.88,110485.34
PM,2024-04-25,2024-05-22,90.42,95.11,KAR (TP),515.27,110997.61
PM,2024-05-31,2024-07-12,95.4,101.0,KAR (TP),583.78,111578.38
PM,2024-08-06,2024-08-21,108.87,114.39,KAR (TP),504.88,112080.27
PM,2024-09-12,2024-09-19,118.83,114.15,ZARAR (SL),-396.9,111680.36
PM,2024-11-14,2024-12-19,123.58,117.77,ZARAR (SL),-473.36,111204.0
PM,2025-01-21,2025-01-27,120.68,127.13,KAR (TP),531.69,111732.69
PM,2025-01-28,2025-02-06,125.7,141.64,KAR (TP),1265.61,112995.3
PM,2025-03-18,2025-04-03,149.95,159.36,KAR (TP),624.97,113617.27
PM,2025-04-16,2025-04-24,157.8,167.23,KAR (TP),594.58,114208.85
PM,2025-05-21,2025-06-12,171.72,181.02,KAR (TP),538.69,114744.54
PM,2025-06-13,2025-07-02,181.25,174.27,ZARAR (SL),-387.94,114353.6
PM,2025-07-16,2025-07-22,181.56,163.73,ZARAR (SL),-985.16,113365.44
PM,2025-11-25,2025-12-03,157.41,151.71,ZARAR (SL),-365.11,112997.33
MO,2024-02-01,2024-02-07,36.51,35.23,ZARAR (SL),-352.95,112639.88
MO,2024-03-06,2024-03-14,36.27,38.75,KAR (TP),679.75,113316.63
MO,2024-05-31,2024-07-12,41.37,43.63,KAR (TP),542.9,113856.53
MO,2024-07-31,2024-08-21,44.8,47.36,KAR (TP),568.31,114421.84
MO,2024-09-11,2024-09-17,48.6,47.07,ZARAR (SL),-318.64,114100.2
MO,2024-12-04,2024-12-11,52.62,50.98,ZARAR (SL),-314.78,113782.42
MO,2025-01-27,2025-01-30,50.79,48.97,ZARAR (SL),-360.34,113419.07
MO,2025-02-03,2025-02-25,50.22,53.21,KAR (TP),593.03,114009.1
MO,2025-02-28,2025-03-10,53.07,56.05,KAR (TP),559.22,114565.32
MO,2025-03-21,2025-03-31,54.73,58.06,KAR (TP),604.82,115167.15
MO,2025-04-01,2025-04-04,56.87,54.24,ZARAR (SL),-465.66,114698.48
MO,2025-05-30,2025-06-10,58.63,56.65,ZARAR (SL),-341.23,114354.25
MO,2025-06-11,2025-07-31,57.95,60.95,KAR (TP),515.22,114866.47
MO,2025-09-12,2025-10-28,65.59,63.28,ZARAR (SL),-355.19,114508.29
KR,2024-02-01,2024-02-06,44.73,43.08,ZARAR (SL),-371.23,114132.56
KR,2024-02-15,2024-02-29,45.17,47.81,KAR (TP),581.59,114711.15
KR,2024-03-28,2024-04-08,55.06,53.36,ZARAR (SL),-311.07,114397.08
KR,2024-04-10,2024-05-01,54.55,52.79,ZARAR (SL),-326.32,114067.76
KR,2024-05-14,2024-05-23,53.56,51.65,ZARAR (SL),-359.37,113705.4
KR,2024-08-02,2024-08-13,52.64,50.97,ZARAR (SL),-319.58,113382.81
KR,2024-09-03,2024-09-09,52.35,50.66,ZARAR (SL),-325.16,113054.65
KR,2024-09-12,2024-11-06,53.81,58.29,KAR (TP),830.33,113881.99
KR,2024-11-07,2024-12-12,57.81,62.04,KAR (TP),727.86,114606.85
KR,2024-12-13,2025-01-07,60.82,57.96,ZARAR (SL),-473.51,114130.33
KR,2025-02-25,2025-03-03,64.48,61.94,ZARAR (SL),-397.07,113730.26
KR,2025-03-07,2025-03-25,65.69,63.37,ZARAR (SL),-356.82,113370.43
KR,2025-03-31,2025-04-17,66.67,70.14,KAR (TP),518.5,113885.93
KR,2025-04-21,2025-04-25,71.22,68.94,ZARAR (SL),-322.46,113560.47
KR,2025-06-20,2025-07-08,71.23,69.02,ZARAR (SL),-312.85,113244.62
KR,2025-08-01,2025-08-27,70.62,67.62,ZARAR (SL),-428.25,112813.37
KR,2025-10-22,2025-10-29,68.24,65.69,ZARAR (SL),-376.18,112434.2
KR,2025-11-18,2025-11-24,67.38,64.29,ZARAR (SL),-461.59,111969.6
KR,2025-12-01,2025-12-04,67.55,63.14,ZARAR (SL),-655.85,111310.75
DG,2024-02-01,2024-02-13,130.6,126.52,ZARAR (SL),-315.45,110992.3
DG,2024-02-16,2024-03-01,135.87,143.32,KAR (TP),545.41,111534.71
DG,2024-03-14,2024-04-03,144.09,152.84,KAR (TP),604.76,112136.47
DG,2024-04-04,2024-04-09,152.71,147.83,ZARAR (SL),-322.46,111811.01
DG,2024-05-16,2024-05-17,141.28,136.98,ZARAR (SL),-307.25,111500.76
DG,2024-05-24,2024-05-29,139.97,134.23,ZARAR (SL),-412.7,111085.07
DG,2024-06-28,2024-07-03,127.44,120.88,ZARAR (SL),-517.26,110564.81
DG,2024-08-28,2024-08-29,119.89,81.35,ZARAR (SL),-3217.63,107344.18
DG,2024-12-05,2024-12-13,77.61,75.01,ZARAR (SL),-337.17,107004.01
DG,2025-02-07,2025-02-20,71.23,74.81,KAR (TP),499.14,107500.15
DG,2025-02-26,2025-03-03,72.9,70.64,ZARAR (SL),-313.01,107184.13
DG,2025-03-07,2025-03-11,80.42,77.27,ZARAR (SL),-394.01,106787.12
DG,2025-03-13,2025-03-26,78.56,83.23,KAR (TP),591.12,107375.25
DG,2025-03-27,2025-04-03,86.02,92.77,KAR (TP),781.78,108154.03
DG,2025-04-08,2025-04-17,86.73,92.04,KAR (TP),609.31,108760.34
DG,2025-05-15,2025-05-19,91.96,97.09,KAR (TP),555.13,109312.47
DG,2025-05-20,2025-05-28,101.07,96.69,ZARAR (SL),-436.46,108873.01
DG,2025-05-30,2025-06-03,96.17,111.33,KAR (TP),1572.32,110442.33
DG,2025-06-24,2025-07-17,112.06,108.57,ZARAR (SL),-313.92,110125.41
DG,2025-08-06,2025-08-29,112.64,108.11,ZARAR (SL),-405.4,109717.01
DG,2025-10-15,2025-10-23,106.32,102.99,ZARAR (SL),-316.21,109397.8
DG,2025-11-11,2025-11-19,104.07,99.65,ZARAR (SL),-427.71,108967.09
DG,2025-11-25,2025-12-02,104.31,110.03,KAR (TP),545.37,109509.45
DG,2025-12-03,2025-12-04,109.89,125.29,KAR (TP),1398.4,110904.85
ADBE,2024-01-31,2024-02-15,617.78,590.44,ZARAR (SL),-445.55,110456.3
ADBE,2024-05-10,2024-05-30,482.29,445.87,ZARAR (SL),-758.15,109695.15
ADBE,2024-06-14,2024-06-28,525.31,555.54,KAR (TP),572.47,110264.62
ADBE,2024-09-06,2024-09-13,563.41,536.87,ZARAR (SL),-474.06,109787.56
ADBE,2024-11-06,2024-11-13,504.83,532.5,KAR (TP),545.11,110329.67
ADBE,2024-11-15,2024-12-04,503.37,536.49,KAR (TP),654.97,110981.63
ADBE,2025-02-10,2025-02-27,451.1,437.19,ZARAR (SL),-311.36,110667.28
ADBE,2025-03-07,2025-03-10,449.4,435.08,ZARAR (SL),-321.65,110342.63
ADBE,2025-06-02,2025-06-17,403.4,382.68,ZARAR (SL),-516.63,109822.99
ADBE,2025-09-08,2025-09-15,358.66,347.1,ZARAR (SL),-325.31,109494.68
ADBE,2025-09-17,2025-10-01,362.07,343.72,ZARAR (SL),-509.81,108981.88
EL,2024-02-07,2024-02-23,136.44,144.19,KAR (TP),564.89,109542.26
EL,2024-03-11,2024-03-18,148.63,142.74,ZARAR (SL),-399.31,109139.95
EL,2024-03-28,2024-04-03,148.85,141.44,ZARAR (SL),-500.57,108636.38
EL,2025-01-22,2025-01-30,78.32,84.0,KAR (TP),722.22,109355.61
EL,2025-05-16,2025-05-29,64.35,67.81,KAR (TP),534.06,109886.66
EL,2025-05-30,2025-06-10,66.44,69.93,KAR (TP),522.84,110406.51
EL,2025-06-16,2025-06-23,74.03,78.24,KAR (TP),565.44,110968.95
EL,2025-06-24,2025-07-01,76.47,84.47,KAR (TP),1043.07,112009.02
EL,2025-07-24,2025-07-28,86.12,91.82,KAR (TP),659.67,112665.69
EL,2025-07-30,2025-08-06,92.95,89.47,ZARAR (SL),-377.76,112284.93
EL,2025-08-13,2025-08-14,94.54,88.83,ZARAR (SL),-607.66,111674.27
EL,2025-08-15,2025-08-20,90.28,85.92,ZARAR (SL),-486.68,111184.6
EL,2025-10-07,2025-10-10,92.33,87.32,ZARAR (SL),-545.73,110635.87
EL,2025-10-13,2025-10-17,92.39,100.4,KAR (TP),863.94,111496.81
EL,2025-10-21,2025-11-03,98.17,92.9,ZARAR (SL),-539.84,110953.97
EL,2025-12-02,2025-12-05,99.64,105.13,KAR (TP),547.98,111498.95
EL,2025-12-15,2025-12-18,101.03,107.94,KAR (TP),680.96,112176.91
KHC,2024-03-22,2024-04-19,32.64,34.4,KAR (TP),535.36,112709.27
KHC,2024-04-24,2024-05-01,35.12,33.03,ZARAR (SL),-596.72,112109.54
KHC,2024-07-24,2024-07-31,30.44,32.43,KAR (TP),650.56,112757.1
KHC,2024-08-05,2024-10-30,32.42,31.43,ZARAR (SL),-310.66,112443.44
KHC,2025-02-11,2025-02-12,27.91,27.0,ZARAR (SL),-327.54,112112.89
KHC,2025-02-18,2025-02-21,27.66,29.37,KAR (TP),614.33,112724.22
KHC,2025-02-24,2025-03-19,29.59,28.57,ZARAR (SL),-348.29,112372.93
KHC,2025-07-02,2025-07-07,26.25,25.3,ZARAR (SL),-365.16,112004.77
KHC,2025-07-11,2025-07-22,26.33,27.92,KAR (TP),601.27,112603.05
KHC,2025-07-30,2025-07-31,27.64,26.64,ZARAR (SL),-364.53,112235.52
KHC,2025-08-28,2025-09-02,26.81,25.61,ZARAR (SL),-450.87,111781.64
KHC,2025-09-05,2025-09-12,26.86,25.72,ZARAR (SL),-428.06,111350.58
KHC,2025-12-17,2025-12-23,24.75,23.7,ZARAR (SL),-427.24,110920.34
GIS,2024-02-06,2024-02-09,60.38,58.06,ZARAR (SL),-387.08,110530.26
GIS,2024-02-16,2024-03-18,59.7,63.09,KAR (TP),564.86,111092.12
GIS,2024-03-26,2024-04-22,63.64,66.84,KAR (TP),499.63,111588.75
GIS,2024-04-24,2024-05-06,67.26,64.94,ZARAR (SL),-347.92,111237.82
GIS,2024-08-15,2024-08-30,65.19,68.55,KAR (TP),511.91,111746.73
GIS,2024-09-11,2024-10-18,69.34,66.87,ZARAR (SL),-358.98,111384.75
GIS,2024-12-11,2024-12-30,62.63,60.6,ZARAR (SL),-328.19,111053.56
GIS,2025-02-21,2025-03-07,58.91,62.29,KAR (TP),570.77,111621.33
GIS,2025-03-11,2025-03-12,60.2,57.97,ZARAR (SL),-372.0,111246.33
GIS,2025-06-09,2025-06-17,53.48,51.8,ZARAR (SL),-316.87,110926.46
GIS,2025-09-18,2025-10-15,49.23,47.74,ZARAR (SL),-306.07,110617.39
GIS,2025-11-21,2025-12-02,48.33,45.93,ZARAR (SL),-499.59,110114.81
K,2024-02-15,2024-03-14,52.08,50.28,ZARAR (SL),-348.97,109761.34
K,2024-04-19,2024-05-02,54.5,58.2,KAR (TP),676.68,110435.02
K,2024-07-17,2024-07-23,56.51,54.27,ZARAR (SL),-399.95,110032.07
K,2024-07-30,2024-08-01,55.17,59.48,KAR (TP),778.93,110808.0
K,2024-10-18,2025-10-07,78.25,82.33,KAR (TP),517.59,111322.59
SYY,2024-01-26,2024-01-30,71.68,77.08,KAR (TP),751.49,112069.58
SYY,2024-02-08,2024-04-12,75.65,72.22,ZARAR (SL),-456.41,111610.17
SYY,2024-05-16,2024-05-22,73.17,69.8,ZARAR (SL),-463.39,111143.79
SYY,2024-06-21,2024-07-01,70.4,67.07,ZARAR (SL),-476.08,110664.71
SYY,2024-07-25,2024-07-30,69.73,73.9,KAR (TP),596.0,111257.71
SYY,2024-07-31,2024-09-19,74.11,71.68,ZARAR (SL),-330.46,110924.25
SYY,2024-09-27,2024-10-07,75.08,72.74,ZARAR (SL),-315.4,110605.86
SYY,2024-10-16,2024-12-04,73.75,78.23,KAR (TP),604.1,111206.96
SYY,2024-12-06,2024-12-17,78.58,75.95,ZARAR (SL),-337.45,110866.51
SYY,2025-02-28,2025-03-13,74.02,71.2,ZARAR (SL),-384.26,110479.25
SYY,2025-04-03,2025-04-04,73.9,70.48,ZARAR (SL),-464.95,110011.31
SYY,2025-04-23,2025-04-28,71.91,69.48,ZARAR (SL),-341.87,109666.44
SYY,2025-05-12,2025-06-23,70.97,74.89,KAR (TP),550.32,110213.75
SYY,2025-06-27,2025-07-18,74.01,77.9,KAR (TP),523.45,110734.2
SYY,2025-07-24,2025-10-28,79.34,75.89,ZARAR (SL),-438.09,110293.11
SYY,2025-11-25,2025-12-03,75.91,73.36,ZARAR (SL),-338.92,109951.19
APO,2024-01-30,2024-02-08,98.72,104.36,KAR (TP),568.85,110515.53
APO,2024-02-28,2024-04-15,109.03,104.92,ZARAR (SL),-379.6,110132.94
APO,2024-05-02,2024-06-10,109.3,116.3,KAR (TP),637.56,110767.5
APO,2024-06-11,2024-07-16,114.29,121.42,KAR (TP),621.63,111386.12
APO,2024-07-30,2024-08-01,120.09,113.56,ZARAR (SL),-546.87,110836.26
APO,2024-09-03,2024-09-09,109.46,105.8,ZARAR (SL),-338.07,110495.19
APO,2024-09-13,2024-09-19,112.48,119.59,KAR (TP),629.05,111121.23
APO,2024-09-20,2024-10-01,122.41,129.81,KAR (TP),601.92,111720.15
APO,2024-10-31,2024-11-06,140.87,160.94,KAR (TP),1421.68,113138.83
APO,2024-11-07,2024-11-19,157.16,165.92,KAR (TP),554.34,113690.18
APO,2024-11-20,2024-11-25,160.63,172.28,KAR (TP),722.03,114409.2
APO,2024-12-03,2024-12-18,170.6,165.12,ZARAR (SL),-324.39,114081.82
APO,2025-05-08,2025-05-12,131.72,141.86,KAR (TP),767.33,114846.15
APO,2025-06-20,2025-06-27,133.5,141.84,KAR (TP),621.44,115464.59
APO,2025-07-28,2025-08-01,147.58,137.25,ZARAR (SL),-703.07,114758.52
APO,2025-09-17,2025-09-30,138.28,132.75,ZARAR (SL),-402.8,114352.72
APO,2025-11-04,2025-11-17,130.0,124.34,ZARAR (SL),-438.41,113911.31
APO,2025-12-03,2025-12-09,134.5,143.89,KAR (TP),695.14,114603.45
DECK,2024-02-06,2024-02-15,137.56,145.13,KAR (TP),547.31,115147.76
DECK,2024-03-13,2024-04-04,154.61,146.3,ZARAR (SL),-540.27,114604.5
DECK,2024-05-13,2024-05-15,141.78,150.61,KAR (TP),620.16,115221.65
DECK,2024-05-17,2024-05-24,148.09,172.15,KAR (TP),1621.43,116840.08
DECK,2024-08-30,2024-09-03,159.88,149.84,ZARAR (SL),-631.07,116206.01
DECK,2024-10-02,2024-10-04,157.66,166.81,KAR (TP),577.36,116780.37
DECK,2024-10-07,2024-10-22,158.83,154.05,ZARAR (SL),-303.95,116473.42
DECK,2024-10-25,2024-10-31,168.11,160.89,ZARAR (SL),-432.48,116037.94
DECK,2024-12-19,2025-01-23,205.28,218.57,KAR (TP),644.41,116679.35
DECK,2025-01-27,2025-01-30,211.9,223.11,KAR (TP),526.02,117202.37
DECK,2025-05-05,2025-05-08,118.33,125.62,KAR (TP),613.07,117812.45
DECK,2025-05-21,2025-05-23,123.36,101.05,ZARAR (SL),-1811.53,115997.92
DECK,2025-07-01,2025-07-11,105.4,101.73,ZARAR (SL),-351.2,115643.72
DECK,2025-07-21,2025-07-25,105.1,116.85,KAR (TP),1114.98,116755.7
DECK,2025-07-28,2025-07-31,112.39,106.17,ZARAR (SL),-556.43,116196.27
DECK,2025-08-25,2025-08-29,113.03,119.63,KAR (TP),580.92,116774.19
DECK,2025-09-15,2025-09-19,118.66,113.79,ZARAR (SL),-413.42,116357.77
DECK,2025-12-03,2025-12-08,94.97,101.21,KAR (TP),654.05,117008.82
BBY,2024-02-27,2024-03-05,71.91,69.09,ZARAR (SL),-395.11,116609.21
BBY,2024-03-06,2024-03-22,71.14,75.18,KAR (TP),565.11,117171.32
BBY,2024-04-09,2024-04-10,76.0,73.55,ZARAR (SL),-325.23,116843.09
BBY,2024-05-30,2024-06-03,75.08,80.04,KAR (TP),657.94,117498.04
BBY,2024-06-21,2024-06-25,84.07,80.46,ZARAR (SL),-432.2,117062.83
BBY,2024-08-26,2024-08-29,82.67,93.17,KAR (TP),1267.11,118326.94
BBY,2024-09-27,2024-10-03,96.01,92.19,ZARAR (SL),-401.01,117922.94
BBY,2024-11-25,2024-11-26,87.35,83.07,ZARAR (SL),-492.09,117427.85
BBY,2024-12-02,2024-12-06,85.37,82.78,ZARAR (SL),-306.53,117118.32
BBY,2025-01-31,2025-02-14,81.48,86.45,KAR (TP),607.3,117722.61
BBY,2025-02-18,2025-03-03,86.42,82.31,ZARAR (SL),-478.46,117241.15
BBY,2025-05-19,2025-05-29,68.81,63.74,ZARAR (SL),-740.43,116497.72
BBY,2025-06-09,2025-06-13,69.92,66.89,ZARAR (SL),-435.99,116058.73
BBY,2025-07-01,2025-07-16,68.84,65.14,ZARAR (SL),-540.86,115514.87
BBY,2025-08-12,2025-08-19,68.44,72.2,KAR (TP),546.54,116058.42
BBY,2025-08-26,2025-09-08,71.78,75.6,KAR (TP),529.1,116584.52
BBY,2025-10-13,2025-10-21,76.44,81.58,KAR (TP),669.69,117251.21
BBY,2025-10-24,2025-11-04,82.17,78.34,ZARAR (SL),-470.21,116778.0
WHR,2024-03-07,2024-03-27,96.67,105.39,KAR (TP),898.61,117673.61
WHR,2024-05-31,2024-06-04,84.73,81.27,ZARAR (SL),-411.47,117259.14
WHR,2024-06-17,2024-06-25,83.56,79.26,ZARAR (SL),-517.44,116738.7
WHR,2024-06-26,2024-07-11,92.81,98.76,KAR (TP),637.76,117373.46
WHR,2024-07-18,2024-07-23,95.81,92.31,ZARAR (SL),-368.02,117002.44
WHR,2024-09-13,2024-09-24,91.35,95.96,KAR (TP),501.11,117500.55
WHR,2024-09-25,2024-10-23,95.16,91.99,ZARAR (SL),-336.01,117161.54
WHR,2024-10-24,2024-10-25,102.27,96.41,ZARAR (SL),-575.62,116582.92
WHR,2024-11-06,2024-11-13,100.11,105.46,KAR (TP),531.99,117111.91
WHR,2024-11-26,2024-12-05,105.83,102.12,ZARAR (SL),-353.35,116755.56
WHR,2024-12-06,2024-12-09,106.16,117.11,KAR (TP),1027.85,117780.4
WHR,2025-06-05,2025-06-10,80.25,86.03,KAR (TP),717.12,118494.52
WHR,2025-09-02,2025-09-08,89.39,94.32,KAR (TP),548.08,119039.6
WHR,2025-09-09,2025-09-15,92.61,88.78,ZARAR (SL),-416.6,118620.0
WHR,2025-11-21,2025-11-25,73.4,77.73,KAR (TP),586.92,119203.92
WHR,2025-12-10,2025-12-16,78.12,75.58,ZARAR (SL),-328.14,118872.78
NWSA,2024-01-30,2024-02-09,24.44,25.66,KAR (TP),497.0,119366.78
NWSA,2024-02-13,2024-04-10,25.38,24.56,ZARAR (SL),-327.49,119036.29
NWSA,2024-05-10,2024-05-16,24.76,26.01,KAR (TP),504.39,119537.68
NWSA,2024-06-07,2024-08-02,26.89,26.01,ZARAR (SL),-330.33,119204.35
NWSA,2024-08-29,2024-09-03,27.55,26.68,ZARAR (SL),-318.98,118882.37
NWSA,2024-10-15,2024-11-05,26.28,27.65,KAR (TP),518.35,119397.72
NWSA,2024-11-18,2024-12-18,28.41,27.48,ZARAR (SL),-328.06,119066.66
NWSA,2025-01-23,2025-02-11,27.67,29.24,KAR (TP),563.92,119627.58
NWSA,2025-05-05,2025-06-24,27.63,29.15,KAR (TP),548.95,120173.52
NWSA,2025-07-15,2025-08-08,29.57,28.42,ZARAR (SL),-390.6,119779.93
NWSA,2025-09-05,2025-09-22,29.34,30.81,KAR (TP),498.05,120274.98
NWSA,2025-11-07,2025-11-17,26.72,25.48,ZARAR (SL),-467.07,119804.9
FOXA,2024-02-05,2024-02-07,30.63,28.74,ZARAR (SL),-620.64,119179.77
FOXA,2024-04-05,2024-05-08,30.53,32.63,KAR (TP),686.88,119863.64
FOXA,2024-05-13,2024-07-09,32.65,34.63,KAR (TP),602.79,120463.43
FOXA,2024-08-06,2024-08-22,38.19,40.12,KAR (TP),502.02,120962.45
FOXA,2024-09-06,2024-09-12,39.93,38.55,ZARAR (SL),-350.31,120609.14
FOXA,2024-09-17,2024-10-17,40.15,42.17,KAR (TP),500.33,121106.47
FOXA,2024-10-30,2024-11-06,41.64,45.05,KAR (TP),817.84,121921.32
FOXA,2024-11-07,2024-11-14,44.25,47.04,KAR (TP),626.06,122544.37
FOXA,2024-11-15,2024-12-17,45.21,48.61,KAR (TP),748.53,123289.91
FOXA,2024-12-18,2025-01-21,48.97,47.45,ZARAR (SL),-312.53,122974.38
FOXA,2025-01-27,2025-02-04,49.68,54.13,KAR (TP),892.31,123863.69
FOXA,2025-02-25,2025-03-10,56.38,53.87,ZARAR (SL),-447.36,123413.34
FOXA,2025-05-30,2025-08-13,54.69,58.85,KAR (TP),757.83,124168.17
FOXA,2025-08-14,2025-08-18,59.62,57.31,ZARAR (SL),-390.38,123774.79
FOXA,2025-09-04,2025-09-09,60.81,58.64,ZARAR (SL),-359.85,123411.94
FOXA,2025-09-18,2025-09-29,59.84,62.88,KAR (TP),505.02,123913.96
FOXA,2025-11-17,2025-12-04,64.55,67.79,KAR (TP),498.94,124409.9
HAS,2024-01-26,2024-02-26,46.89,45.28,ZARAR (SL),-347.03,124059.87
HAS,2024-04-03,2024-04-24,51.58,60.5,KAR (TP),1726.8,125783.66
HAS,2024-05-20,2024-05-31,58.39,56.23,ZARAR (SL),-373.49,125407.17
HAS,2024-06-14,2024-06-25,57.85,55.87,ZARAR (SL),-344.46,125059.71
HAS,2024-07-16,2024-07-19,58.43,55.5,ZARAR (SL),-505.25,124551.46
HAS,2024-07-24,2024-07-26,55.89,60.06,KAR (TP),742.54,125291.0
HAS,2024-07-31,2024-08-23,60.63,64.67,KAR (TP),662.61,125950.6
HAS,2024-09-06,2024-09-17,63.22,66.95,KAR (TP),586.47,126534.08
HAS,2024-09-18,2024-10-24,67.65,62.84,ZARAR (SL),-714.07,125817.0
HAS,2024-11-29,2024-12-13,62.65,59.39,ZARAR (SL),-523.34,125290.67
HAS,2025-01-27,2025-02-03,56.48,54.47,ZARAR (SL),-358.87,124928.8
HAS,2025-02-05,2025-02-20,56.64,66.41,KAR (TP),1721.96,126647.76
HAS,2025-02-27,2025-03-04,63.48,60.08,ZARAR (SL),-537.5,126107.25
HAS,2025-03-07,2025-03-12,62.55,60.13,ZARAR (SL),-389.95,125714.31
HAS,2025-06-10,2025-06-24,67.62,71.28,KAR (TP),538.76,126250.06
HAS,2025-06-30,2025-07-02,72.5,76.82,KAR (TP),593.04,126840.11
HAS,2025-07-22,2025-07-24,76.18,73.71,ZARAR (SL),-327.87,126509.24
HAS,2025-10-21,2025-11-12,74.14,78.4,KAR (TP),571.64,127077.88
HAS,2025-11-21,2025-12-11,79.2,83.96,KAR (TP),598.01,127672.89
MAT,2024-02-02,2024-03-11,19.02,20.12,KAR (TP),575.34,128243.73
MAT,2024-03-12,2024-03-14,20.27,19.27,ZARAR (SL),-496.34,127744.39
MAT,2024-03-19,2024-04-09,19.89,19.16,ZARAR (SL),-370.02,127371.37
MAT,2024-05-08,2024-05-22,18.75,17.88,ZARAR (SL),-467.0,126901.37
MAT,2024-07-23,2024-07-24,17.24,18.93,KAR (TP),977.28,127875.65
MAT,2024-09-19,2024-09-25,19.54,18.77,ZARAR (SL),-397.06,127475.58
MAT,2024-10-11,2024-10-17,19.22,18.64,ZARAR (SL),-304.77,127167.81
MAT,2024-10-28,2024-11-06,19.72,18.8,ZARAR (SL),-469.53,126695.28
MAT,2024-11-07,2024-11-13,19.38,18.79,ZARAR (SL),-307.44,126384.85
MAT,2025-01-27,2025-02-03,18.58,17.78,ZARAR (SL),-433.57,125948.28
MAT,2025-02-21,2025-03-04,21.15,20.45,ZARAR (SL),-333.97,125611.31
MAT,2025-06-24,2025-07-02,19.46,20.55,KAR (TP),557.12,126165.43
MAT,2025-07-08,2025-07-15,20.09,19.48,ZARAR (SL),-306.63,125855.8
MAT,2025-07-21,2025-07-24,19.88,16.89,ZARAR (SL),-1507.02,124345.77
MAT,2025-10-21,2025-11-21,18.82,19.83,KAR (TP),533.66,124876.43
MAT,2025-11-25,2025-12-19,20.76,20.07,ZARAR (SL),-335.37,124538.06
HOG,2024-02-07,2024-02-09,32.93,35.13,KAR (TP),665.79,125200.85
HOG,2024-02-13,2024-03-05,35.08,37.67,KAR (TP),735.91,125933.76
HOG,2024-03-11,2024-03-15,37.38,39.28,KAR (TP),504.43,126435.19
HOG,2024-04-05,2024-04-11,40.32,38.9,ZARAR (SL),-357.0,126075.19
HOG,2024-06-03,2024-06-04,35.39,33.52,ZARAR (SL),-530.88,125541.31
HOG,2024-07-11,2024-07-16,32.75,34.98,KAR (TP),676.01,126214.32
HOG,2024-07-17,2024-07-19,34.82,33.33,ZARAR (SL),-431.53,125779.79
HOG,2024-07-23,2024-07-25,33.35,35.04,KAR (TP),502.2,126278.98
HOG,2024-07-31,2024-08-02,36.1,34.46,ZARAR (SL),-459.0,125816.98
HOG,2024-08-05,2024-08-23,34.43,36.71,KAR (TP),659.75,126473.73
HOG,2024-08-28,2024-09-06,36.38,35.11,ZARAR (SL),-352.3,126118.43
HOG,2024-09-13,2024-09-19,36.34,38.23,KAR (TP),519.53,126634.96
HOG,2024-09-20,2024-10-02,37.32,35.26,ZARAR (SL),-552.51,126079.46
HOG,2024-11-22,2024-12-16,32.45,31.11,ZARAR (SL),-415.56,125660.9
HOG,2025-03-10,2025-03-11,26.57,25.41,ZARAR (SL),-437.78,125220.11
HOG,2025-05-02,2025-05-12,23.01,24.33,KAR (TP),566.97,125784.08
HOG,2025-05-19,2025-05-23,24.82,23.79,ZARAR (SL),-417.2,125363.88
HOG,2025-05-28,2025-06-17,23.95,23.12,ZARAR (SL),-352.17,125008.71
HOG,2025-07-01,2025-07-15,24.71,23.67,ZARAR (SL),-422.16,124583.55
HOG,2025-07-22,2025-07-28,24.11,23.24,ZARAR (SL),-367.01,124213.54
HOG,2025-07-30,2025-07-31,25.66,24.0,ZARAR (SL),-652.5,123558.04
HOG,2025-08-13,2025-08-25,27.06,28.45,KAR (TP),510.85,124065.89
HOG,2025-09-17,2025-09-19,29.55,28.09,ZARAR (SL),-496.45,123566.44
HOG,2025-11-03,2025-11-04,26.89,25.16,ZARAR (SL),-648.52,122914.92
GT,2024-01-26,2024-01-30,14.67,14.19,ZARAR (SL),-330.2,122581.72
GT,2024-02-06,2024-02-13,13.87,11.59,ZARAR (SL),-1646.84,120931.88
GT,2024-03-14,2024-03-20,12.39,13.15,KAR (TP),610.4,121539.28
GT,2024-07-16,2024-07-30,11.95,11.59,ZARAR (SL),-304.25,121232.03
GT,2024-07-31,2024-08-01,11.7,9.84,ZARAR (SL),-1592.74,119636.28
GT,2024-10-02,2024-10-03,8.56,8.15,ZARAR (SL),-481.97,119151.31
GT,2024-10-08,2024-10-31,8.34,8.01,ZARAR (SL),-398.68,118749.63
GT,2024-11-05,2024-11-07,9.23,9.83,KAR (TP),647.05,119393.68
GT,2024-11-25,2024-11-29,10.13,10.74,KAR (TP),599.17,119989.85
GT,2024-12-05,2024-12-16,9.99,9.47,ZARAR (SL),-523.52,119463.33
GT,2025-01-17,2025-01-29,9.38,9.07,ZARAR (SL),-333.49,119126.84
GT,2025-02-14,2025-02-18,9.58,10.34,KAR (TP),790.32,119914.16
GT,2025-03-07,2025-03-11,9.79,9.38,ZARAR (SL),-421.79,119489.37
GT,2025-03-31,2025-04-01,9.24,8.94,ZARAR (SL),-327.68,119158.69
GT,2025-04-03,2025-04-04,10.19,9.7,ZARAR (SL),-483.86,118671.83
GT,2025-04-09,2025-04-10,9.74,9.06,ZARAR (SL),-701.15,117967.68
GT,2025-04-11,2025-04-22,9.67,10.45,KAR (TP),803.62,118768.29
GT,2025-05-12,2025-05-19,10.97,10.64,ZARAR (SL),-303.82,118461.47
GT,2025-05-22,2025-06-05,11.13,10.76,ZARAR (SL),-335.43,118123.04
GT,2025-06-09,2025-06-12,11.78,11.2,ZARAR (SL),-495.36,117624.68
GT,2025-07-07,2025-07-08,10.89,11.55,KAR (TP),603.06,118224.74
GT,2025-07-21,2025-07-29,11.01,10.45,ZARAR (SL),-511.63,117710.11
GT,2025-09-10,2025-09-23,8.56,8.24,ZARAR (SL),-376.83,117330.28
GT,2025-11-18,2025-11-25,7.86,8.42,KAR (TP),709.47,118036.75
GT,2025-11-26,2025-12-10,8.44,8.94,KAR (TP),589.42,118623.16
TPR,2024-01-26,2024-02-06,37.23,39.17,KAR (TP),517.91,119136.58
TPR,2024-05-13,2024-05-31,39.8,41.86,KAR (TP),514.53,119648.11
TPR,2024-06-06,2024-06-14,41.92,40.57,ZARAR (SL),-324.76,119320.35
TPR,2024-06-28,2024-07-02,41.52,39.34,ZARAR (SL),-528.82,118788.53
TPR,2024-07-11,2024-07-18,42.19,40.46,ZARAR (SL),-414.68,118370.85
TPR,2024-09-03,2024-09-17,40.34,42.36,KAR (TP),497.21,118865.06
TPR,2024-09-20,2024-09-24,41.66,44.43,KAR (TP),661.79,119523.85
TPR,2024-10-07,2024-10-22,44.71,42.99,ZARAR (SL),-386.1,119134.75
TPR,2024-10-29,2024-10-31,47.99,46.44,ZARAR (SL),-325.25,118806.49
TPR,2024-11-04,2024-11-07,47.53,50.45,KAR (TP),612.73,119416.23
TPR,2024-12-06,2024-12-26,61.26,65.13,KAR (TP),628.33,120041.55
TPR,2025-01-14,2025-01-17,66.59,70.26,KAR (TP),548.29,120586.84
TPR,2025-01-27,2025-02-06,71.36,80.89,KAR (TP),1333.37,121917.2
TPR,2025-02-07,2025-02-12,79.1,83.78,KAR (TP),587.94,122502.15
TPR,2025-02-25,2025-03-04,82.7,79.98,ZARAR (SL),-331.45,122167.69
TPR,2025-05-27,2025-05-29,79.96,77.53,ZARAR (SL),-307.08,121857.61
TPR,2025-06-16,2025-07-03,83.65,89.55,KAR (TP),701.96,122556.57
TPR,2025-08-01,2025-08-04,105.54,111.08,KAR (TP),521.88,123075.46
TPR,2025-08-07,2025-08-14,107.69,95.0,ZARAR (SL),-1182.02,121890.44
TPR,2025-09-30,2025-10-10,112.83,107.84,ZARAR (SL),-444.62,121442.82
TPR,2025-10-22,2025-10-30,114.93,110.98,ZARAR (SL),-346.36,121093.46
TTC,2024-03-04,2024-03-07,90.99,85.3,ZARAR (SL),-628.73,120461.73
TTC,2024-04-30,2024-05-15,84.72,89.02,KAR (TP),503.91,120962.64
TTC,2024-05-20,2024-05-21,87.05,83.41,ZARAR (SL),-421.89,120537.75
TTC,2024-06-06,2024-06-07,88.13,92.84,KAR (TP),531.52,121066.26
TTC,2024-06-10,2024-06-25,93.35,88.07,ZARAR (SL),-568.8,120494.46
TTC,2024-06-28,2024-07-03,90.79,87.4,ZARAR (SL),-376.22,120115.24
TTC,2024-07-17,2024-07-23,96.54,93.09,ZARAR (SL),-361.0,119751.24
TTC,2024-07-26,2024-08-01,93.94,90.46,ZARAR (SL),-374.02,119374.21
TTC,2024-09-04,2024-09-05,88.35,79.44,ZARAR (SL),-1011.79,118359.42
TTC,2024-10-03,2024-10-04,84.91,81.87,ZARAR (SL),-360.1,117996.32
TTC,2024-11-06,2024-11-14,82.72,80.04,ZARAR (SL),-327.1,117666.22
TTC,2024-11-25,2024-12-18,85.07,79.4,ZARAR (SL),-669.97,116993.25
TTC,2025-01-29,2025-02-03,82.5,78.97,ZARAR (SL),-431.59,116558.66
TTC,2025-05-07,2025-05-12,68.35,74.63,KAR (TP),916.04,117471.7
TTC,2025-05-21,2025-06-06,73.72,67.45,ZARAR (SL),-852.47,116616.23
TTC,2025-07-28,2025-08-22,73.76,78.32,KAR (TP),615.79,117229.02
TTC,2025-08-29,2025-09-10,80.25,77.71,ZARAR (SL),-320.05,116905.97
TTC,2025-12-10,2025-12-17,72.96,80.03,KAR (TP),965.23,117868.2
VFC,2024-02-12,2024-02-13,16.69,15.73,ZARAR (SL),-576.39,117287.31
VFC,2024-05-13,2024-05-20,12.34,11.85,ZARAR (SL),-393.02,116891.29
VFC,2024-05-31,2024-06-20,12.78,13.47,KAR (TP),541.28,117429.57
VFC,2024-06-21,2024-06-27,13.86,13.37,ZARAR (SL),-359.39,117067.18
VFC,2024-07-16,2024-07-17,13.77,15.64,KAR (TP),1354.24,118418.42
VFC,2024-07-18,2024-07-31,15.53,16.43,KAR (TP),577.16,118992.58
VFC,2024-08-05,2024-08-07,15.57,17.05,KAR (TP),949.08,119938.67
VFC,2024-08-28,2024-09-06,17.68,17.12,ZARAR (SL),-315.33,119620.34
VFC,2024-09-13,2024-09-30,18.21,19.42,KAR (TP),665.45,120282.79
VFC,2024-10-01,2024-10-04,19.4,20.75,KAR (TP),689.42,120969.21
VFC,2024-10-07,2024-10-21,19.32,17.7,ZARAR (SL),-839.69,120126.52
VFC,2024-10-29,2024-10-31,21.06,20.16,ZARAR (SL),-428.33,119695.18
VFC,2024-12-16,2025-01-10,21.14,22.28,KAR (TP),538.17,120230.35
VFC,2025-01-13,2025-01-21,22.5,24.25,KAR (TP),774.92,121002.27
VFC,2025-02-03,2025-02-10,24.07,23.14,ZARAR (SL),-388.87,120610.4
VFC,2025-05-27,2025-05-29,13.31,12.62,ZARAR (SL),-519.6,120087.8
VFC,2025-07-01,2025-07-10,12.11,12.79,KAR (TP),560.73,120645.53
VFC,2025-07-17,2025-07-22,12.16,12.88,KAR (TP),590.98,121233.51
VFC,2025-07-23,2025-07-24,13.28,12.54,ZARAR (SL),-561.45,120669.06
VFC,2025-07-30,2025-07-31,12.58,11.59,ZARAR (SL),-789.16,119876.89
VFC,2025-08-04,2025-08-05,12.44,11.92,ZARAR (SL),-424.3,119449.59
VFC,2025-08-13,2025-08-26,12.94,14.36,KAR (TP),1097.92,120544.51
VFC,2025-09-15,2025-10-08,14.64,13.94,ZARAR (SL),-478.87,120062.64
VFC,2025-10-24,2025-10-28,16.23,14.51,ZARAR (SL),-1063.7,118995.94
VFC,2025-11-05,2025-11-06,14.71,14.19,ZARAR (SL),-354.83,118638.11
VFC,2025-12-16,2025-12-18,19.02,18.36,ZARAR (SL),-350.0,118285.11
HBI,2024-01-29,2024-02-05,4.63,4.43,ZARAR (SL),-434.97,117845.65
HBI,2024-02-06,2024-02-12,4.5,4.86,KAR (TP),797.0,118639.65
HBI,2024-02-13,2024-02-15,4.52,4.34,ZARAR (SL),-401.23,118235.42
HBI,2024-02-20,2024-02-23,4.54,4.81,KAR (TP),591.71,118824.13
HBI,2024-02-26,2024-02-27,4.86,5.14,KAR (TP),573.13,119394.26
HBI,2024-02-29,2024-03-15,5.4,5.68,KAR (TP),515.52,119906.78
HBI,2024-05-10,2024-05-28,4.96,4.78,ZARAR (SL),-365.9,119537.88
HBI,2024-05-31,2024-06-13,5.12,4.94,ZARAR (SL),-354.56,119180.31
HBI,2024-06-24,2024-06-25,5.17,4.95,ZARAR (SL),-428.53,118748.78
HBI,2024-07-15,2024-07-17,5.04,5.49,KAR (TP),889.86,119635.64
HBI,2024-07-18,2024-07-26,5.42,6.14,KAR (TP),1325.41,120958.05
HBI,2024-07-31,2024-08-01,5.94,5.74,ZARAR (SL),-339.7,120615.35
HBI,2024-08-08,2024-08-12,6.14,5.77,ZARAR (SL),-605.61,120006.74
HBI,2024-09-06,2024-09-10,6.32,6.1,ZARAR (SL),-351.1,119652.64
HBI,2024-09-12,2024-09-13,6.4,6.76,KAR (TP),559.5,120209.14
HBI,2024-09-16,2024-09-26,6.79,7.15,KAR (TP),527.19,120733.33
HBI,2024-11-07,2024-11-08,8.38,8.0,ZARAR (SL),-456.46,120273.87
HBI,2024-11-11,2024-11-20,7.9,8.46,KAR (TP),705.86,120976.73
HBI,2024-11-25,2024-12-02,8.45,8.91,KAR (TP),541.38,121515.11
HBI,2024-12-03,2024-12-09,8.67,8.37,ZARAR (SL),-349.02,121163.09
HBI,2024-12-11,2024-12-18,8.66,8.2,ZARAR (SL),-534.18,120625.91
HBI,2025-01-21,2025-01-29,8.33,8.07,ZARAR (SL),-315.13,120307.79
HBI,2025-01-30,2025-01-31,8.48,8.12,ZARAR (SL),-427.53,119877.26
HBI,2025-05-14,2025-05-22,5.21,5.04,ZARAR (SL),-329.3,119544.97
HBI,2025-07-23,2025-07-24,4.73,4.58,ZARAR (SL),-320.12,119221.84
HBI,2025-08-08,2025-08-12,4.84,6.18,KAR (TP),2765.59,121984.43
HBI,2025-09-19,2025-10-01,6.44,6.77,KAR (TP),509.42,122490.86
HBI,2025-10-10,2025-11-04,6.74,6.47,ZARAR (SL),-403.59,122084.26
KSS,2024-02-29,2024-03-07,24.17,23.27,ZARAR (SL),-376.16,121705.1
KSS,2024-03-27,2024-04-03,25.17,23.82,ZARAR (SL),-540.97,121161.13
KSS,2024-05-09,2024-05-13,21.21,22.94,KAR (TP),815.03,121973.16
KSS,2024-05-14,2024-05-15,23.66,22.71,ZARAR (SL),-403.3,121566.86
KSS,2024-05-23,2024-05-30,23.14,18.6,ZARAR (SL),-1964.76,119599.1
KSS,2024-07-11,2024-07-15,20.62,19.79,ZARAR (SL),-406.69,119189.41
KSS,2024-07-31,2024-08-01,19.6,19.01,ZARAR (SL),-303.09,118883.32
KSS,2024-09-03,2024-09-11,18.37,17.71,ZARAR (SL),-361.49,118518.83
KSS,2024-09-24,2024-09-27,18.34,19.4,KAR (TP),573.92,119089.75
KSS,2024-10-21,2024-10-23,19.45,18.0,ZARAR (SL),-747.63,118339.12
KSS,2025-05-12,2025-05-13,7.37,7.85,KAR (TP),644.29,118980.41
KSS,2025-05-16,2025-05-20,8.34,8.08,ZARAR (SL),-306.74,118670.68
KSS,2025-05-21,2025-05-23,7.61,7.29,ZARAR (SL),-425.54,118242.14
KSS,2025-05-28,2025-06-05,7.89,8.35,KAR (TP),577.25,118816.39
KSS,2025-06-27,2025-07-01,8.33,9.04,KAR (TP),850.08,119663.47
KSS,2025-07-23,2025-07-24,12.14,13.46,KAR (TP),1078.3,120738.77
KSS,2025-08-26,2025-08-27,12.87,15.96,KAR (TP),2397.31,123133.08
KSS,2025-09-17,2025-09-25,17.15,15.96,ZARAR (SL),-693.26,122436.82
KSS,2025-10-03,2025-10-07,16.82,15.78,ZARAR (SL),-623.93,121809.89
KSS,2025-11-05,2025-11-06,17.45,16.66,ZARAR (SL),-453.4,121353.49
KSS,2025-11-10,2025-11-14,17.81,16.66,ZARAR (SL),-650.68,120699.8
KSS,2025-11-25,2025-11-26,22.3,23.97,KAR (TP),746.33,121443.14
KSS,2025-12-03,2025-12-22,22.85,21.84,ZARAR (SL),-443.9,120996.23
ULTA,2024-01-26,2024-02-08,493.59,519.12,KAR (TP),514.23,121507.46
ULTA,2024-03-11,2024-03-19,548.56,529.08,ZARAR (SL),-358.11,121146.35
ULTA,2024-07-08,2024-07-24,395.82,369.61,ZARAR (SL),-665.17,120478.18
ULTA,2024-08-21,2024-08-28,380.92,366.82,ZARAR (SL),-373.16,120102.03
ULTA,2024-09-03,2024-09-09,358.8,381.57,KAR (TP),631.62,120730.64
ULTA,2024-09-10,2024-09-17,373.5,397.0,KAR (TP),626.18,121353.82
ULTA,2024-09-30,2024-10-02,389.12,373.88,ZARAR (SL),-394.65,120956.17
ULTA,2024-11-06,2024-11-15,387.53,365.17,ZARAR (SL),-579.99,120373.19
ULTA,2024-12-02,2024-12-06,394.06,428.17,KAR (TP),862.6,121232.79
ULTA,2024-12-20,2025-01-08,430.01,415.14,ZARAR (SL),-348.81,120880.98
ULTA,2025-04-03,2025-04-07,367.76,342.93,ZARAR (SL),-678.17,120199.81
ULTA,2025-04-09,2025-04-16,363.19,349.59,ZARAR (SL),-377.46,119819.36
ULTA,2025-05-20,2025-05-30,414.4,471.46,KAR (TP),1373.93,121190.29
ULTA,2025-06-20,2025-06-25,473.85,459.09,ZARAR (SL),-314.49,120872.79
ULTA,2025-07-08,2025-07-23,483.21,508.1,KAR (TP),512.1,121381.89
ULTA,2025-08-01,2025-08-27,507.73,533.81,KAR (TP),510.66,121889.55
ULTA,2025-08-28,2025-08-29,530.63,492.73,ZARAR (SL),-717.25,121169.3
ULTA,2025-09-02,2025-09-05,532.52,514.86,ZARAR (SL),-334.63,120831.67
ULTA,2025-10-07,2025-10-15,556.77,538.49,ZARAR (SL),-331.32,120497.35
ULTA,2025-11-25,2025-12-01,521.02,547.64,KAR (TP),507.92,121002.27
ULTA,2025-12-02,2025-12-05,548.05,601.5,KAR (TP),972.28,121971.55
XOM,2024-01-26,2024-03-07,96.08,101.08,KAR (TP),518.15,122485.2
XOM,2024-04-16,2024-05-23,111.74,107.73,ZARAR (SL),-361.75,122120.45
XOM,2024-05-31,2024-06-04,111.29,106.93,ZARAR (SL),-394.44,121723.01
XOM,2024-06-28,2024-07-09,109.26,105.29,ZARAR (SL),-366.1,121353.91
XOM,2024-07-19,2024-09-10,110.16,106.03,ZARAR (SL),-378.45,120972.47
XOM,2024-09-20,2024-10-02,110.28,116.26,KAR (TP),539.2,121508.67
XOM,2024-10-15,2024-10-30,115.14,111.64,ZARAR (SL),-307.11,121198.56
XOM,2024-11-13,2024-12-04,116.21,110.23,ZARAR (SL),-517.61,120677.95
XOM,2025-01-21,2025-01-28,107.52,104.22,ZARAR (SL),-310.71,120364.24
XOM,2025-02-20,2025-03-03,109.0,104.87,ZARAR (SL),-381.57,119979.67
XOM,2025-03-10,2025-03-26,108.81,115.1,KAR (TP),575.71,120552.38
XOM,2025-05-08,2025-06-05,103.23,100.02,ZARAR (SL),-314.32,120235.07
XOM,2025-06-11,2025-07-10,107.36,112.88,KAR (TP),511.13,120743.2
XOM,2025-07-29,2025-08-04,110.87,105.46,ZARAR (SL),-491.13,120249.07
XOM,2025-09-08,2025-09-25,108.9,114.59,KAR (TP),519.53,120765.6
CVX,2024-01-30,2024-03-19,137.54,145.06,KAR (TP),543.83,121304.93
CVX,2024-04-04,2024-06-12,148.83,144.28,ZARAR (SL),-308.72,120993.21
CVX,2024-06-24,2024-07-05,149.05,144.37,ZARAR (SL),-316.85,120673.35
CVX,2024-07-31,2024-08-01,150.13,142.79,ZARAR (SL),-492.19,120178.17
CVX,2024-10-25,2024-11-13,142.67,150.16,KAR (TP),521.5,120696.67
CVX,2025-02-27,2025-03-05,151.39,145.73,ZARAR (SL),-377.03,120316.64
CVX,2025-03-07,2025-03-20,151.07,159.22,KAR (TP),536.21,120849.85
CVX,2025-06-02,2025-06-11,134.82,141.6,KAR (TP),500.48,121347.33
CVX,2025-06-24,2025-07-08,140.4,149.88,KAR (TP),672.03,122016.36
CVX,2025-07-14,2025-08-22,148.32,156.43,KAR (TP),543.71,122557.07
CVX,2025-08-26,2025-10-09,155.62,149.97,ZARAR (SL),-366.5,122187.57
CVX,2025-10-29,2025-11-25,153.39,148.53,ZARAR (SL),-319.64,121864.92
BRK.B,2024-01-29,2024-02-15,383.18,403.45,KAR (TP),525.99,122387.92
BRK.B,2024-02-27,2024-07-15,408.91,434.42,KAR (TP),620.85,123005.77
BRK.B,2024-07-31,2024-08-05,438.5,413.72,ZARAR (SL),-568.11,122434.66
BRK.B,2024-09-06,2024-11-04,459.42,442.29,ZARAR (SL),-375.86,122055.8
BRK.B,2024-11-06,2024-12-18,468.9,446.59,ZARAR (SL),-478.79,121574.01
BRK.B,2025-01-15,2025-02-18,458.51,482.82,KAR (TP),527.2,122098.2
BRK.B,2025-02-21,2025-02-28,478.74,513.83,KAR (TP),729.97,122825.17
BRK.B,2025-03-04,2025-03-17,495.86,523.01,KAR (TP),544.53,123366.7
BRK.B,2025-03-21,2025-04-04,521.91,493.54,ZARAR (SL),-546.58,122817.12
BRK.B,2025-04-09,2025-05-14,521.41,503.4,ZARAR (SL),-348.41,122465.71
BRK.B,2025-08-15,2025-08-29,477.2,502.98,KAR (TP),537.23,122999.95
BRK.B,2025-09-08,2025-10-29,493.78,475.76,ZARAR (SL),-367.94,122629.01
LMT,2024-02-29,2024-03-27,408.34,435.55,KAR (TP),663.45,123287.96
LMT,2024-04-10,2024-06-24,430.72,452.63,KAR (TP),505.71,123790.67
LMT,2024-06-28,2024-07-23,448.4,481.22,KAR (TP),728.96,124516.63
LMT,2024-08-30,2024-10-01,545.35,584.84,KAR (TP),721.13,125234.77
LMT,2024-10-18,2024-10-22,590.59,556.97,ZARAR (SL),-572.3,124659.47
LMT,2025-01-21,2025-01-28,491.79,444.35,ZARAR (SL),-967.66,123688.81
LMT,2025-03-05,2025-03-21,450.54,430.26,ZARAR (SL),-453.02,123232.78
LMT,2025-04-09,2025-06-04,452.32,475.11,KAR (TP),500.88,123730.67
LMT,2025-06-13,2025-06-16,479.29,460.18,ZARAR (SL),-401.6,123326.07
LMT,2025-06-17,2025-06-24,472.28,453.42,ZARAR (SL),-402.3,122920.77
LMT,2025-08-26,2025-09-22,448.75,476.77,KAR (TP),621.31,123539.08
LMT,2025-10-15,2025-11-05,495.65,469.57,ZARAR (SL),-529.02,123007.06
RTX,2024-03-11,2024-03-26,88.25,92.75,KAR (TP),506.85,123509.4
RTX,2024-04-19,2024-05-22,98.06,103.26,KAR (TP),527.68,124034.08
RTX,2024-05-31,2024-06-14,104.72,101.24,ZARAR (SL),-335.07,123696.01
RTX,2024-07-23,2024-07-25,101.96,110.21,KAR (TP),806.76,124499.77
RTX,2024-09-05,2024-10-16,116.83,123.25,KAR (TP),546.98,125043.75
RTX,2024-10-21,2024-10-30,122.94,119.0,ZARAR (SL),-323.89,124716.86
RTX,2025-01-13,2025-01-21,115.59,123.45,KAR (TP),677.31,125391.18
RTX,2025-02-10,2025-02-14,125.9,120.17,ZARAR (SL),-458.36,124929.82
RTX,2025-02-25,2025-03-03,125.64,132.05,KAR (TP),506.66,125433.48
RTX,2025-03-05,2025-04-04,127.91,115.88,ZARAR (SL),-943.3,124487.18
RTX,2025-05-23,2025-06-05,131.25,137.92,KAR (TP),504.75,124988.92
RTX,2025-06-09,2025-06-17,139.81,147.25,KAR (TP),528.99,125514.91
RTX,2025-06-23,2025-06-25,144.6,140.21,ZARAR (SL),-306.82,125205.09
RTX,2025-06-27,2025-07-23,143.46,155.19,KAR (TP),814.78,126016.88
RTX,2025-08-05,2025-09-29,155.03,162.99,KAR (TP),510.06,126523.93
RTX,2025-10-21,2025-12-15,172.36,182.11,KAR (TP),562.75,127083.69
RTX,2025-12-17,2025-12-24,177.2,186.38,KAR (TP),515.06,127595.74
BA,2024-02-28,2024-03-01,207.0,200.0,ZARAR (SL),-341.16,127251.58
BA,2024-06-03,2024-06-14,184.57,177.27,ZARAR (SL),-398.51,126850.07
BA,2024-06-27,2024-08-02,182.51,169.95,ZARAR (SL),-691.18,126155.88
BA,2024-10-21,2024-10-25,159.82,155.01,ZARAR (SL),-303.96,125848.92
BA,2024-10-30,2024-10-31,154.29,149.31,ZARAR (SL),-325.77,125520.15
BA,2024-12-09,2024-12-11,157.04,165.96,KAR (TP),565.01,126082.16
BA,2025-01-02,2025-01-15,171.87,166.2,ZARAR (SL),-332.9,125746.26
BA,2025-02-20,2025-02-26,180.88,173.04,ZARAR (SL),-436.44,125306.82
BA,2025-03-21,2025-03-31,178.11,170.55,ZARAR (SL),-427.46,124876.37
BA,2025-06-09,2025-06-12,217.51,203.75,ZARAR (SL),-635.61,124237.75
BA,2025-06-27,2025-07-09,214.55,226.6,KAR (TP),558.64,124793.39
BA,2025-08-12,2025-08-19,232.61,225.0,ZARAR (SL),-330.16,124460.24
BA,2025-08-26,2025-09-10,234.83,227.52,ZARAR (SL),-314.29,124142.95
BA,2025-10-28,2025-10-29,223.33,213.58,ZARAR (SL),-439.57,123700.37
BA,2025-12-02,2025-12-10,205.38,198.72,ZARAR (SL),-327.28,123370.1
HON,2024-02-22,2024-04-16,181.35,173.18,ZARAR (SL),-453.26,122913.83
HON,2024-05-13,2024-06-18,185.06,194.32,KAR (TP),497.35,123408.18
HON,2024-06-28,2024-07-25,194.93,184.81,ZARAR (SL),-522.34,122882.84
HON,2024-08-23,2024-10-09,185.85,196.14,KAR (TP),551.13,123430.97
HON,2024-11-06,2024-11-12,198.62,214.69,KAR (TP),806.15,124234.12
HON,2024-12-16,2024-12-18,217.68,209.25,ZARAR (SL),-390.29,123840.83
HON,2025-02-05,2025-02-06,205.09,193.53,ZARAR (SL),-566.53,123271.3
HON,2025-03-26,2025-04-03,197.63,191.66,ZARAR (SL),-305.18,122963.13
HON,2025-05-05,2025-05-19,198.68,209.65,KAR (TP),549.59,123509.72
HON,2025-05-29,2025-07-01,209.89,222.54,KAR (TP),600.05,124106.77
HON,2025-07-18,2025-07-24,220.47,209.23,ZARAR (SL),-512.85,123590.91
HON,2025-08-26,2025-09-03,208.52,200.5,ZARAR (SL),-387.62,123200.3
HON,2025-10-23,2025-10-29,206.74,199.46,ZARAR (SL),-355.56,122841.74
HON,2025-10-30,2025-11-07,198.92,192.91,ZARAR (SL),-304.83,122533.9
MMM,2024-03-05,2024-03-12,74.74,79.6,KAR (TP),647.56,123176.96
MMM,2024-04-30,2024-05-16,93.07,101.12,KAR (TP),862.2,124036.16
MMM,2024-05-31,2024-07-26,97.24,123.48,KAR (TP),2695.22,126728.38
MMM,2024-09-03,2024-09-26,127.75,136.13,KAR (TP),653.48,127378.86
MMM,2024-11-25,2024-12-18,127.91,123.2,ZARAR (SL),-370.56,127005.3
MMM,2025-01-08,2025-01-21,132.04,144.17,KAR (TP),915.75,127918.05
MMM,2025-02-28,2025-03-04,153.0,143.86,ZARAR (SL),-599.96,127315.09
MMM,2025-03-21,2025-03-28,148.3,142.86,ZARAR (SL),-370.12,126941.98
MMM,2025-05-14,2025-06-13,145.86,141.06,ZARAR (SL),-331.84,126607.13
MMM,2025-06-27,2025-07-30,150.67,145.32,ZARAR (SL),-358.22,126245.91
MMM,2025-08-29,2025-10-10,154.86,148.11,ZARAR (SL),-438.93,125803.98
MMM,2025-10-20,2025-10-21,154.12,165.93,KAR (TP),763.25,126564.23
MMM,2025-10-22,2025-11-03,166.51,161.5,ZARAR (SL),-304.38,126256.85
MMM,2025-11-04,2025-11-11,159.9,167.95,KAR (TP),500.14,126754.0
MMM,2025-11-13,2025-11-20,169.89,164.61,ZARAR (SL),-313.79,126437.21
MMM,2025-11-21,2025-12-17,168.09,162.17,ZARAR (SL),-355.19,126079.02
GE,2024-01-30,2024-02-13,105.71,111.89,KAR (TP),582.38,126658.4
GE,2024-03-28,2024-04-04,138.54,145.76,KAR (TP),518.26,127173.65
GE,2024-04-23,2024-06-13,161.11,154.24,ZARAR (SL),-429.15,126741.51
GE,2024-06-17,2024-07-17,161.71,155.47,ZARAR (SL),-389.25,126349.25
GE,2024-07-23,2024-07-24,170.69,161.06,ZARAR (SL),-566.95,125779.3
GE,2024-07-25,2024-08-05,163.42,157.15,ZARAR (SL),-386.19,125390.11
GE,2024-09-12,2024-09-13,168.41,176.92,KAR (TP),502.6,125889.71
GE,2024-09-16,2024-10-11,180.06,189.98,KAR (TP),548.32,126435.03
GE,2024-10-21,2024-10-22,193.04,175.57,ZARAR (SL),-907.6,125524.43
GE,2024-11-25,2024-12-05,179.1,171.85,ZARAR (SL),-408.08,125113.35
GE,2025-01-13,2025-01-15,170.79,179.47,KAR (TP),505.25,125615.59
GE,2025-01-16,2025-01-23,178.93,199.89,KAR (TP),1168.69,126781.28
GE,2025-02-28,2025-03-04,206.04,197.87,ZARAR (SL),-399.66,126378.63
GE,2025-03-21,2025-04-03,203.58,187.13,ZARAR (SL),-811.31,125564.32
GE,2025-06-10,2025-06-27,241.35,253.83,KAR (TP),513.94,126075.26
GE,2025-06-30,2025-07-01,256.7,248.35,ZARAR (SL),-328.19,125744.07
GE,2025-07-11,2025-07-25,255.11,271.26,KAR (TP),630.08,126371.15
GE,2025-08-26,2025-09-16,273.61,292.61,KAR (TP),691.68,127059.83
GE,2025-09-17,2025-09-23,289.15,305.26,KAR (TP),554.17,127610.99
GE,2025-09-24,2025-11-20,299.93,290.62,ZARAR (SL),-313.52,127294.48
GD,2024-01-26,2024-03-19,255.94,270.07,KAR (TP),548.93,127838.91
GD,2024-04-09,2024-09-09,278.89,294.07,KAR (TP),541.31,128377.21
GD,2024-09-11,2024-11-11,292.15,307.59,KAR (TP),525.49,128899.7
GD,2025-01-16,2025-01-29,263.42,247.7,ZARAR (SL),-599.84,128296.86
GD,2025-03-05,2025-04-04,259.04,246.28,ZARAR (SL),-495.47,127798.39
GD,2025-04-09,2025-06-25,267.47,283.21,KAR (TP),585.41,128380.8
GD,2025-07-18,2025-07-23,297.67,315.55,KAR (TP),597.71,128975.51
GD,2025-07-30,2025-09-11,310.81,328.18,KAR (TP),555.65,129528.16
GD,2025-09-16,2025-10-03,324.97,342.12,KAR (TP),524.57,130049.74
CAT,2024-01-26,2024-02-02,291.66,306.92,KAR (TP),519.99,130565.23
CAT,2024-02-29,2024-03-18,325.3,342.77,KAR (TP),534.19,131096.42
CAT,2024-04-08,2024-04-16,363.78,350.55,ZARAR (SL),-366.88,130726.54
CAT,2024-05-23,2024-05-29,342.85,330.54,ZARAR (SL),-362.0,130361.54
CAT,2024-07-15,2024-08-01,338.03,325.42,ZARAR (SL),-376.08,129982.46
CAT,2024-09-17,2024-09-19,347.18,366.44,KAR (TP),551.72,130531.19
CAT,2024-09-20,2024-09-26,362.03,383.77,KAR (TP),597.29,131125.48
CAT,2024-10-14,2024-10-30,386.7,373.6,ZARAR (SL),-341.81,130780.67
CAT,2024-11-06,2024-11-08,410.68,387.52,ZARAR (SL),-566.95,130210.72
CAT,2024-11-25,2024-12-10,399.62,382.61,ZARAR (SL),-428.49,129779.23
CAT,2025-01-17,2025-01-23,380.28,401.82,KAR (TP),563.55,130339.77
CAT,2025-01-27,2025-01-30,390.53,370.76,ZARAR (SL),-509.36,129827.42
CAT,2025-05-30,2025-06-23,345.77,363.85,KAR (TP),519.94,130344.36
CAT,2025-08-01,2025-08-11,427.46,407.37,ZARAR (SL),-473.04,129868.32
CAT,2025-08-22,2025-08-29,434.42,417.84,ZARAR (SL),-384.71,129480.61
CAT,2025-09-11,2025-09-18,430.14,465.62,KAR (TP),821.79,130299.41
CAT,2025-10-10,2025-10-14,489.89,525.96,KAR (TP),733.21,131029.62
CAT,2025-10-22,2025-10-29,513.91,585.49,KAR (TP),1389.85,132416.47
CAT,2025-11-04,2025-11-28,547.58,575.76,KAR (TP),511.63,132925.1
CAT,2025-12-02,2025-12-10,582.47,615.35,KAR (TP),561.49,133483.59
CAT,2025-12-12,2025-12-17,597.89,561.89,ZARAR (SL),-605.12,132875.47
DE,2024-02-01,2024-02-09,383.93,371.84,ZARAR (SL),-317.72,132554.75
DE,2024-02-12,2024-02-15,379.74,355.63,ZARAR (SL),-638.1,131913.65
DE,2024-05-10,2024-05-16,399.26,386.08,ZARAR (SL),-332.99,131577.66
DE,2024-06-26,2024-07-01,368.29,354.73,ZARAR (SL),-371.0,131203.66
DE,2024-07-29,2024-08-01,370.24,351.71,ZARAR (SL),-503.57,130697.09
DE,2024-09-06,2024-09-18,374.95,394.12,KAR (TP),508.32,131202.41
DE,2024-09-20,2024-11-13,398.86,384.05,ZARAR (SL),-374.17,130825.23
DE,2024-11-21,2024-11-25,431.48,456.28,KAR (TP),571.8,131394.04
DE,2025-01-17,2025-01-24,450.85,473.94,KAR (TP),509.25,131900.29
DE,2025-02-11,2025-02-18,469.52,496.5,KAR (TP),571.74,132469.03
DE,2025-02-19,2025-02-21,504.13,485.04,ZARAR (SL),-381.78,132084.25
DE,2025-02-28,2025-03-03,475.94,461.13,ZARAR (SL),-314.16,131767.1
DE,2025-03-06,2025-03-13,477.97,462.38,ZARAR (SL),-329.19,131434.9
DE,2025-05-01,2025-05-15,476.84,512.9,KAR (TP),753.22,132185.12
DE,2025-05-30,2025-08-14,502.91,477.17,ZARAR (SL),-514.68,131667.45
DE,2025-11-04,2025-11-25,468.3,498.13,KAR (TP),633.99,132298.43
DE,2025-12-12,2025-12-22,484.8,468.77,ZARAR (SL),-333.65,131961.78
EOG,2024-02-15,2024-03-11,108.15,114.37,KAR (TP),572.06,132530.84
EOG,2024-03-12,2024-03-25,114.39,120.46,KAR (TP),527.45,133055.29
EOG,2024-04-25,2024-05-01,129.0,123.85,ZARAR (SL),-402.67,132649.62
EOG,2024-06-28,2024-07-15,119.96,126.42,KAR (TP),535.65,133182.27
EOG,2024-07-19,2024-07-23,124.04,119.86,ZARAR (SL),-339.56,132839.71
EOG,2024-08-29,2024-09-03,124.74,118.64,ZARAR (SL),-491.54,132345.18
EOG,2024-09-19,2024-09-26,120.15,115.52,ZARAR (SL),-388.78,131953.39
EOG,2024-11-08,2024-12-04,129.64,125.2,ZARAR (SL),-345.23,131605.16
EOG,2025-01-27,2025-01-31,128.46,122.45,ZARAR (SL),-470.57,131131.59
EOG,2025-02-20,2025-02-25,132.07,127.83,ZARAR (SL),-323.63,130804.96
EOG,2025-02-27,2025-03-03,127.14,117.34,ZARAR (SL),-774.0,130027.96
EOG,2025-05-09,2025-06-10,109.16,115.8,KAR (TP),605.35,130630.32
EOG,2025-06-23,2025-07-21,119.84,115.38,ZARAR (SL),-374.84,130252.48
EOG,2025-08-15,2025-09-02,117.86,124.9,KAR (TP),594.53,130844.01
EOG,2025-09-16,2025-09-19,119.69,114.9,ZARAR (SL),-403.53,130437.48
EOG,2025-11-11,2025-11-25,109.34,105.47,ZARAR (SL),-356.94,130077.54
EOG,2025-12-01,2025-12-15,109.71,105.93,ZARAR (SL),-347.54,129726.99
OXY,2024-02-13,2024-02-16,55.47,58.27,KAR (TP),502.12,130226.11
OXY,2024-02-20,2024-03-14,57.35,60.47,KAR (TP),542.03,130765.14
OXY,2024-04-15,2024-04-17,66.04,63.76,ZARAR (SL),-348.33,130413.81
OXY,2024-06-24,2024-07-08,61.35,59.12,ZARAR (SL),-366.64,130044.17
OXY,2024-07-15,2024-07-24,60.14,58.26,ZARAR (SL),-314.29,129726.88
OXY,2024-10-03,2024-10-15,53.37,50.22,ZARAR (SL),-592.52,129131.36
OXY,2025-01-21,2025-01-28,49.46,47.94,ZARAR (SL),-309.63,128818.73
OXY,2025-02-19,2025-02-25,49.89,47.84,ZARAR (SL),-414.85,128400.89
OXY,2025-05-08,2025-05-12,40.75,43.13,KAR (TP),580.98,128978.87
OXY,2025-06-03,2025-06-11,41.98,44.34,KAR (TP),559.26,129535.12
OXY,2025-06-16,2025-06-23,44.83,43.46,ZARAR (SL),-307.44,129224.69
OXY,2025-07-08,2025-07-15,45.24,42.22,ZARAR (SL),-671.85,128549.84
OXY,2025-07-29,2025-07-31,44.96,43.45,ZARAR (SL),-337.36,128209.48
OXY,2025-09-03,2025-10-02,45.79,43.97,ZARAR (SL),-399.02,127807.45
OXY,2025-11-12,2025-12-15,41.69,40.19,ZARAR (SL),-362.29,127442.16
SLB,2024-04-03,2024-04-12,52.17,49.45,ZARAR (SL),-524.33,126914.84
SLB,2024-07-15,2024-08-02,45.89,43.0,ZARAR (SL),-634.78,126277.06
SLB,2024-10-17,2024-10-18,42.37,40.38,ZARAR (SL),-473.56,125800.5
SLB,2024-11-25,2024-12-05,42.14,40.73,ZARAR (SL),-337.54,125459.96
SLB,2025-01-23,2025-01-31,40.74,39.04,ZARAR (SL),-419.37,125037.59
SLB,2025-02-21,2025-03-03,40.74,38.87,ZARAR (SL),-462.99,124571.6
SLB,2025-03-07,2025-03-11,40.38,39.12,ZARAR (SL),-314.82,124253.78
SLB,2025-03-27,2025-04-03,41.09,38.27,ZARAR (SL),-689.46,123561.32
SLB,2025-06-16,2025-06-23,35.35,33.2,ZARAR (SL),-610.07,122948.25
SLB,2025-07-01,2025-07-11,34.65,36.72,KAR (TP),596.43,123541.68
SLB,2025-07-23,2025-07-31,34.59,33.27,ZARAR (SL),-384.33,123154.35
SLB,2025-09-03,2025-09-22,34.73,33.65,ZARAR (SL),-311.57,122839.78
SLB,2025-10-22,2025-10-29,34.63,36.54,KAR (TP),550.01,123386.78
SLB,2025-12-03,2025-12-10,37.55,39.93,KAR (TP),630.82,124014.61
COP,2024-02-08,2024-02-13,107.09,103.21,ZARAR (SL),-365.6,123644.51
COP,2024-02-15,2024-03-13,105.11,111.31,KAR (TP),587.09,124228.6
COP,2024-07-17,2024-07-22,110.62,107.04,ZARAR (SL),-326.92,123898.68
COP,2024-09-19,2024-09-25,106.11,101.49,ZARAR (SL),-439.0,123456.68
COP,2024-11-06,2024-11-25,109.07,102.55,ZARAR (SL),-600.43,122853.25
COP,2025-01-23,2025-01-31,100.51,95.53,ZARAR (SL),-499.2,122351.05
COP,2025-03-20,2025-04-03,99.69,92.81,ZARAR (SL),-693.06,121654.99
COP,2025-05-12,2025-05-21,89.91,85.64,ZARAR (SL),-477.51,121174.49
COP,2025-06-18,2025-06-24,92.18,87.84,ZARAR (SL),-473.15,120698.33
COP,2025-07-01,2025-07-28,90.4,95.34,KAR (TP),543.8,121239.13
COP,2025-07-30,2025-08-01,95.0,91.16,ZARAR (SL),-407.47,120828.66
COP,2025-08-12,2025-08-29,92.95,98.06,KAR (TP),546.37,121372.03
COP,2025-11-12,2025-12-04,88.25,93.12,KAR (TP),548.7,121917.74
COP,2025-12-05,2025-12-16,93.69,90.77,ZARAR (SL),-314.67,121600.07
COP,2025-12-17,2025-12-19,94.96,91.94,ZARAR (SL),-321.03,121276.04
PSX,2024-01-26,2024-02-05,130.86,137.41,KAR (TP),497.64,121770.68
PSX,2024-03-06,2024-03-13,137.96,145.2,KAR (TP),521.63,122289.31
PSX,2024-03-14,2024-03-28,145.12,153.54,KAR (TP),577.39,122863.7
PSX,2024-06-28,2024-07-08,133.75,128.81,ZARAR (SL),-372.77,122487.93
PSX,2024-07-31,2024-08-01,137.84,133.55,ZARAR (SL),-314.38,122170.55
PSX,2024-08-30,2024-09-03,134.05,128.97,ZARAR (SL),-381.45,121786.1
PSX,2025-01-27,2025-01-31,118.63,113.61,ZARAR (SL),-426.3,121356.8
PSX,2025-02-04,2025-02-18,119.14,125.57,KAR (TP),536.6,121890.4
PSX,2025-02-19,2025-03-04,125.26,118.93,ZARAR (SL),-508.4,121379.0
PSX,2025-05-21,2025-06-10,109.75,116.55,KAR (TP),616.07,121992.08
PSX,2025-06-23,2025-07-03,118.84,124.98,KAR (TP),514.23,122503.3
PSX,2025-07-08,2025-07-16,127.64,121.43,ZARAR (SL),-489.92,122010.38
PSX,2025-07-28,2025-07-31,125.38,121.34,ZARAR (SL),-324.87,121682.51
PSX,2025-09-10,2025-09-25,130.31,137.91,KAR (TP),579.86,122259.37
PSX,2025-10-29,2025-11-20,136.84,131.99,ZARAR (SL),-357.18,121899.19
PSX,2025-12-03,2025-12-16,139.85,131.78,ZARAR (SL),-580.05,121316.15
MPC,2024-01-26,2024-01-30,153.9,162.88,KAR (TP),580.73,121893.87
MPC,2024-01-31,2024-03-01,158.77,166.87,KAR (TP),507.55,122398.42
MPC,2024-03-04,2024-03-13,167.39,181.98,KAR (TP),868.37,123263.79
MPC,2024-08-06,2024-08-15,165.42,174.97,KAR (TP),573.98,123834.77
MPC,2024-08-16,2024-08-20,174.27,166.12,ZARAR (SL),-470.7,123361.07
MPC,2024-08-30,2024-09-04,172.28,167.06,ZARAR (SL),-306.18,123051.88
MPC,2024-11-13,2024-12-04,154.76,147.13,ZARAR (SL),-495.94,122552.94
MPC,2025-01-24,2025-01-31,148.32,142.54,ZARAR (SL),-392.16,122157.79
MPC,2025-02-04,2025-02-06,153.5,148.63,ZARAR (SL),-320.38,121834.41
MPC,2025-02-11,2025-02-12,151.93,145.97,ZARAR (SL),-395.14,121436.27
MPC,2025-02-13,2025-02-26,150.74,143.95,ZARAR (SL),-453.91,120979.36
MPC,2025-05-30,2025-06-17,159.05,168.29,KAR (TP),578.06,121554.42
MPC,2025-06-18,2025-07-03,165.66,174.2,KAR (TP),512.47,122063.89
MPC,2025-07-11,2025-07-16,177.97,170.56,ZARAR (SL),-419.44,121641.46
MPC,2025-08-22,2025-08-29,170.02,178.81,KAR (TP),513.74,122152.19
MPC,2025-09-19,2025-09-25,184.53,195.46,KAR (TP),589.04,122738.23
MPC,2025-10-29,2025-11-04,194.77,182.86,ZARAR (SL),-614.49,122120.74
MPC,2025-11-06,2025-12-12,191.75,185.77,ZARAR (SL),-315.09,121802.65
WMB,2024-02-21,2024-03-05,32.08,33.94,KAR (TP),576.58,122376.23
WMB,2024-04-10,2024-04-16,36.44,35.29,ZARAR (SL),-319.36,122053.87
WMB,2024-05-06,2024-05-17,36.61,38.68,KAR (TP),562.8,122613.67
WMB,2024-05-31,2024-06-24,38.91,40.88,KAR (TP),502.93,123113.6
WMB,2024-06-28,2024-07-22,40.3,42.45,KAR (TP),531.12,123641.72
WMB,2024-07-23,2024-07-24,41.79,40.29,ZARAR (SL),-363.71,123275.01
WMB,2024-07-29,2024-08-05,40.7,39.1,ZARAR (SL),-396.66,122875.35
WMB,2024-08-07,2024-08-23,40.77,42.94,KAR (TP),529.56,123401.91
WMB,2024-09-04,2024-09-23,42.15,44.29,KAR (TP),505.91,123904.82
WMB,2024-09-24,2024-10-04,44.11,47.56,KAR (TP),779.1,124680.91
WMB,2024-10-31,2024-11-06,50.18,53.02,KAR (TP),562.21,125240.12
WMB,2024-11-13,2024-11-19,53.28,56.15,KAR (TP),536.57,125773.69
WMB,2024-11-26,2024-12-02,55.93,54.09,ZARAR (SL),-331.94,125438.75
WMB,2025-01-13,2025-01-16,54.16,57.2,KAR (TP),559.2,125994.95
WMB,2025-02-28,2025-03-05,56.24,54.34,ZARAR (SL),-339.89,125652.07
WMB,2025-03-21,2025-04-04,58.12,53.22,ZARAR (SL),-846.96,124802.11
WMB,2025-05-06,2025-06-26,57.25,61.83,KAR (TP),797.27,125596.38
WMB,2025-06-27,2025-07-01,61.63,57.75,ZARAR (SL),-633.28,124960.1
WMB,2025-07-31,2025-08-07,58.96,56.93,ZARAR (SL),-346.62,124610.48
WMB,2025-09-16,2025-09-23,57.47,60.89,KAR (TP),590.62,125198.09
WMB,2025-11-21,2025-12-04,59.12,63.14,KAR (TP),676.42,125871.51
WMB,2025-12-05,2025-12-10,62.29,60.0,ZARAR (SL),-370.78,125497.73
KMI,2024-02-16,2024-03-11,15.74,16.53,KAR (TP),499.63,125994.36
KMI,2024-03-14,2024-04-03,16.15,17.06,KAR (TP),560.78,126552.15
KMI,2024-04-18,2024-05-09,16.75,17.76,KAR (TP),599.79,127148.93
KMI,2024-05-31,2024-07-17,18.21,19.18,KAR (TP),530.61,127676.54
KMI,2024-07-24,2024-08-05,19.66,19.01,ZARAR (SL),-335.62,127337.92
KMI,2024-08-30,2024-09-11,20.42,19.72,ZARAR (SL),-346.07,126988.85
KMI,2024-09-19,2024-10-02,20.44,21.72,KAR (TP),622.29,127608.14
KMI,2024-11-05,2024-11-06,23.67,25.24,KAR (TP),660.7,128265.84
KMI,2024-12-05,2024-12-09,26.79,25.96,ZARAR (SL),-314.05,127948.79
KMI,2025-01-02,2025-01-16,26.92,28.79,KAR (TP),690.7,128636.49
KMI,2025-03-21,2025-04-04,27.03,24.48,ZARAR (SL),-948.22,127685.27
KMI,2025-05-05,2025-06-02,26.29,28.03,KAR (TP),659.45,128341.72
KMI,2025-06-20,2025-07-21,27.41,26.53,ZARAR (SL),-324.31,128014.41
KMI,2025-08-04,2025-08-06,27.96,26.45,ZARAR (SL),-544.02,127467.39
KMI,2025-09-19,2025-10-23,27.11,25.96,ZARAR (SL),-429.7,127034.69
ETN,2024-01-29,2024-02-01,243.23,258.73,KAR (TP),634.26,127664.46
ETN,2024-03-13,2024-03-21,294.53,309.52,KAR (TP),505.93,128167.38
ETN,2024-03-26,2024-04-05,306.15,324.23,KAR (TP),587.55,128751.94
ETN,2024-04-09,2024-04-19,307.9,297.26,ZARAR (SL),-348.69,128400.25
ETN,2024-04-24,2024-05-15,312.73,332.53,KAR (TP),630.04,129027.29
ETN,2024-05-31,2024-06-04,327.5,311.09,ZARAR (SL),-504.13,128520.16
ETN,2024-07-10,2024-07-17,321.81,306.49,ZARAR (SL),-479.04,128038.12
ETN,2024-07-22,2024-07-24,315.17,294.78,ZARAR (SL),-649.85,127385.26
ETN,2024-09-11,2024-09-18,293.35,310.63,KAR (TP),586.28,127968.55
ETN,2024-09-19,2024-10-14,324.72,341.2,KAR (TP),504.42,128469.97
ETN,2024-10-15,2024-11-06,333.72,355.59,KAR (TP),652.27,129119.23
ETN,2024-11-07,2024-12-17,356.96,343.61,ZARAR (SL),-376.86,128739.37
ETN,2025-05-02,2025-05-12,297.8,321.15,KAR (TP),781.14,129517.51
ETN,2025-05-30,2025-06-16,319.27,337.03,KAR (TP),553.21,130067.73
ETN,2025-06-18,2025-06-27,333.89,352.2,KAR (TP),545.59,130610.32
ETN,2025-07-21,2025-07-28,372.57,391.62,KAR (TP),508.16,131115.48
ETN,2025-08-01,2025-08-05,380.18,355.41,ZARAR (SL),-654.47,130458.0
ETN,2025-09-11,2025-09-22,360.08,378.31,KAR (TP),503.28,130958.28
ETN,2025-09-23,2025-10-29,368.52,387.75,KAR (TP),518.82,131474.1
ETN,2025-10-30,2025-11-11,383.09,367.91,ZARAR (SL),-399.25,131071.85
AOS,2024-02-29,2024-03-15,80.25,84.31,KAR (TP),502.43,131571.27
AOS,2024-03-18,2024-04-25,83.12,80.17,ZARAR (SL),-357.07,131211.21
AOS,2024-06-24,2024-06-28,82.05,79.47,ZARAR (SL),-316.87,130891.34
AOS,2024-07-10,2024-07-12,80.65,85.35,KAR (TP),580.2,131468.54
AOS,2024-07-15,2024-07-23,85.32,78.2,ZARAR (SL),-837.85,130627.69
AOS,2024-07-31,2024-08-02,82.95,80.38,ZARAR (SL),-313.44,130311.25
AOS,2024-09-16,2024-09-25,79.69,83.73,KAR (TP),503.73,130811.98
AOS,2024-10-08,2024-10-11,84.33,78.88,ZARAR (SL),-648.46,130160.52
AOS,2025-01-17,2025-01-29,70.36,67.82,ZARAR (SL),-363.67,129793.85
AOS,2025-03-05,2025-04-03,65.49,62.69,ZARAR (SL),-430.07,129360.78
AOS,2025-04-30,2025-05-28,67.17,63.58,ZARAR (SL),-537.92,128819.86
AOS,2025-07-16,2025-07-24,67.36,73.19,KAR (TP),862.54,129679.4
AOS,2025-07-25,2025-10-10,71.33,67.38,ZARAR (SL),-555.76,129120.63
EMR,2024-02-08,2024-03-01,98.8,104.88,KAR (TP),612.07,129728.2
EMR,2024-05-31,2024-06-04,109.28,104.12,ZARAR (SL),-474.65,129250.55
EMR,2024-07-02,2024-07-15,106.46,113.96,KAR (TP),701.68,129949.22
EMR,2024-07-19,2024-08-02,112.71,106.4,ZARAR (SL),-562.3,129383.92
EMR,2024-09-17,2024-09-27,101.74,106.95,KAR (TP),509.03,129889.95
EMR,2025-01-21,2025-02-05,127.31,122.67,ZARAR (SL),-367.53,129519.42
EMR,2025-02-06,2025-02-21,125.34,120.32,ZARAR (SL),-404.19,129112.23
EMR,2025-05-06,2025-05-12,105.92,117.91,KAR (TP),1128.72,130237.95
EMR,2025-05-30,2025-06-09,118.4,124.57,KAR (TP),518.03,130752.98
EMR,2025-07-30,2025-08-05,144.86,139.41,ZARAR (SL),-378.87,130371.11
EMR,2025-09-05,2025-10-10,131.98,125.47,ZARAR (SL),-496.4,129871.71
EMR,2025-10-27,2025-11-07,133.88,128.93,ZARAR (SL),-372.63,129496.08
EMR,2025-12-04,2025-12-17,136.64,131.64,ZARAR (SL),-368.93,129124.16
PCAR,2024-03-14,2024-03-19,108.2,113.64,KAR (TP),499.56,129620.72
PCAR,2024-04-03,2024-04-17,113.1,108.88,ZARAR (SL),-375.86,129241.86
PCAR,2024-05-31,2024-06-27,101.25,97.92,ZARAR (SL),-331.37,128907.48
PCAR,2024-07-17,2024-07-23,102.86,91.45,ZARAR (SL),-1111.87,127792.61
PCAR,2024-09-03,2024-09-05,90.29,87.47,ZARAR (SL),-315.89,127473.72
PCAR,2024-09-09,2024-10-03,89.73,95.67,KAR (TP),658.26,128128.98
PCAR,2024-10-22,2024-11-06,99.01,109.61,KAR (TP),1067.71,129193.69
PCAR,2024-11-25,2024-12-12,110.4,106.86,ZARAR (SL),-323.92,128866.77
PCAR,2025-01-21,2025-02-07,107.3,103.32,ZARAR (SL),-374.45,128489.33
PCAR,2025-03-06,2025-03-12,104.49,100.03,ZARAR (SL),-429.61,128056.72
PCAR,2025-05-15,2025-06-02,94.14,90.02,ZARAR (SL),-440.64,127613.08
PCAR,2025-06-26,2025-07-23,93.07,99.18,KAR (TP),653.62,128263.7
PCAR,2025-07-24,2025-08-01,99.49,94.64,ZARAR (SL),-491.02,127769.68
PCAR,2025-08-22,2025-09-03,99.89,94.69,ZARAR (SL),-523.2,127243.48
PCAR,2025-09-11,2025-09-22,100.14,95.53,ZARAR (SL),-463.89,126776.59
PCAR,2025-10-20,2025-11-17,95.93,92.97,ZARAR (SL),-311.98,126461.61
PCAR,2025-11-21,2025-12-03,101.7,107.18,KAR (TP),535.89,126994.5
ROK,2024-03-04,2024-03-18,279.57,269.87,ZARAR (SL),-350.02,126639.98
ROK,2024-03-21,2024-04-02,281.44,271.87,ZARAR (SL),-342.89,126294.09
ROK,2024-04-12,2024-04-18,276.32,265.34,ZARAR (SL),-400.44,125890.64
ROK,2024-06-24,2024-07-12,259.14,276.17,KAR (TP),654.47,126542.11
ROK,2024-08-21,2024-09-04,260.08,251.38,ZARAR (SL),-337.78,126201.33
ROK,2024-09-19,2024-09-25,262.71,252.73,ZARAR (SL),-382.9,125815.43
ROK,2024-09-26,2024-11-06,265.58,287.95,KAR (TP),839.31,126651.74
ROK,2024-11-07,2024-11-22,271.39,286.18,KAR (TP),542.22,127190.97
ROK,2024-11-25,2024-12-18,293.9,283.06,ZARAR (SL),-371.6,126816.37
ROK,2025-01-21,2025-01-29,286.1,274.42,ZARAR (SL),-411.23,126402.14
ROK,2025-02-10,2025-02-25,297.48,285.38,ZARAR (SL),-409.81,125989.34
ROK,2025-06-20,2025-07-01,318.99,336.08,KAR (TP),532.8,126519.13
ROK,2025-07-07,2025-07-17,336.4,353.83,KAR (TP),515.1,127031.24
ROK,2025-07-22,2025-08-06,350.98,326.21,ZARAR (SL),-708.56,126319.68
ROK,2025-09-08,2025-10-10,343.41,332.53,ZARAR (SL),-319.83,125996.85
ROK,2025-10-15,2025-11-06,350.8,371.14,KAR (TP),576.68,126570.53
ROK,2025-11-07,2025-11-12,372.12,393.1,KAR (TP),560.6,127128.14
ROK,2025-11-13,2025-11-18,378.3,366.01,ZARAR (SL),-327.89,126797.25
ROK,2025-11-19,2025-11-25,372.48,391.3,KAR (TP),502.26,127296.51
ROK,2025-12-04,2025-12-17,403.89,389.54,ZARAR (SL),-358.29,126935.21
SWK,2024-03-08,2024-03-15,85.11,82.01,ZARAR (SL),-367.01,126565.2
SWK,2024-03-19,2024-03-21,84.35,89.14,KAR (TP),565.05,127127.25
SWK,2024-03-25,2024-04-12,87.85,85.11,ZARAR (SL),-315.4,126808.85
SWK,2024-07-11,2024-07-26,81.64,89.62,KAR (TP),974.8,127780.65
SWK,2024-08-01,2024-08-05,95.32,89.88,ZARAR (SL),-573.44,127204.21
SWK,2024-09-05,2024-09-18,93.12,99.28,KAR (TP),658.85,127860.06
SWK,2024-09-19,2024-10-23,102.26,97.78,ZARAR (SL),-440.88,127416.18
SWK,2025-01-17,2025-01-23,80.51,84.54,KAR (TP),497.77,127910.95
SWK,2025-01-28,2025-02-03,84.88,81.37,ZARAR (SL),-416.1,127491.85
SWK,2025-02-04,2025-03-04,82.8,78.58,ZARAR (SL),-511.64,126977.22
SWK,2025-03-07,2025-03-11,85.84,79.94,ZARAR (SL),-689.75,126284.47
SWK,2025-06-30,2025-07-02,66.22,69.94,KAR (TP),559.36,126840.83
SWK,2025-07-22,2025-07-29,71.15,67.06,ZARAR (SL),-578.55,126259.28
SWK,2025-08-13,2025-08-21,74.26,71.47,ZARAR (SL),-378.1,125878.18
SWK,2025-08-26,2025-09-02,73.49,70.89,ZARAR (SL),-356.73,125518.45
SWK,2025-09-03,2025-09-05,72.0,77.51,KAR (TP),761.59,126277.04
SWK,2025-09-08,2025-09-22,77.51,74.15,ZARAR (SL),-436.56,125837.48
SWK,2025-12-03,2025-12-11,72.53,76.54,KAR (TP),549.87,126384.35
TDY,2024-03-28,2024-04-08,429.32,414.57,ZARAR (SL),-346.57,126033.28
TDY,2024-05-23,2024-05-29,400.98,385.94,ZARAR (SL),-378.08,125652.2
TDY,2024-07-11,2024-07-24,393.99,417.0,KAR (TP),581.03,126230.23
TDY,2024-08-02,2024-08-30,410.54,432.8,KAR (TP),539.21,126766.44
TDY,2024-09-03,2024-10-02,420.0,443.17,KAR (TP),548.67,127312.11
TDY,2024-10-07,2024-10-23,436.59,470.09,KAR (TP),764.31,128073.42
TDY,2024-10-31,2024-11-06,455.32,480.74,KAR (TP),555.29,128625.71
TDY,2024-11-15,2025-01-06,470.15,455.51,ZARAR (SL),-314.39,128308.32
TDY,2025-01-17,2025-01-22,473.89,511.67,KAR (TP),794.23,129099.55
TDY,2025-03-03,2025-03-04,512.96,492.96,ZARAR (SL),-392.89,128703.65
TDY,2025-03-21,2025-04-03,501.82,471.6,ZARAR (SL),-605.21,128095.45
TDY,2025-05-02,2025-06-09,478.83,505.36,KAR (TP),551.06,128643.5
TDY,2025-06-10,2025-07-10,500.56,527.52,KAR (TP),535.6,129176.1
TDY,2025-08-04,2025-09-30,552.26,586.04,KAR (TP),608.67,129781.77
TDY,2025-10-01,2025-10-22,575.07,543.73,ZARAR (SL),-547.98,129230.79
RSG,2024-02-13,2024-02-23,172.33,181.52,KAR (TP),530.57,129756.86
RSG,2024-03-15,2024-07-05,182.83,192.32,KAR (TP),516.02,130269.87
RSG,2024-07-23,2024-07-25,196.41,186.84,ZARAR (SL),-490.34,129776.53
RSG,2024-08-02,2024-11-08,197.36,209.4,KAR (TP),607.07,130380.61
RSG,2024-11-11,2024-12-18,209.63,201.36,ZARAR (SL),-397.67,129979.93
RSG,2025-01-29,2025-02-11,210.72,221.58,KAR (TP),512.28,130489.22
RSG,2025-02-18,2025-03-31,226.84,240.35,KAR (TP),592.49,131078.71
RSG,2025-04-09,2025-05-07,238.04,250.52,KAR (TP),521.53,131597.24
RSG,2025-05-22,2025-07-02,249.72,237.04,ZARAR (SL),-510.78,131083.47
WM,2024-02-09,2024-02-13,183.46,193.79,KAR (TP),559.85,131638.82
WM,2024-04-02,2024-05-29,205.8,199.03,ZARAR (SL),-332.21,131303.61
WM,2024-05-31,2024-06-03,205.43,196.24,ZARAR (SL),-450.49,130850.12
WM,2024-09-03,2024-09-18,204.9,198.25,ZARAR (SL),-327.21,130519.91
WM,2024-10-23,2024-11-08,208.0,220.09,KAR (TP),578.68,131095.59
WM,2024-11-12,2024-11-15,220.74,213.99,ZARAR (SL),-309.08,130783.51
WM,2024-11-21,2024-12-13,217.55,210.07,ZARAR (SL),-346.7,130433.81
WM,2025-01-29,2025-01-30,206.48,219.17,KAR (TP),611.65,131042.46
WM,2025-01-31,2025-02-28,217.03,229.37,KAR (TP),565.42,131604.88
WM,2025-03-04,2025-03-12,226.59,219.59,ZARAR (SL),-311.75,131290.13
WM,2025-03-17,2025-04-07,225.68,218.13,ZARAR (SL),-337.37,130949.76
WM,2025-04-28,2025-05-30,226.56,238.32,KAR (TP),516.03,131462.79
WM,2025-07-29,2025-08-14,233.77,224.44,ZARAR (SL),-402.47,131057.32
WM,2025-10-10,2025-10-28,218.41,203.44,ZARAR (SL),-688.06,130366.26
CARR,2024-02-02,2024-02-06,55.54,53.12,ZARAR (SL),-438.01,129923.75
CARR,2024-02-29,2024-03-07,54.37,58.25,KAR (TP),711.28,130632.03
CARR,2024-03-08,2024-04-04,56.78,54.63,ZARAR (SL),-381.98,130247.05
CARR,2024-04-25,2024-05-06,58.5,62.86,KAR (TP),740.98,130985.03
CARR,2024-06-24,2024-07-01,63.6,60.92,ZARAR (SL),-425.4,130556.62
CARR,2024-07-11,2024-07-16,65.36,68.77,KAR (TP),519.51,131073.13
CARR,2024-07-17,2024-07-25,66.51,63.8,ZARAR (SL),-409.93,130660.21
CARR,2024-08-15,2024-08-30,67.31,71.63,KAR (TP),637.35,131294.56
CARR,2024-09-03,2024-09-11,68.95,72.5,KAR (TP),512.27,131803.83
CARR,2024-09-12,2024-09-19,74.17,79.29,KAR (TP),686.93,132487.76
CARR,2024-10-09,2024-10-24,80.78,71.74,ZARAR (SL),-1121.42,131363.34
CARR,2024-11-21,2024-12-06,75.0,72.69,ZARAR (SL),-310.85,131049.48
CARR,2025-01-21,2025-01-27,69.85,66.76,ZARAR (SL),-445.24,130601.24
CARR,2025-03-07,2025-03-13,66.72,63.61,ZARAR (SL),-468.94,130129.3
CARR,2025-03-21,2025-03-28,65.51,62.7,ZARAR (SL),-432.2,129694.1
CARR,2025-06-27,2025-07-23,73.17,79.31,KAR (TP),835.12,130526.22
CARR,2025-10-21,2025-10-22,59.59,56.52,ZARAR (SL),-517.88,130005.34
CARR,2025-10-29,2025-10-30,60.75,58.85,ZARAR (SL),-315.76,129686.59
ITW,2024-01-26,2024-02-05,251.83,243.96,ZARAR (SL),-315.49,129366.6
ITW,2024-02-22,2024-04-17,248.24,240.75,ZARAR (SL),-304.82,129058.78
ITW,2024-05-16,2024-05-23,240.97,232.94,ZARAR (SL),-336.11,128719.67
ITW,2024-06-24,2024-07-01,234.04,226.52,ZARAR (SL),-324.34,128392.34
ITW,2024-07-18,2024-07-24,241.93,232.24,ZARAR (SL),-403.74,127985.6
ITW,2024-07-29,2024-08-05,240.7,232.3,ZARAR (SL),-352.17,127630.43
ITW,2024-09-04,2024-09-19,237.51,250.35,KAR (TP),537.6,128165.03
ITW,2024-09-20,2024-11-05,246.82,260.05,KAR (TP),533.04,128695.07
ITW,2024-11-22,2024-12-18,267.39,254.97,ZARAR (SL),-467.32,128224.75
ITW,2025-01-22,2025-03-07,254.43,269.49,KAR (TP),588.96,128810.71
ITW,2025-03-10,2025-03-11,262.8,250.19,ZARAR (SL),-483.07,128324.64
ITW,2025-05-02,2025-07-01,239.37,253.62,KAR (TP),592.18,128913.83
ITW,2025-07-02,2025-08-22,254.87,267.75,KAR (TP),502.36,129413.19
ITW,2025-08-26,2025-09-25,264.6,256.3,ZARAR (SL),-316.63,129093.56
ITW,2025-10-23,2025-10-24,257.44,245.75,ZARAR (SL),-457.09,128633.48
GWW,2024-02-29,2024-03-21,959.08,1014.34,KAR (TP),573.19,129202.17
GWW,2024-03-25,2024-04-11,992.86,952.0,ZARAR (SL),-414.52,128784.65
GWW,2024-05-15,2024-05-29,946.03,899.05,ZARAR (SL),-499.58,128282.07
GWW,2024-07-02,2024-07-16,906.35,975.57,KAR (TP),760.64,129039.71
GWW,2024-07-18,2024-09-16,945.25,997.54,KAR (TP),550.24,129586.95
GWW,2024-09-20,2024-10-11,1021.3,1073.56,KAR (TP),508.71,130092.67
GWW,2024-10-15,2024-11-06,1074.08,1182.31,KAR (TP),1004.67,131094.34
GWW,2024-11-07,2024-12-12,1176.37,1138.81,ZARAR (SL),-322.24,130769.1
GWW,2025-01-21,2025-01-31,1111.56,1053.24,ZARAR (SL),-527.65,130238.45
GWW,2025-04-11,2025-05-01,987.13,1046.15,KAR (TP),594.89,130830.34
GWW,2025-05-09,2025-05-16,1029.9,1096.44,KAR (TP),643.11,131470.46
GWW,2025-05-30,2025-06-17,1082.41,1040.51,ZARAR (SL),-390.11,131077.35
GWW,2025-09-11,2025-09-22,1012.29,976.85,ZARAR (SL),-353.06,130721.29
GWW,2025-10-23,2025-11-14,961.79,926.21,ZARAR (SL),-372.92,130345.37
GWW,2025-12-04,2025-12-11,968.91,1032.39,KAR (TP),652.17,130994.54
WAB,2024-02-15,2024-02-29,132.63,140.09,KAR (TP),559.7,131549.74
WAB,2024-03-15,2024-04-03,138.63,146.94,KAR (TP),596.34,132143.09
WAB,2024-04-04,2024-04-24,146.09,162.0,KAR (TP),1085.64,133225.73
WAB,2024-05-17,2024-06-11,166.89,161.64,ZARAR (SL),-317.73,132904.99
WAB,2024-07-15,2024-07-24,162.96,156.13,ZARAR (SL),-422.1,132479.89
WAB,2024-09-13,2024-09-19,167.96,177.16,KAR (TP),545.0,133021.88
WAB,2024-09-20,2024-10-14,178.14,187.23,KAR (TP),507.55,133526.43
WAB,2024-10-23,2024-11-06,186.21,199.19,KAR (TP),694.13,134217.56
WAB,2024-11-25,2024-12-18,198.28,189.31,ZARAR (SL),-455.13,133759.43
WAB,2025-01-15,2025-02-12,199.28,188.32,ZARAR (SL),-553.2,133203.23
WAB,2025-03-21,2025-04-03,184.09,172.93,ZARAR (SL),-609.13,132591.1
WAB,2025-04-30,2025-05-12,184.05,200.24,KAR (TP),876.61,133464.72
WAB,2025-05-28,2025-07-02,200.83,213.35,KAR (TP),620.35,134082.07
WAB,2025-07-08,2025-07-24,211.25,200.2,ZARAR (SL),-526.18,133552.89
WAB,2025-09-04,2025-09-16,193.55,187.42,ZARAR (SL),-319.34,133230.55
WAB,2025-09-22,2025-10-10,197.72,190.8,ZARAR (SL),-353.07,132874.48
WAB,2025-10-27,2025-12-03,200.1,213.45,KAR (TP),664.21,133535.69
IEX,2024-02-01,2024-02-21,214.78,227.71,KAR (TP),598.78,134129.97
IEX,2024-03-14,2024-04-12,235.43,226.96,ZARAR (SL),-362.64,133764.33
IEX,2024-07-22,2024-07-24,201.49,195.1,ZARAR (SL),-320.22,133441.11
IEX,2024-07-25,2024-08-01,199.39,192.72,ZARAR (SL),-337.35,133100.76
IEX,2024-09-03,2024-09-05,199.2,193.19,ZARAR (SL),-304.64,132793.11
IEX,2024-09-16,2024-09-26,198.99,209.53,KAR (TP),526.41,133316.52
IEX,2024-10-30,2024-11-06,215.38,231.39,KAR (TP),740.69,134054.21
IEX,2024-11-07,2024-12-18,225.48,208.49,ZARAR (SL),-756.6,133294.6
IEX,2025-02-03,2025-02-05,216.28,195.25,ZARAR (SL),-975.31,132316.29
IEX,2025-07-09,2025-07-30,182.89,163.58,ZARAR (SL),-1058.89,131254.4
IEX,2025-10-15,2025-10-29,163.19,173.4,KAR (TP),622.65,131874.05
IEX,2025-10-30,2025-11-14,170.3,164.49,ZARAR (SL),-344.16,131526.89
IEX,2025-11-21,2025-12-11,170.65,181.24,KAR (TP),617.57,132141.46
AAL,2024-01-26,2024-01-30,15.13,14.53,ZARAR (SL),-399.56,131737.4
AAL,2024-02-22,2024-03-05,15.24,14.67,ZARAR (SL),-377.02,131357.38
AAL,2024-05-06,2024-05-21,14.65,14.03,ZARAR (SL),-426.21,130928.17
AAL,2024-09-05,2024-09-26,10.8,11.79,KAR (TP),913.67,131838.84
AAL,2024-10-04,2024-10-16,11.51,12.89,KAR (TP),1195.96,133031.8
AAL,2024-11-06,2024-11-25,14.0,14.92,KAR (TP),654.14,133682.94
AAL,2024-12-27,2025-01-10,17.35,18.38,KAR (TP),590.66,134270.6
AAL,2025-01-13,2025-01-21,17.6,18.64,KAR (TP),587.91,134855.51
AAL,2025-01-22,2025-01-23,18.66,17.03,ZARAR (SL),-876.53,133975.98
AAL,2025-04-09,2025-04-10,11.12,9.51,ZARAR (SL),-1450.84,132522.14
AAL,2025-05-02,2025-05-09,10.52,11.11,KAR (TP),557.84,133076.97
AAL,2025-05-27,2025-06-05,11.64,11.27,ZARAR (SL),-320.87,132753.11
AAL,2025-06-24,2025-07-10,11.37,12.94,KAR (TP),1377.83,134127.93
AAL,2025-07-11,2025-07-24,12.22,11.46,ZARAR (SL),-624.93,133500.0
AAL,2025-08-12,2025-08-21,12.98,12.57,ZARAR (SL),-318.87,133178.13
AAL,2025-08-25,2025-09-15,13.0,12.53,ZARAR (SL),-364.54,132810.59
AAL,2025-10-23,2025-10-24,12.77,13.78,KAR (TP),787.92,133595.51
AAL,2025-11-05,2025-11-11,13.42,12.99,ZARAR (SL),-323.42,133269.09
AAL,2025-11-25,2025-12-02,13.46,14.24,KAR (TP),576.49,133842.58
AAL,2025-12-03,2025-12-15,14.56,15.33,KAR (TP),525.85,134365.43
DAL,2024-02-22,2024-03-20,41.18,44.47,KAR (TP),796.62,135157.55
DAL,2024-04-03,2024-04-22,45.64,48.04,KAR (TP),523.09,135677.64
DAL,2024-08-29,2024-09-09,40.95,43.03,KAR (TP),507.1,136181.74
DAL,2024-10-03,2024-10-08,46.76,49.87,KAR (TP),662.82,136841.57
DAL,2024-10-09,2024-10-16,50.23,55.64,KAR (TP),1075.1,137913.67
DAL,2024-10-28,2024-10-30,54.72,57.77,KAR (TP),553.16,138463.83
DAL,2024-11-01,2024-11-06,57.7,61.58,KAR (TP),670.06,139130.89
DAL,2024-11-19,2024-12-03,63.98,61.83,ZARAR (SL),-339.68,138788.21
DAL,2024-12-05,2024-12-09,64.99,61.52,ZARAR (SL),-536.68,138248.53
DAL,2025-01-13,2025-01-29,64.33,67.62,KAR (TP),508.52,138754.05
DAL,2025-05-27,2025-06-13,49.08,46.73,ZARAR (SL),-480.73,138270.32
DAL,2025-06-24,2025-07-10,49.24,56.41,KAR (TP),1453.82,139721.14
DAL,2025-07-15,2025-07-30,55.35,53.25,ZARAR (SL),-381.75,139336.39
DAL,2025-08-12,2025-08-22,58.26,61.5,KAR (TP),553.13,139886.51
DAL,2025-09-02,2025-09-15,60.94,58.24,ZARAR (SL),-446.32,139437.2
DAL,2025-10-14,2025-10-23,61.08,58.77,ZARAR (SL),-381.71,139052.48
DAL,2025-11-24,2025-11-26,60.67,64.27,KAR (TP),590.37,139639.86
DAL,2025-12-03,2025-12-15,67.49,71.27,KAR (TP),557.08,140193.94
UAL,2024-02-20,2024-03-20,43.46,45.98,KAR (TP),576.84,140767.78
UAL,2024-03-26,2024-03-28,45.42,47.88,KAR (TP),538.61,141303.39
UAL,2024-04-02,2024-04-04,45.65,43.22,ZARAR (SL),-535.31,140765.08
UAL,2024-04-17,2024-04-18,48.74,51.42,KAR (TP),546.86,141308.94
UAL,2024-04-19,2024-04-23,51.38,54.03,KAR (TP),512.76,141818.7
UAL,2024-06-06,2024-06-14,53.3,49.69,ZARAR (SL),-680.3,141135.41
UAL,2024-07-22,2024-07-24,48.19,46.02,ZARAR (SL),-453.3,140679.1
UAL,2024-08-29,2024-09-05,42.64,45.12,KAR (TP),578.61,141254.72
UAL,2024-09-06,2024-09-09,46.01,48.75,KAR (TP),592.52,141844.24
UAL,2024-12-09,2024-12-18,96.02,91.47,ZARAR (SL),-476.86,141364.38
UAL,2024-12-20,2025-01-08,97.4,103.72,KAR (TP),645.87,142007.25
UAL,2025-01-13,2025-01-21,104.71,110.52,KAR (TP),551.87,142556.12
UAL,2025-01-22,2025-01-23,107.97,103.0,ZARAR (SL),-463.31,142089.81
UAL,2025-01-24,2025-02-13,105.0,100.89,ZARAR (SL),-394.43,141692.38
UAL,2025-05-14,2025-05-15,78.99,76.54,ZARAR (SL),-313.17,141376.21
UAL,2025-05-20,2025-05-21,76.33,73.33,ZARAR (SL),-396.03,140977.18
UAL,2025-05-22,2025-06-02,76.0,81.23,KAR (TP),685.16,141659.34
UAL,2025-07-16,2025-08-01,88.47,84.57,ZARAR (SL),-443.83,141212.51
UAL,2025-08-12,2025-08-26,98.47,104.13,KAR (TP),571.79,141781.31
UAL,2025-09-02,2025-09-24,104.68,101.39,ZARAR (SL),-317.29,141461.01
UAL,2025-11-25,2025-12-02,98.91,104.38,KAR (TP),550.03,142008.04
UAL,2025-12-03,2025-12-04,108.48,104.73,ZARAR (SL),-348.69,141656.36
UAL,2025-12-05,2025-12-16,104.95,112.48,KAR (TP),714.49,142367.84
LUV,2024-01-26,2024-02-08,28.91,31.06,KAR (TP),741.43,143106.27
LUV,2024-02-12,2024-02-21,31.5,33.18,KAR (TP),530.7,143633.97
LUV,2024-04-17,2024-04-25,27.79,26.33,ZARAR (SL),-531.14,143099.83
LUV,2024-06-03,2024-06-10,26.74,28.68,KAR (TP),722.89,143819.72
LUV,2024-06-11,2024-07-05,27.09,26.18,ZARAR (SL),-338.25,143478.47
LUV,2024-09-18,2024-10-03,28.26,29.83,KAR (TP),554.09,144029.56
LUV,2024-10-04,2024-10-17,30.55,29.42,ZARAR (SL),-374.2,143652.36
LUV,2024-10-22,2024-10-24,29.81,28.37,ZARAR (SL),-485.13,143164.24
LUV,2024-10-29,2024-11-04,30.34,29.24,ZARAR (SL),-363.94,142797.29
LUV,2024-11-06,2024-12-02,30.69,32.27,KAR (TP),509.9,143304.2
LUV,2024-12-03,2024-12-05,32.25,34.06,KAR (TP),560.98,143862.17
LUV,2024-12-11,2024-12-18,32.83,31.75,ZARAR (SL),-333.56,143525.62
LUV,2024-12-20,2025-01-17,32.54,31.55,ZARAR (SL),-306.76,143215.86
LUV,2025-01-21,2025-01-22,32.7,31.32,ZARAR (SL),-426.81,142786.05
LUV,2025-03-11,2025-03-17,30.01,31.77,KAR (TP),583.49,143366.55
LUV,2025-05-22,2025-05-28,30.86,32.52,KAR (TP),535.29,143898.84
LUV,2025-05-30,2025-06-04,33.0,31.91,ZARAR (SL),-335.53,143560.3
LUV,2025-07-01,2025-07-10,33.22,37.14,KAR (TP),1176.29,144733.59
LUV,2025-09-02,2025-09-09,32.07,30.99,ZARAR (SL),-339.76,144390.82
LUV,2025-09-17,2025-10-20,32.12,34.43,KAR (TP),716.18,145104.0
LUV,2025-10-22,2025-10-23,33.76,31.65,ZARAR (SL),-628.0,144473.0
LUV,2025-12-04,2025-12-05,35.81,37.85,KAR (TP),566.67,145036.68
ALK,2024-02-20,2024-02-26,38.92,37.71,ZARAR (SL),-313.89,144719.78
ALK,2024-02-29,2024-03-13,37.39,39.37,KAR (TP),526.55,145243.33
ALK,2024-03-15,2024-03-27,38.18,42.01,KAR (TP),1000.14,146240.48
ALK,2024-04-17,2024-04-19,42.72,45.01,KAR (TP),533.05,146770.53
ALK,2024-04-25,2024-04-30,44.55,43.02,ZARAR (SL),-346.43,146421.09
ALK,2024-07-16,2024-07-18,40.5,37.25,ZARAR (SL),-805.47,145612.62
ALK,2024-10-04,2024-10-11,42.48,44.63,KAR (TP),503.12,146112.74
ALK,2024-10-21,2024-11-01,46.04,49.23,KAR (TP),689.88,146799.62
ALK,2024-11-04,2024-11-06,47.23,51.62,KAR (TP),926.49,147723.11
ALK,2024-12-03,2024-12-05,52.55,55.88,KAR (TP),630.68,148350.79
ALK,2024-12-06,2024-12-10,54.34,61.29,KAR (TP),1275.98,149623.78
ALK,2025-01-07,2025-01-21,65.52,68.88,KAR (TP),509.82,150130.6
ALK,2025-01-22,2025-01-28,67.4,71.41,KAR (TP),591.96,150719.56
ALK,2025-01-31,2025-02-21,73.25,70.18,ZARAR (SL),-422.11,150294.44
ALK,2025-05-05,2025-05-08,48.65,52.77,KAR (TP),843.87,151135.31
ALK,2025-05-22,2025-06-13,50.11,47.46,ZARAR (SL),-531.84,150600.47
ALK,2025-07-16,2025-07-28,51.65,54.33,KAR (TP),515.88,151113.35
ALK,2025-07-29,2025-08-01,54.15,51.37,ZARAR (SL),-516.39,150593.96
ALK,2025-08-12,2025-08-22,56.22,59.5,KAR (TP),580.42,151171.38
ALK,2025-08-25,2025-08-28,60.01,63.18,KAR (TP),525.25,151693.63
ALK,2025-11-26,2025-12-03,42.51,45.37,KAR (TP),669.78,152360.41
ALK,2025-12-04,2025-12-10,47.32,51.75,KAR (TP),933.18,153290.59
DUK,2024-03-06,2024-04-24,88.21,92.8,KAR (TP),516.83,153804.42
DUK,2024-04-25,2024-05-17,92.87,98.4,KAR (TP),592.85,154394.26
DUK,2024-05-31,2024-06-18,98.1,94.74,ZARAR (SL),-344.8,154046.46
DUK,2024-07-10,2024-07-24,97.4,102.86,KAR (TP),558.12,154601.58
DUK,2024-08-05,2024-09-03,105.14,110.69,KAR (TP),524.86,155123.44
DUK,2024-09-11,2024-10-07,111.09,105.38,ZARAR (SL),-516.77,154603.67
DUK,2024-10-16,2024-10-29,114.51,109.37,ZARAR (SL),-451.32,154149.35
DUK,2024-12-02,2024-12-10,111.16,107.23,ZARAR (SL),-356.36,153789.99
DUK,2025-01-21,2025-02-11,106.9,112.62,KAR (TP),531.44,154318.43
DUK,2025-02-13,2025-03-03,109.97,115.59,KAR (TP),507.61,154823.04
DUK,2025-03-04,2025-04-03,113.39,120.83,KAR (TP),653.3,155473.34
DUK,2025-05-05,2025-05-12,117.61,112.84,ZARAR (SL),-408.8,155061.54
DUK,2025-06-26,2025-08-01,114.26,120.81,KAR (TP),569.9,155628.44
DUK,2025-08-12,2025-12-03,122.34,118.62,ZARAR (SL),-307.05,155318.39
NEE,2024-03-08,2024-03-19,54.97,58.26,KAR (TP),595.51,155910.9
NEE,2024-04-17,2024-04-29,60.66,64.11,KAR (TP),566.05,156473.96
NEE,2024-05-01,2024-05-08,65.24,69.28,KAR (TP),614.99,157085.94
NEE,2024-05-30,2024-06-11,74.35,69.62,ZARAR (SL),-639.76,156443.18
NEE,2024-07-11,2024-07-15,71.5,67.93,ZARAR (SL),-502.33,155937.85
NEE,2024-07-24,2024-08-02,72.17,75.8,KAR (TP),499.58,156434.43
NEE,2024-08-05,2024-08-26,73.39,77.18,KAR (TP),513.43,156944.87
NEE,2024-08-30,2024-09-13,77.55,81.54,KAR (TP),511.22,157453.09
NEE,2024-09-19,2024-10-29,79.27,76.64,ZARAR (SL),-334.75,157115.34
NEE,2025-01-21,2025-01-22,68.71,66.42,ZARAR (SL),-336.1,156776.24
NEE,2025-01-24,2025-01-28,70.63,68.41,ZARAR (SL),-317.43,156455.81
NEE,2025-02-21,2025-02-27,69.41,67.28,ZARAR (SL),-310.35,156142.46
NEE,2025-03-04,2025-03-10,69.27,74.46,KAR (TP),746.47,156885.93
NEE,2025-03-11,2025-03-18,72.38,69.13,ZARAR (SL),-452.82,156430.11
NEE,2025-04-03,2025-04-04,70.53,65.42,ZARAR (SL),-727.98,155699.13
NEE,2025-05-08,2025-05-13,66.8,70.5,KAR (TP),551.74,156247.88
NEE,2025-05-21,2025-05-22,69.95,65.45,ZARAR (SL),-646.0,155598.88
NEE,2025-05-30,2025-06-12,69.07,72.78,KAR (TP),534.58,156130.46
NEE,2025-06-20,2025-07-17,70.5,74.1,KAR (TP),507.27,156634.73
NEE,2025-08-27,2025-09-04,72.83,70.39,ZARAR (SL),-337.55,156294.19
NEE,2025-09-25,2025-10-01,74.15,78.14,KAR (TP),535.51,156826.7
NEE,2025-10-27,2025-10-29,85.45,81.21,ZARAR (SL),-499.34,156324.36
NEE,2025-11-07,2025-12-08,83.37,80.55,ZARAR (SL),-340.73,155980.63
SO,2024-03-13,2024-04-16,65.96,63.92,ZARAR (SL),-313.26,155664.37
SO,2024-04-18,2024-04-25,66.56,70.14,KAR (TP),535.47,156196.84
SO,2024-04-26,2024-05-07,69.05,72.58,KAR (TP),507.86,156701.7
SO,2024-05-31,2024-06-17,76.28,73.93,ZARAR (SL),-309.96,156388.74
SO,2024-07-11,2024-08-01,76.01,83.35,KAR (TP),962.44,157348.18
SO,2024-08-06,2024-09-23,82.28,86.87,KAR (TP),554.81,157899.99
SO,2024-09-24,2024-11-07,86.11,83.43,ZARAR (SL),-315.05,157581.94
SO,2025-01-16,2025-02-20,81.17,85.7,KAR (TP),554.29,158133.23
SO,2025-03-04,2025-04-08,87.72,84.76,ZARAR (SL),-340.08,157790.15
SO,2025-04-23,2025-05-12,88.93,85.66,ZARAR (SL),-370.61,157416.54
SO,2025-05-19,2025-07-18,88.05,92.6,KAR (TP),513.32,157926.86
SO,2025-07-28,2025-10-10,92.79,97.49,KAR (TP),502.76,158426.62
EXC,2024-02-21,2024-04-08,33.54,35.37,KAR (TP),542.39,158966.01
EXC,2024-04-19,2024-06-12,35.16,32.86,ZARAR (SL),-656.01,158307.0
EXC,2024-08-05,2024-09-10,35.48,37.3,KAR (TP),511.39,158815.39
EXC,2024-09-18,2024-11-01,37.73,36.44,ZARAR (SL),-344.77,158467.62
EXC,2025-01-22,2025-02-07,37.84,39.86,KAR (TP),529.89,158994.51
EXC,2025-02-10,2025-02-25,40.33,42.89,KAR (TP),630.92,159622.43
EXC,2025-03-04,2025-03-31,42.54,44.88,KAR (TP),546.45,160165.88
EXC,2025-04-04,2025-05-13,44.17,42.22,ZARAR (SL),-443.23,159719.65
EXC,2025-06-12,2025-06-25,42.88,41.55,ZARAR (SL),-312.35,159404.31
EXC,2025-07-08,2025-08-04,42.25,44.38,KAR (TP),501.65,159902.96
EXC,2025-08-06,2025-09-08,44.28,42.65,ZARAR (SL),-370.71,159529.24
EXC,2025-09-26,2025-10-07,43.71,46.38,KAR (TP),609.38,160135.63
EXC,2025-10-27,2025-10-31,47.65,45.72,ZARAR (SL),-408.66,159723.97
AEP,2024-02-15,2024-03-28,76.41,80.86,KAR (TP),579.6,160300.56
AEP,2024-04-19,2024-05-03,79.08,83.21,KAR (TP),519.57,160817.13
AEP,2024-07-11,2024-07-25,86.15,90.9,KAR (TP),547.42,161361.55
AEP,2024-08-05,2024-09-04,93.0,98.02,KAR (TP),537.25,161895.8
AEP,2024-09-19,2024-10-07,97.36,93.84,ZARAR (SL),-364.71,161528.1
AEP,2024-11-05,2024-11-06,96.08,92.11,ZARAR (SL),-416.35,161108.75
AEP,2025-01-13,2025-01-27,91.36,99.17,KAR (TP),852.72,161958.47
AEP,2025-01-30,2025-02-12,94.73,99.83,KAR (TP),535.35,162490.82
AEP,2025-02-13,2025-02-24,98.5,103.67,KAR (TP),521.8,163009.62
AEP,2025-03-04,2025-04-07,102.65,99.07,ZARAR (SL),-351.73,162654.89
AEP,2025-06-23,2025-07-21,101.66,106.81,KAR (TP),503.24,163155.14
AEP,2025-07-28,2025-08-01,106.23,111.77,KAR (TP),518.54,163670.68
AEP,2025-08-13,2025-09-04,112.23,107.79,ZARAR (SL),-398.19,163269.49
AEP,2025-09-30,2025-10-07,111.62,117.24,KAR (TP),500.11,163766.6
AEP,2025-10-29,2025-12-08,121.15,115.73,ZARAR (SL),-450.75,163312.85
SRE,2024-02-23,2024-04-12,67.55,65.03,ZARAR (SL),-374.77,162935.08
SRE,2024-04-19,2024-05-07,66.35,70.05,KAR (TP),554.93,163487.01
SRE,2024-05-31,2024-08-01,72.93,77.78,KAR (TP),661.57,164145.58
SRE,2024-08-05,2024-09-04,75.12,79.61,KAR (TP),594.21,164736.79
SRE,2024-09-09,2024-11-06,79.17,84.88,KAR (TP),718.52,165452.3
SRE,2024-11-07,2024-11-21,86.33,91.07,KAR (TP),546.24,165995.55
SRE,2024-11-26,2024-12-06,89.72,86.76,ZARAR (SL),-333.02,165659.53
SRE,2025-01-21,2025-01-22,83.77,80.18,ZARAR (SL),-431.85,165224.68
SRE,2025-02-14,2025-02-25,81.43,68.4,ZARAR (SL),-1603.48,163618.2
SRE,2025-04-01,2025-04-04,69.93,64.38,ZARAR (SL),-796.74,162818.46
SRE,2025-04-21,2025-04-24,68.85,72.82,KAR (TP),573.21,163388.68
SRE,2025-05-13,2025-05-27,73.41,77.11,KAR (TP),500.13,163885.81
SRE,2025-05-30,2025-06-05,76.8,74.22,ZARAR (SL),-338.92,163543.88
SRE,2025-08-07,2025-09-08,81.4,78.27,ZARAR (SL),-388.03,163152.85
SRE,2025-09-11,2025-09-26,82.27,87.32,KAR (TP),610.39,163760.24
SRE,2025-11-07,2025-11-20,93.04,90.05,ZARAR (SL),-324.17,163433.08
SRE,2025-11-24,2025-12-02,93.23,90.29,ZARAR (SL),-318.2,163111.88
WEC,2024-03-04,2024-05-07,74.98,78.85,KAR (TP),512.55,163621.43
WEC,2024-07-11,2024-07-30,76.31,81.31,KAR (TP),651.72,164270.15
WEC,2024-08-22,2024-10-16,89.13,94.68,KAR (TP),619.85,164887.0
WEC,2024-10-18,2024-10-29,95.74,91.4,ZARAR (SL),-455.68,164428.32
WEC,2024-11-08,2024-11-27,93.57,98.47,KAR (TP),520.45,164945.77
WEC,2025-01-16,2025-02-13,95.15,100.36,KAR (TP),544.82,165487.59
WEC,2025-03-04,2025-07-22,102.91,108.33,KAR (TP),523.79,166008.38
WEC,2025-07-29,2025-09-29,106.89,113.31,KAR (TP),597.7,166603.08
WEC,2025-10-02,2025-12-03,111.13,107.29,ZARAR (SL),-348.95,166251.13
D,2024-02-15,2024-02-23,41.31,43.47,KAR (TP),517.99,166766.12
D,2024-02-26,2024-03-18,42.29,44.67,KAR (TP),561.78,167324.9
D,2024-03-19,2024-03-26,44.67,42.99,ZARAR (SL),-380.24,166941.66
D,2024-04-04,2024-04-16,44.8,43.15,ZARAR (SL),-370.93,166567.73
D,2024-04-23,2024-05-15,46.66,49.01,KAR (TP),500.26,167064.98
D,2024-05-28,2024-06-14,48.71,47.03,ZARAR (SL),-347.56,166714.42
D,2024-07-11,2024-08-01,48.15,51.7,KAR (TP),734.94,167446.37
D,2024-08-05,2024-09-03,50.4,53.54,KAR (TP),621.24,168064.61
D,2024-09-11,2024-10-10,54.01,52.37,ZARAR (SL),-307.04,167754.57
D,2024-10-16,2024-10-29,57.15,55.33,ZARAR (SL),-321.74,167429.83
D,2024-10-31,2024-11-04,56.19,54.38,ZARAR (SL),-323.85,167102.98
D,2024-11-27,2024-12-03,56.35,54.09,ZARAR (SL),-403.12,166696.86
D,2025-01-16,2025-01-22,52.55,50.52,ZARAR (SL),-389.85,166304.01
D,2025-01-27,2025-02-04,53.19,51.5,ZARAR (SL),-320.6,165980.4
D,2025-02-10,2025-03-25,52.79,51.05,ZARAR (SL),-333.4,165644.0
D,2025-04-03,2025-04-04,54.33,50.93,ZARAR (SL),-628.78,165012.22
D,2025-05-12,2025-05-20,52.98,56.02,KAR (TP),571.29,165580.52
D,2025-05-21,2025-06-17,54.6,52.57,ZARAR (SL),-376.16,165201.36
D,2025-06-23,2025-07-24,54.63,57.43,KAR (TP),510.6,165708.96
D,2025-07-30,2025-08-07,56.95,60.36,KAR (TP),596.14,166302.11
D,2025-09-15,2025-10-31,59.9,58.03,ZARAR (SL),-314.98,165984.12
D,2025-11-06,2025-12-22,59.82,57.22,ZARAR (SL),-438.38,165542.74
ED,2024-03-05,2024-04-25,83.87,88.7,KAR (TP),572.35,166112.09
ED,2024-05-22,2024-05-28,91.38,88.6,ZARAR (SL),-306.76,165802.33
ED,2024-07-16,2024-07-26,87.02,91.67,KAR (TP),531.13,166330.47
ED,2024-08-15,2024-09-04,95.1,100.05,KAR (TP),518.01,166845.48
ED,2024-09-06,2024-11-01,98.98,95.84,ZARAR (SL),-320.58,166521.9
ED,2025-01-16,2025-02-21,89.14,95.83,KAR (TP),747.38,167266.28
ED,2025-02-24,2025-03-10,97.22,104.03,KAR (TP),697.24,167960.52
ED,2025-03-12,2025-03-18,100.1,105.15,KAR (TP),500.7,168458.22
ED,2025-03-21,2025-04-22,105.14,110.5,KAR (TP),507.2,168962.42
ED,2025-05-01,2025-05-08,109.78,105.09,ZARAR (SL),-430.33,168529.09
ED,2025-06-13,2025-06-18,102.26,99.08,ZARAR (SL),-313.7,168212.4
ED,2025-07-23,2025-08-28,100.87,97.36,ZARAR (SL),-350.99,167858.41
ED,2025-09-30,2025-10-29,99.69,96.2,ZARAR (SL),-353.18,167502.23
ED,2025-11-14,2025-12-02,100.82,96.87,ZARAR (SL),-394.82,167104.41
XEL,2024-04-04,2024-05-21,51.07,53.9,KAR (TP),549.35,167650.77
XEL,2024-05-22,2024-05-24,52.74,51.03,ZARAR (SL),-327.21,167320.56
XEL,2024-05-31,2024-06-17,52.67,51.09,ZARAR (SL),-303.74,167013.82
XEL,2024-07-17,2024-07-30,53.08,56.26,KAR (TP),595.34,167606.15
XEL,2024-08-13,2024-09-04,57.25,60.61,KAR (TP),583.66,168186.81
XEL,2024-09-24,2024-10-10,62.11,60.16,ZARAR (SL),-316.23,167867.58
XEL,2024-10-24,2024-10-30,63.02,61.02,ZARAR (SL),-319.39,167545.19
XEL,2024-10-31,2024-11-21,64.66,69.09,KAR (TP),681.03,168223.22
XEL,2025-01-21,2025-02-28,66.05,70.36,KAR (TP),650.07,168870.29
XEL,2025-03-04,2025-03-06,68.34,66.03,ZARAR (SL),-341.43,168525.87
XEL,2025-03-10,2025-05-16,67.68,71.22,KAR (TP),521.27,169044.14
XEL,2025-05-19,2025-05-21,71.06,68.8,ZARAR (SL),-320.13,168721.01
XEL,2025-07-16,2025-07-22,68.63,72.49,KAR (TP),559.38,169277.39
XEL,2025-07-28,2025-09-24,70.59,77.93,KAR (TP),1037.25,170311.64
XEL,2025-10-30,2025-12-02,81.59,79.04,ZARAR (SL),-315.54,169993.1
VNQ,2024-02-29,2024-04-12,79.17,76.27,ZARAR (SL),-370.23,169619.87
VNQ,2024-05-10,2024-07-11,77.37,82.02,KAR (TP),598.89,170215.76
VNQ,2024-07-31,2024-08-30,85.43,89.9,KAR (TP),519.07,170731.82
VNQ,2024-09-26,2024-11-01,91.99,88.73,ZARAR (SL),-357.99,170370.83
VNQ,2024-11-08,2024-12-18,91.37,85.03,ZARAR (SL),-696.57,169671.26
VNQ,2025-02-03,2025-04-04,86.94,81.85,ZARAR (SL),-589.0,169079.26
VNQ,2025-05-13,2025-07-23,85.99,90.34,KAR (TP),503.92,169580.18
VNQ,2025-07-29,2025-08-01,90.02,87.28,ZARAR (SL),-307.22,169269.96
SPG,2024-02-06,2024-02-22,129.81,137.17,KAR (TP),563.29,169828.75
SPG,2024-02-29,2024-03-19,134.11,141.32,KAR (TP),534.22,170359.97
SPG,2024-03-28,2024-04-02,143.51,137.6,ZARAR (SL),-415.17,169941.8
SPG,2024-05-08,2024-07-17,135.61,143.92,KAR (TP),609.73,170548.54
SPG,2024-07-31,2024-08-05,142.57,137.56,ZARAR (SL),-354.28,170191.26
SPG,2024-08-06,2024-08-23,144.52,154.7,KAR (TP),701.64,170889.9
SPG,2024-09-03,2024-09-24,152.31,160.05,KAR (TP),505.58,171392.49
SPG,2024-10-28,2024-11-11,162.32,170.62,KAR (TP),508.24,171897.73
SPG,2024-11-12,2024-12-19,167.68,161.09,ZARAR (SL),-396.01,171498.72
SPG,2025-02-05,2025-03-07,170.47,162.84,ZARAR (SL),-450.21,171045.51
SPG,2025-05-13,2025-07-03,155.02,162.77,KAR (TP),497.28,171539.79
SPG,2025-07-08,2025-08-13,159.56,168.48,KAR (TP),556.19,172092.98
SPG,2025-08-14,2025-09-04,168.09,177.2,KAR (TP),538.84,172628.82
SPG,2025-09-18,2025-10-29,177.9,171.53,ZARAR (SL),-361.15,172264.67
PLD,2024-02-13,2024-03-26,122.39,117.89,ZARAR (SL),-370.85,171889.32
PLD,2024-05-15,2024-05-23,103.62,99.52,ZARAR (SL),-398.49,171487.83
PLD,2024-05-31,2024-07-10,104.09,110.74,KAR (TP),635.51,172120.34
PLD,2024-07-31,2024-08-05,119.77,113.02,ZARAR (SL),-567.06,171550.28
PLD,2024-08-30,2024-10-03,121.45,116.82,ZARAR (SL),-384.16,171163.12
PLD,2024-11-25,2024-12-05,113.02,108.93,ZARAR (SL),-365.5,170794.63
PLD,2025-01-16,2025-01-21,107.11,113.24,KAR (TP),568.53,171360.16
PLD,2025-01-22,2025-01-27,111.17,117.08,KAR (TP),528.57,171885.73
PLD,2025-02-19,2025-03-10,117.45,113.82,ZARAR (SL),-312.13,171570.6
PLD,2025-05-14,2025-05-23,104.82,101.36,ZARAR (SL),-333.85,171233.74
PLD,2025-05-28,2025-08-22,105.14,110.43,KAR (TP),500.31,171731.06
PLD,2025-08-26,2025-10-01,109.51,115.58,KAR (TP),550.99,172279.05
PLD,2025-10-16,2025-11-25,120.23,126.41,KAR (TP),510.33,172786.38
EQIX,2024-01-26,2024-02-08,777.01,819.5,KAR (TP),543.87,173325.75
EQIX,2024-02-14,2024-02-15,797.93,838.32,KAR (TP),503.24,173825.99
EQIX,2024-02-16,2024-03-01,820.37,867.02,KAR (TP),565.68,174388.67
EQIX,2024-05-14,2024-05-29,760.43,735.68,ZARAR (SL),-328.48,174057.19
EQIX,2024-05-31,2024-07-12,738.54,779.06,KAR (TP),545.64,174599.83
EQIX,2024-07-31,2024-08-14,764.93,814.54,KAR (TP),645.54,175242.37
EQIX,2024-08-15,2024-09-11,803.5,844.24,KAR (TP),504.15,175743.52
EQIX,2024-09-30,2024-11-22,863.64,915.38,KAR (TP),596.1,176336.62
EQIX,2025-01-21,2025-01-27,913.06,879.92,ZARAR (SL),-365.96,175967.66
EQIX,2025-02-12,2025-02-25,914.23,886.33,ZARAR (SL),-308.18,175656.49
EQIX,2025-04-30,2025-06-04,845.83,901.21,KAR (TP),651.79,176305.28
EQIX,2025-06-11,2025-06-25,882.93,814.38,ZARAR (SL),-779.44,175522.84
EQIX,2025-09-15,2025-10-23,786.91,826.92,KAR (TP),505.41,176025.25
EQIX,2025-10-28,2025-11-13,811.22,781.81,ZARAR (SL),-365.57,175656.69
AMT,2024-02-29,2024-03-22,187.63,181.91,ZARAR (SL),-308.24,175343.95
AMT,2024-05-10,2024-05-16,175.64,185.59,KAR (TP),563.43,175904.37
AMT,2024-05-30,2024-06-04,181.63,190.79,KAR (TP),501.77,176403.14
AMT,2024-06-10,2024-07-11,185.38,198.9,KAR (TP),726.25,177126.39
AMT,2024-08-05,2024-08-15,217.12,209.32,ZARAR (SL),-362.43,176760.96
AMT,2024-09-03,2024-09-10,221.14,233.1,KAR (TP),537.87,177295.83
AMT,2024-09-13,2024-09-27,228.94,221.09,ZARAR (SL),-345.98,176946.85
AMT,2025-01-22,2025-02-25,180.75,198.76,KAR (TP),993.28,177937.13
AMT,2025-02-26,2025-03-07,195.81,207.09,KAR (TP),572.9,178507.03
AMT,2025-03-17,2025-04-03,207.48,222.6,KAR (TP),725.76,179229.79
AMT,2025-04-04,2025-04-07,214.77,208.16,ZARAR (SL),-310.94,178915.84
AMT,2025-04-15,2025-04-24,214.42,207.43,ZARAR (SL),-328.67,178584.17
AMT,2025-05-07,2025-05-12,215.87,204.49,ZARAR (SL),-530.13,178051.04
AMT,2025-06-13,2025-07-21,212.92,224.52,KAR (TP),541.69,178589.73
AMT,2025-07-22,2025-07-28,230.32,222.25,ZARAR (SL),-353.33,178233.4
AMT,2025-10-16,2025-10-28,191.47,182.72,ZARAR (SL),-459.99,177770.41
AMT,2025-12-08,2025-12-18,183.2,174.29,ZARAR (SL),-489.35,177278.05
CCI,2024-02-16,2024-03-22,96.99,93.46,ZARAR (SL),-366.85,176908.2
CCI,2024-05-30,2024-07-12,90.58,95.64,KAR (TP),555.99,177461.19
CCI,2024-07-15,2024-07-30,95.24,101.06,KAR (TP),607.94,178066.13
CCI,2024-08-05,2024-09-09,102.31,108.56,KAR (TP),608.18,178671.31
CCI,2024-09-18,2024-10-04,110.23,104.34,ZARAR (SL),-537.9,178130.41
CCI,2025-01-27,2025-01-29,87.9,83.58,ZARAR (SL),-494.18,177633.23
CCI,2025-02-20,2025-03-03,86.76,91.16,KAR (TP),504.51,178134.74
CCI,2025-03-04,2025-03-14,89.59,99.8,KAR (TP),1136.71,179268.45
CCI,2025-03-25,2025-04-03,97.13,103.52,KAR (TP),655.04,179920.49
CCI,2025-05-07,2025-05-12,101.28,97.16,ZARAR (SL),-410.64,179506.85
CCI,2025-06-26,2025-07-21,98.07,103.98,KAR (TP),599.89,180103.74
CCI,2025-07-28,2025-07-31,106.33,102.7,ZARAR (SL),-343.99,179756.75
CCI,2025-08-01,2025-08-12,104.45,100.01,ZARAR (SL),-428.71,179325.04
CCI,2025-10-07,2025-10-30,94.03,90.25,ZARAR (SL),-404.51,178917.52
HST,2024-02-15,2024-03-01,18.23,19.19,KAR (TP),524.64,179439.16
HST,2024-03-18,2024-04-15,18.92,18.11,ZARAR (SL),-431.56,179004.6
HST,2024-06-28,2024-07-24,16.82,16.07,ZARAR (SL),-447.94,178553.66
HST,2024-09-04,2024-09-17,15.84,16.66,KAR (TP),516.79,179067.45
HST,2024-09-18,2024-12-05,16.73,17.79,KAR (TP),628.83,179693.28
HST,2024-12-16,2024-12-18,17.65,16.6,ZARAR (SL),-597.85,179092.42
HST,2025-05-27,2025-07-02,15.1,15.98,KAR (TP),583.84,179673.26
HST,2025-07-23,2025-07-31,16.41,15.54,ZARAR (SL),-533.12,179137.14
HST,2025-09-17,2025-10-06,17.32,16.62,ZARAR (SL),-406.58,178727.56
HST,2025-11-06,2025-12-12,17.32,18.36,KAR (TP),597.46,179322.02
O,2024-03-12,2024-04-16,47.94,46.28,ZARAR (SL),-350.21,178967.32
O,2024-04-19,2024-05-06,48.32,50.75,KAR (TP),501.08,179465.4
O,2024-05-15,2024-05-23,50.44,47.88,ZARAR (SL),-511.07,178951.32
O,2024-07-11,2024-07-26,50.85,53.68,KAR (TP),555.18,179503.5
O,2024-08-15,2024-09-04,55.45,58.49,KAR (TP),544.09,180044.59
O,2024-09-09,2024-09-19,58.63,56.61,ZARAR (SL),-346.62,179694.97
O,2024-09-24,2024-10-29,58.35,56.58,ZARAR (SL),-306.31,179385.66
O,2025-01-27,2025-01-29,53.19,51.34,ZARAR (SL),-349.43,179033.24
O,2025-01-31,2025-02-24,51.89,54.69,KAR (TP),536.58,179566.81
O,2025-02-25,2025-04-07,53.67,50.99,ZARAR (SL),-503.06,179060.75
O,2025-05-07,2025-05-14,54.91,52.79,ZARAR (SL),-390.73,178667.02
O,2025-06-09,2025-08-20,55.25,58.81,KAR (TP),641.4,179305.42
O,2025-08-22,2025-11-04,57.84,55.87,ZARAR (SL),-343.27,178959.15
O,2025-12-03,2025-12-19,58.09,56.33,ZARAR (SL),-305.98,178650.17
ARE,2024-02-22,2024-03-08,110.24,115.79,KAR (TP),500.84,179148.01
ARE,2024-03-14,2024-03-28,112.44,118.59,KAR (TP),543.76,179688.77
ARE,2024-06-28,2024-07-11,108.82,116.13,KAR (TP),668.97,180354.74
ARE,2024-07-23,2024-07-24,112.95,107.52,ZARAR (SL),-484.01,179867.72
ARE,2024-08-22,2024-09-13,110.11,115.75,KAR (TP),509.0,180373.72
ARE,2024-09-16,2024-09-30,116.02,111.68,ZARAR (SL),-377.51,179993.21
ARE,2024-10-17,2024-10-24,114.03,109.42,ZARAR (SL),-407.12,179583.08
ARE,2025-01-23,2025-01-28,95.76,92.71,ZARAR (SL),-321.57,179258.52
ARE,2025-03-03,2025-03-13,96.76,92.14,ZARAR (SL),-480.83,178774.69
ARE,2025-06-20,2025-06-24,68.99,72.86,KAR (TP),557.46,179329.15
ARE,2025-06-25,2025-07-02,71.22,75.08,KAR (TP),538.17,179864.31
ARE,2025-07-07,2025-07-10,73.87,78.05,KAR (TP),563.36,180424.68
ARE,2025-07-14,2025-07-23,77.38,81.64,KAR (TP),547.82,180969.5
ARE,2025-09-09,2025-10-07,82.41,78.09,ZARAR (SL),-527.32,180439.18
PSA,2024-02-29,2024-04-12,261.95,253.73,ZARAR (SL),-316.59,180119.59
PSA,2024-05-23,2024-05-29,255.8,245.96,ZARAR (SL),-387.9,179728.7
PSA,2024-07-18,2024-08-14,286.21,302.48,KAR (TP),565.47,180291.17
PSA,2024-08-22,2024-09-09,314.13,331.34,KAR (TP),544.95,180833.12
PSA,2024-09-27,2024-10-04,339.02,328.34,ZARAR (SL),-318.16,180511.96
PSA,2024-11-25,2024-12-03,330.65,319.49,ZARAR (SL),-340.52,180168.44
PSA,2025-01-30,2025-03-07,286.0,301.29,KAR (TP),531.48,180696.91
PSA,2025-03-10,2025-03-12,300.92,291.18,ZARAR (SL),-326.66,180367.25
PSA,2025-04-30,2025-07-15,291.16,277.93,ZARAR (SL),-457.47,179906.78
PSA,2025-09-02,2025-10-13,282.11,296.36,KAR (TP),502.13,180405.91
PSA,2025-12-03,2025-12-08,275.21,266.61,ZARAR (SL),-315.67,180087.24
PSA,2025-12-12,2025-12-18,271.97,261.37,ZARAR (SL),-392.75,179691.49
WY,2024-02-22,2024-03-20,31.79,33.51,KAR (TP),538.86,180227.35
WY,2024-03-22,2024-04-08,33.8,32.67,ZARAR (SL),-337.18,179887.18
WY,2024-07-12,2024-07-26,27.98,30.2,KAR (TP),789.35,180673.53
WY,2024-08-05,2024-08-12,29.75,28.8,ZARAR (SL),-321.02,180349.51
WY,2024-09-11,2024-09-13,29.68,31.21,KAR (TP),512.23,180858.74
WY,2024-11-25,2024-12-05,31.0,29.96,ZARAR (SL),-337.29,180518.45
WY,2024-12-09,2024-12-12,30.72,29.42,ZARAR (SL),-425.18,180090.27
WY,2025-01-17,2025-02-19,29.23,28.26,ZARAR (SL),-334.13,179753.15
WY,2025-03-03,2025-03-06,30.38,29.25,ZARAR (SL),-375.73,179374.42
WY,2025-03-07,2025-03-11,29.87,28.83,ZARAR (SL),-352.1,179019.31
WY,2025-05-07,2025-06-09,25.16,26.54,KAR (TP),542.93,179559.24
WY,2025-07-25,2025-07-30,26.01,25.09,ZARAR (SL),-354.34,179201.9
WY,2025-08-20,2025-09-02,25.57,24.66,ZARAR (SL),-359.24,178839.66
WY,2025-09-08,2025-09-10,25.71,24.86,ZARAR (SL),-330.55,178506.11
BXP,2024-01-29,2024-01-30,65.59,63.58,ZARAR (SL),-309.05,178192.56
BXP,2024-03-01,2024-03-06,60.18,57.33,ZARAR (SL),-475.45,177714.11
BXP,2024-03-21,2024-03-22,60.05,57.47,ZARAR (SL),-432.59,177278.52
BXP,2024-03-28,2024-04-01,60.29,58.43,ZARAR (SL),-312.29,176963.23
BXP,2024-04-09,2024-04-10,60.28,56.62,ZARAR (SL),-610.96,176349.26
BXP,2024-04-23,2024-05-01,58.09,54.7,ZARAR (SL),-587.78,175758.49
BXP,2024-05-13,2024-05-23,57.93,55.17,ZARAR (SL),-479.49,175275.99
BXP,2024-06-28,2024-07-11,57.75,61.2,KAR (TP),593.17,175866.16
BXP,2024-07-31,2024-08-02,66.9,62.79,ZARAR (SL),-617.22,175245.94
BXP,2024-08-06,2024-08-23,64.12,68.6,KAR (TP),694.88,175937.82
BXP,2024-09-09,2024-09-12,69.71,73.75,KAR (TP),577.08,176511.9
BXP,2024-10-08,2024-10-15,76.85,82.13,KAR (TP),684.1,177193.0
BXP,2024-10-29,2024-10-30,81.85,78.59,ZARAR (SL),-402.12,176787.88
BXP,2024-12-09,2024-12-11,78.83,75.97,ZARAR (SL),-366.81,176418.07
BXP,2025-03-31,2025-04-03,65.62,61.13,ZARAR (SL),-686.14,175728.93
BXP,2025-05-14,2025-06-03,64.56,68.73,KAR (TP),642.89,176368.82
BXP,2025-06-04,2025-06-25,69.56,65.08,ZARAR (SL),-647.39,175718.43
BXP,2025-07-29,2025-07-30,69.78,65.81,ZARAR (SL),-570.94,175144.49
BXP,2025-09-09,2025-09-11,71.73,75.52,KAR (TP),526.01,175667.5
BXP,2025-09-19,2025-10-08,75.73,73.03,ZARAR (SL),-359.54,175304.96
BXP,2025-11-07,2025-11-17,72.36,69.11,ZARAR (SL),-452.14,174849.81
BXP,2025-12-01,2025-12-05,71.97,69.28,ZARAR (SL),-376.77,174470.05
BXP,2025-12-15,2025-12-18,71.62,69.19,ZARAR (SL),-342.29,174124.76
REG,2024-03-11,2024-03-14,57.14,55.26,ZARAR (SL),-332.64,173789.12
REG,2024-05-03,2024-06-13,55.01,58.1,KAR (TP),557.83,174343.95
REG,2024-06-21,2024-07-17,58.59,62.57,KAR (TP),676.11,175017.06
REG,2024-07-24,2024-07-30,61.09,64.48,KAR (TP),552.64,175566.7
REG,2024-07-31,2024-08-21,63.49,66.74,KAR (TP),507.84,176071.54
REG,2024-09-17,2024-09-26,70.1,67.48,ZARAR (SL),-377.59,175690.95
REG,2024-10-18,2024-12-17,69.05,72.51,KAR (TP),498.98,176186.93
REG,2025-02-06,2025-02-28,70.06,73.66,KAR (TP),511.05,176694.98
REG,2025-03-04,2025-03-07,73.33,71.03,ZARAR (SL),-316.03,176375.95
REG,2025-05-13,2025-06-17,70.84,68.68,ZARAR (SL),-307.29,176065.66
REG,2025-06-20,2025-07-15,69.66,67.19,ZARAR (SL),-357.23,175705.43
REG,2025-07-24,2025-12-05,70.04,67.93,ZARAR (SL),-303.79,175398.64
VTR,2024-03-28,2024-04-16,41.62,39.84,ZARAR (SL),-430.19,174965.45
VTR,2024-04-23,2024-05-02,41.63,44.18,KAR (TP),607.65,175570.1
VTR,2024-05-30,2024-07-02,46.83,49.94,KAR (TP),660.0,176227.09
VTR,2024-07-31,2024-08-06,52.49,55.13,KAR (TP),498.47,176722.56
VTR,2024-09-26,2024-12-09,61.55,59.29,ZARAR (SL),-369.37,176350.2
VTR,2025-01-27,2025-01-29,60.5,58.32,ZARAR (SL),-362.11,175985.09
VTR,2025-01-31,2025-02-13,59.13,63.55,KAR (TP),745.1,176727.19
VTR,2025-02-14,2025-03-03,65.11,68.85,KAR (TP),572.68,177296.87
VTR,2025-03-10,2025-04-07,66.07,63.23,ZARAR (SL),-432.41,176861.46
VTR,2025-07-30,2025-09-15,66.02,69.37,KAR (TP),503.92,177362.37
VTR,2025-09-23,2025-10-20,68.06,71.5,KAR (TP),501.73,177861.11
VTR,2025-10-21,2025-10-30,70.24,74.36,KAR (TP),583.56,178441.67
VTR,2025-11-05,2025-11-17,74.98,79.0,KAR (TP),533.14,178971.81
VTR,2025-12-08,2025-12-10,81.0,77.73,ZARAR (SL),-406.7,178562.11
AVB,2024-03-04,2024-05-03,174.56,183.49,KAR (TP),508.5,179067.61
AVB,2024-06-04,2024-06-28,187.41,198.53,KAR (TP),590.05,179654.66
AVB,2024-07-01,2024-08-15,196.06,206.0,KAR (TP),504.05,180155.71
AVB,2024-08-16,2024-09-03,206.51,217.96,KAR (TP),551.34,180704.05
AVB,2024-09-17,2024-10-03,221.46,213.39,ZARAR (SL),-367.47,180333.58
AVB,2024-10-23,2024-10-31,221.94,214.27,ZARAR (SL),-348.47,179982.11
AVB,2024-11-05,2024-11-27,218.88,229.94,KAR (TP),501.9,180481.01
AVB,2024-12-02,2024-12-18,223.16,212.55,ZARAR (SL),-478.3,179999.71
AVB,2025-01-30,2025-03-11,214.26,207.49,ZARAR (SL),-318.63,179678.08
AVB,2025-05-07,2025-05-14,204.25,198.07,ZARAR (SL),-305.56,179369.52
AVB,2025-05-16,2025-05-21,204.45,198.2,ZARAR (SL),-308.62,179057.9
AVB,2025-06-09,2025-07-28,203.29,196.97,ZARAR (SL),-313.91,178740.99
AVB,2025-09-10,2025-10-10,190.9,184.53,ZARAR (SL),-336.6,178401.39
EPR,2024-03-11,2024-04-02,37.48,36.33,ZARAR (SL),-308.03,178088.86
EPR,2024-05-02,2024-05-23,37.63,36.19,ZARAR (SL),-387.8,177698.06
EPR,2024-06-24,2024-07-12,37.16,39.09,KAR (TP),514.58,178209.64
EPR,2024-07-19,2024-08-21,39.82,42.14,KAR (TP),579.69,178786.33
EPR,2024-09-12,2024-10-31,43.75,42.13,ZARAR (SL),-371.54,178411.78
EPR,2024-12-09,2024-12-18,42.26,40.35,ZARAR (SL),-454.13,177954.65
EPR,2025-01-06,2025-01-21,42.04,44.77,KAR (TP),645.77,178597.43
EPR,2025-01-23,2025-02-13,43.73,46.11,KAR (TP),543.21,179137.64
EPR,2025-02-18,2025-02-27,46.34,49.32,KAR (TP),640.25,179774.89
EPR,2025-03-11,2025-04-03,49.49,46.72,ZARAR (SL),-562.47,179209.41
EPR,2025-05-29,2025-06-20,53.2,56.43,KAR (TP),603.75,179810.16
EPR,2025-06-24,2025-07-14,56.26,59.55,KAR (TP),581.1,180388.26
EPR,2025-09-09,2025-09-12,54.37,57.49,KAR (TP),572.15,180957.41
EPR,2025-09-16,2025-10-08,55.81,53.71,ZARAR (SL),-379.93,180574.48
EPR,2025-12-02,2025-12-09,52.36,50.7,ZARAR (SL),-320.04,180251.44
KIM,2024-03-28,2024-04-02,18.09,17.43,ZARAR (SL),-370.16,179878.28
KIM,2024-05-02,2024-05-28,17.49,16.82,ZARAR (SL),-388.02,179487.26
KIM,2024-05-31,2024-06-10,17.86,17.32,ZARAR (SL),-305.9,179178.36
KIM,2024-06-21,2024-07-11,17.73,18.96,KAR (TP),687.2,179862.56
KIM,2024-07-31,2024-08-22,20.3,21.32,KAR (TP),498.61,180358.17
KIM,2024-09-23,2024-09-26,22.31,21.59,ZARAR (SL),-324.62,180030.55
KIM,2024-10-15,2024-11-21,22.68,23.89,KAR (TP),534.05,180561.6
KIM,2024-11-25,2024-12-11,24.11,23.31,ZARAR (SL),-334.24,180224.36
KIM,2025-05-13,2025-05-21,20.7,19.88,ZARAR (SL),-399.09,179822.27
KIM,2025-05-29,2025-08-22,20.6,21.68,KAR (TP),521.5,180340.78
KIM,2025-08-26,2025-10-10,21.59,20.51,ZARAR (SL),-500.3,179837.48
KIM,2025-10-20,2025-10-30,21.72,20.72,ZARAR (SL),-462.09,179372.39
FRT,2024-01-30,2024-02-05,96.1,92.57,ZARAR (SL),-369.79,178998.09
FRT,2024-03-06,2024-04-16,94.44,90.41,ZARAR (SL),-429.89,178565.2
FRT,2024-04-22,2024-05-24,94.82,91.93,ZARAR (SL),-307.53,178254.67
FRT,2024-06-21,2024-07-12,95.01,100.76,KAR (TP),601.49,178853.16
FRT,2024-07-31,2024-09-13,105.82,111.26,KAR (TP),511.11,179361.27
FRT,2024-09-16,2024-09-20,111.1,107.12,ZARAR (SL),-360.45,178997.82
FRT,2024-10-30,2024-11-01,109.33,105.67,ZARAR (SL),-337.35,178657.47
FRT,2024-11-05,2024-12-18,108.83,105.19,ZARAR (SL),-337.12,178317.34
FRT,2025-02-07,2025-02-14,107.25,101.5,ZARAR (SL),-539.13,177775.21
FRT,2025-05-08,2025-08-01,93.08,89.6,ZARAR (SL),-376.67,177395.54
FRT,2025-09-15,2025-10-10,99.95,95.58,ZARAR (SL),-440.46,176952.08
FRT,2025-10-17,2025-10-29,98.94,95.47,ZARAR (SL),-353.72,176595.36
LUMN,2024-03-19,2024-03-22,1.69,1.61,ZARAR (SL),-476.37,176114.49
LUMN,2024-06-05,2024-06-07,1.33,1.27,ZARAR (SL),-454.13,175657.36
LUMN,2024-09-20,2024-09-23,6.66,7.28,KAR (TP),927.93,176582.29
LUMN,2024-10-18,2024-10-22,6.74,6.13,ZARAR (SL),-908.04,175671.25
LUMN,2024-11-01,2024-11-04,7.0,7.48,KAR (TP),682.71,176350.96
LUMN,2025-01-24,2025-01-27,5.92,4.97,ZARAR (SL),-1607.73,174740.23
LUMN,2025-03-05,2025-03-10,5.16,4.93,ZARAR (SL),-448.74,174288.49
LUMN,2025-03-12,2025-03-13,4.98,4.65,ZARAR (SL),-665.65,173619.84
LUMN,2025-03-21,2025-03-25,4.92,4.4,ZARAR (SL),-1059.91,172556.93
LUMN,2025-05-02,2025-05-05,3.78,4.23,KAR (TP),1187.48,173741.41
LUMN,2025-06-23,2025-06-27,4.24,4.51,KAR (TP),633.79,174372.2
LUMN,2025-07-22,2025-08-01,4.45,3.71,ZARAR (SL),-1665.92,172703.28
LUMN,2025-08-18,2025-08-20,4.69,4.43,ZARAR (SL),-557.37,172142.91
LUMN,2025-09-04,2025-09-05,4.97,4.75,ZARAR (SL),-445.66,171694.26
LUMN,2025-09-08,2025-09-09,5.12,5.63,KAR (TP),993.09,172684.35
LUMN,2025-09-15,2025-09-16,5.85,5.54,ZARAR (SL),-532.91,172148.44
LUMN,2025-09-17,2025-09-22,5.59,6.22,KAR (TP),1124.01,173269.45
LUMN,2025-09-23,2025-09-30,5.8,6.12,KAR (TP),548.72,173815.17
LUMN,2025-10-22,2025-10-23,7.04,7.79,KAR (TP),1062.34,174874.51
LUMN,2025-10-24,2025-10-27,8.09,9.36,KAR (TP),1566.84,176438.35
LUMN,2025-11-04,2025-11-11,10.54,9.25,ZARAR (SL),-1226.91,175208.44
FOX,2024-02-02,2024-02-07,28.77,26.71,ZARAR (SL),-720.18,174485.26
FOX,2024-04-30,2024-05-08,28.19,30.06,KAR (TP),662.97,175145.23
FOX,2024-05-13,2024-06-03,30.21,31.73,KAR (TP),497.98,175640.2
FOX,2024-06-04,2024-06-11,31.62,30.57,ZARAR (SL),-335.61,175301.6
FOX,2024-06-21,2024-07-16,31.51,33.63,KAR (TP),670.74,175969.33
FOX,2024-08-02,2024-08-08,34.28,36.06,KAR (TP),515.92,176482.25
FOX,2024-08-09,2024-08-30,35.97,37.77,KAR (TP),497.0,176976.25
FOX,2024-09-06,2024-09-12,36.98,35.67,ZARAR (SL),-356.32,176616.93
FOX,2024-09-17,2024-11-04,37.06,39.55,KAR (TP),670.08,177284.01
FOX,2024-11-25,2024-12-17,43.27,46.0,KAR (TP),628.44,177909.45
FOX,2024-12-18,2025-02-03,46.06,48.69,KAR (TP),568.67,178475.12
FOX,2025-02-25,2025-03-10,52.74,49.75,ZARAR (SL),-570.21,177901.92
FOX,2025-05-05,2025-05-12,45.59,48.47,KAR (TP),629.91,178528.83
FOX,2025-05-22,2025-08-13,50.26,53.51,KAR (TP),644.4,179170.23
FOX,2025-09-03,2025-09-09,54.87,53.02,ZARAR (SL),-340.16,178827.06
FOX,2025-09-18,2025-09-29,54.02,57.0,KAR (TP),548.65,179372.71
FOX,2025-11-17,2025-12-08,58.06,61.26,KAR (TP),548.15,179917.87
ETSY,2024-02-09,2024-02-13,78.09,74.39,ZARAR (SL),-476.81,179438.05
ETSY,2024-02-20,2024-02-22,75.87,70.62,ZARAR (SL),-694.97,178740.08
ETSY,2024-04-16,2024-05-02,68.36,59.24,ZARAR (SL),-1337.11,177399.97
ETSY,2024-05-31,2024-06-13,63.47,60.14,ZARAR (SL),-527.66,176869.31
ETSY,2024-07-16,2024-07-19,65.47,62.76,ZARAR (SL),-416.93,176449.38
ETSY,2024-07-22,2024-07-24,62.39,60.26,ZARAR (SL),-344.4,176101.98
ETSY,2024-07-31,2024-08-01,65.14,60.16,ZARAR (SL),-767.51,175331.47
ETSY,2024-09-13,2024-09-16,55.65,53.88,ZARAR (SL),-321.06,175007.41
ETSY,2024-10-31,2024-11-15,51.44,49.63,ZARAR (SL),-354.87,174649.55
ETSY,2024-11-25,2024-12-04,55.68,59.06,KAR (TP),604.04,175250.59
ETSY,2024-12-19,2024-12-24,57.14,55.13,ZARAR (SL),-354.77,174892.82
ETSY,2025-01-28,2025-02-04,55.79,53.96,ZARAR (SL),-331.02,174558.8
ETSY,2025-02-13,2025-02-19,55.32,51.53,ZARAR (SL),-688.11,173867.7
ETSY,2025-04-03,2025-04-04,48.41,44.42,ZARAR (SL),-827.21,173037.49
ETSY,2025-04-22,2025-04-30,45.93,43.48,ZARAR (SL),-536.42,172498.07
ETSY,2025-05-12,2025-05-27,47.59,50.48,KAR (TP),604.27,173099.34
ETSY,2025-06-13,2025-06-16,55.99,53.89,ZARAR (SL),-378.07,172718.27
ETSY,2025-07-29,2025-07-31,60.3,58.27,ZARAR (SL),-339.65,172375.62
ETSY,2025-08-07,2025-08-12,60.49,66.49,KAR (TP),988.9,173361.52
ETSY,2025-08-13,2025-08-15,70.09,66.43,ZARAR (SL),-525.19,172833.33
ETSY,2025-09-30,2025-10-01,66.39,70.49,KAR (TP),614.56,173444.9
ETSY,2025-10-03,2025-10-06,72.38,70.0,ZARAR (SL),-331.82,173110.08
ETSY,2025-10-28,2025-10-29,74.78,65.21,ZARAR (SL),-1282.75,171824.32
EBAY,2024-02-16,2024-02-28,41.98,46.27,KAR (TP),1018.86,172838.69
EBAY,2024-04-29,2024-05-01,51.24,49.6,ZARAR (SL),-323.38,172512.31
EBAY,2024-05-28,2024-07-16,51.38,54.11,KAR (TP),526.66,173035.97
EBAY,2024-07-26,2024-08-20,52.9,55.59,KAR (TP),506.41,173539.38
EBAY,2024-08-21,2024-09-12,57.29,61.97,KAR (TP),813.71,174350.09
EBAY,2024-11-25,2024-12-30,63.74,61.13,ZARAR (SL),-413.58,173933.51
EBAY,2025-01-08,2025-01-10,68.36,64.91,ZARAR (SL),-507.32,173423.19
EBAY,2025-02-18,2025-02-27,68.74,62.52,ZARAR (SL),-907.14,172513.05
EBAY,2025-03-07,2025-03-10,69.45,67.16,ZARAR (SL),-332.03,172178.01
EBAY,2025-05-12,2025-05-29,68.43,71.97,KAR (TP),514.64,172689.65
EBAY,2025-06-23,2025-06-24,76.35,73.86,ZARAR (SL),-329.57,172357.09
EBAY,2025-07-28,2025-07-31,78.48,91.14,KAR (TP),1610.92,173965.01
EBAY,2025-10-07,2025-10-09,92.71,89.81,ZARAR (SL),-315.77,173646.24
EBAY,2025-10-17,2025-10-24,91.69,96.86,KAR (TP),561.07,174204.31
EA,2024-01-26,2024-02-05,138.04,133.6,ZARAR (SL),-324.33,173875.48
EA,2024-02-09,2024-03-06,139.21,134.35,ZARAR (SL),-352.13,173520.35
EA,2024-05-16,2024-06-04,128.05,135.52,KAR (TP),580.51,174097.86
EA,2024-06-28,2024-07-16,138.33,145.62,KAR (TP),523.81,174618.67
EA,2024-07-22,2024-07-31,142.22,149.86,KAR (TP),533.82,175149.49
EA,2024-08-01,2024-09-11,147.33,142.85,ZARAR (SL),-307.37,174839.12
EA,2024-10-18,2024-11-04,143.5,151.99,KAR (TP),588.62,175424.74
EA,2024-11-25,2024-12-13,163.17,156.87,ZARAR (SL),-389.15,175032.59
EA,2025-02-21,2025-03-07,130.33,139.57,KAR (TP),706.61,175736.2
EA,2025-05-01,2025-05-05,144.62,154.23,KAR (TP),661.37,176394.56
EA,2025-05-06,2025-05-12,154.03,148.77,ZARAR (SL),-344.01,176047.55
EA,2025-05-13,2025-05-29,148.56,142.55,ZARAR (SL),-407.87,175636.68
EA,2025-06-20,2025-06-30,150.25,159.37,KAR (TP),604.07,176237.75
EA,2025-07-22,2025-07-25,156.7,151.37,ZARAR (SL),-343.09,175891.66
EA,2025-08-01,2025-08-08,156.76,167.3,KAR (TP),669.27,176557.93
EA,2025-09-16,2025-09-26,171.92,193.17,KAR (TP),1233.05,177787.98
TTWO,2024-02-02,2024-02-09,167.0,154.91,ZARAR (SL),-726.95,177056.53
TTWO,2024-05-15,2024-05-28,148.08,156.79,KAR (TP),585.19,177638.73
TTWO,2024-06-10,2024-06-18,160.54,155.37,ZARAR (SL),-325.04,177310.69
TTWO,2024-08-20,2024-09-20,154.81,148.78,ZARAR (SL),-392.51,176915.18
TTWO,2024-12-05,2024-12-18,190.03,181.9,ZARAR (SL),-430.83,176481.35
TTWO,2025-01-03,2025-01-07,188.75,181.75,ZARAR (SL),-373.86,176104.49
TTWO,2025-01-17,2025-02-07,186.41,208.77,KAR (TP),1196.51,177298.0
TTWO,2025-03-04,2025-03-10,208.55,201.93,ZARAR (SL),-320.43,176974.57
TTWO,2025-03-21,2025-04-04,213.47,194.58,ZARAR (SL),-887.9,176083.66
TTWO,2025-04-09,2025-04-24,208.13,222.69,KAR (TP),696.56,176777.23
TTWO,2025-05-02,2025-05-06,219.5,231.84,KAR (TP),559.19,177333.41
TTWO,2025-05-07,2025-06-16,226.34,238.6,KAR (TP),538.66,177869.08
TTWO,2025-06-27,2025-07-11,241.44,233.92,ZARAR (SL),-314.46,177551.61
TTWO,2025-08-26,2025-09-08,230.82,248.78,KAR (TP),775.1,178323.71
TTWO,2025-09-22,2025-11-07,251.64,232.0,ZARAR (SL),-783.48,177537.23
AMAT,2024-02-08,2024-02-09,170.83,182.57,KAR (TP),684.22,178216.94
AMAT,2024-02-12,2024-02-16,182.28,196.06,KAR (TP),753.17,178967.12
AMAT,2024-02-20,2024-02-22,185.81,196.55,KAR (TP),574.8,179538.91
AMAT,2024-02-29,2024-03-06,198.41,208.79,KAR (TP),520.26,180056.18
AMAT,2024-03-28,2024-04-17,202.95,196.71,ZARAR (SL),-310.42,179742.75
AMAT,2024-05-15,2024-06-10,214.03,224.94,KAR (TP),506.72,180246.48
AMAT,2024-06-21,2024-07-09,232.09,247.92,KAR (TP),679.21,180922.69
AMAT,2024-07-11,2024-07-17,237.85,216.96,ZARAR (SL),-881.31,180038.39
AMAT,2024-08-30,2024-09-03,194.85,181.13,ZARAR (SL),-707.15,179328.24
AMAT,2024-10-01,2024-10-14,194.79,211.27,KAR (TP),843.35,180168.59
AMAT,2024-11-14,2024-11-15,183.72,166.81,ZARAR (SL),-923.43,179242.16
AMAT,2024-12-02,2024-12-05,181.45,170.33,ZARAR (SL),-616.3,178622.85
AMAT,2025-01-06,2025-01-10,175.72,169.95,ZARAR (SL),-331.49,178288.37
AMAT,2025-02-13,2025-02-14,182.44,167.52,ZARAR (SL),-820.82,177464.54
AMAT,2025-04-09,2025-04-10,148.59,137.19,ZARAR (SL),-770.38,176691.16
AMAT,2025-05-16,2025-05-23,164.31,156.75,ZARAR (SL),-462.75,176225.41
AMAT,2025-05-27,2025-05-30,161.05,156.0,ZARAR (SL),-316.91,175905.5
AMAT,2025-06-20,2025-06-24,168.65,179.31,KAR (TP),629.6,176532.1
AMAT,2025-06-27,2025-07-08,182.33,194.05,KAR (TP),639.98,177169.08
AMAT,2025-09-17,2025-09-18,177.78,189.39,KAR (TP),649.89,177815.97
AMAT,2025-10-10,2025-10-15,209.54,227.13,KAR (TP),836.72,178649.69
AMAT,2025-10-29,2025-11-11,235.29,228.22,ZARAR (SL),-303.32,178343.38
AMAT,2025-11-19,2025-11-20,234.67,220.23,ZARAR (SL),-618.33,177722.04
AMAT,2025-11-24,2025-11-25,230.91,242.46,KAR (TP),497.2,178216.24
AMAT,2025-11-26,2025-12-02,249.97,265.33,KAR (TP),611.47,178824.71
TSM,2024-03-01,2024-03-06,130.28,137.74,KAR (TP),569.82,179391.53
TSM,2024-03-11,2024-04-09,135.26,142.04,KAR (TP),498.4,179886.93
TSM,2024-04-10,2024-04-15,142.84,136.9,ZARAR (SL),-418.81,179465.12
TSM,2024-05-16,2024-05-24,148.71,156.3,KAR (TP),507.41,179969.53
TSM,2024-05-29,2024-06-05,150.77,159.15,KAR (TP),552.92,180519.44
TSM,2024-06-06,2024-06-12,158.32,168.98,KAR (TP),670.16,181186.61
TSM,2024-06-13,2024-07-03,169.45,178.83,KAR (TP),551.05,181734.66
TSM,2024-07-08,2024-07-17,182.89,167.77,ZARAR (SL),-829.77,180901.89
TSM,2024-09-12,2024-09-24,168.62,178.98,KAR (TP),611.83,181510.72
TSM,2024-09-27,2024-10-01,175.05,169.24,ZARAR (SL),-334.52,181173.2
TSM,2024-10-03,2024-10-11,176.53,187.68,KAR (TP),628.27,181798.47
TSM,2024-10-15,2024-10-17,184.06,202.46,KAR (TP),996.84,182792.31
TSM,2024-10-28,2024-11-13,191.48,183.6,ZARAR (SL),-414.96,182374.35
TSM,2024-12-02,2024-12-05,191.21,200.95,KAR (TP),506.26,182877.61
TSM,2024-12-13,2024-12-19,198.32,192.05,ZARAR (SL),-318.94,182555.67
TSM,2024-12-20,2024-12-23,194.59,204.6,KAR (TP),511.68,183064.35
TSM,2025-01-06,2025-01-07,217.08,208.61,ZARAR (SL),-393.44,182667.92
TSM,2025-01-08,2025-01-21,204.37,215.79,KAR (TP),556.1,183221.01
TSM,2025-01-22,2025-01-27,220.23,189.75,ZARAR (SL),-1386.96,181831.05
TSM,2025-06-04,2025-06-11,200.49,212.08,KAR (TP),575.06,182403.12
TSM,2025-07-07,2025-07-17,227.83,244.17,KAR (TP),713.93,183114.05
TSM,2025-07-18,2025-08-05,239.0,231.12,ZARAR (SL),-332.87,182778.18
TSM,2025-08-07,2025-08-19,241.21,231.34,ZARAR (SL),-411.87,182363.31
TSM,2025-09-05,2025-09-10,241.99,258.92,KAR (TP),696.64,183056.96
TSM,2025-10-10,2025-10-13,279.9,302.07,KAR (TP),789.06,183843.02
TSM,2025-10-14,2025-11-07,295.14,285.73,ZARAR (SL),-321.98,183518.04
TSM,2025-12-08,2025-12-15,301.06,287.74,ZARAR (SL),-445.35,183069.69
MCHP,2024-03-08,2024-04-12,84.67,81.62,ZARAR (SL),-363.2,182703.49
MCHP,2024-04-24,2024-05-15,86.42,90.88,KAR (TP),513.1,183213.59
MCHP,2024-05-20,2024-06-07,91.93,88.9,ZARAR (SL),-331.93,182878.66
MCHP,2024-07-10,2024-07-11,91.9,88.18,ZARAR (SL),-408.29,182467.36
MCHP,2024-07-22,2024-07-23,89.16,85.9,ZARAR (SL),-369.19,182095.17
MCHP,2024-09-26,2024-10-01,77.32,74.61,ZARAR (SL),-354.14,181738.03
MCHP,2024-10-29,2024-10-30,76.11,72.77,ZARAR (SL),-441.96,181293.07
MCHP,2025-02-21,2025-02-27,59.2,55.79,ZARAR (SL),-579.59,180710.48
MCHP,2025-02-28,2025-03-10,57.49,52.2,ZARAR (SL),-922.13,179785.35
MCHP,2025-05-30,2025-06-03,57.13,62.83,KAR (TP),996.31,180778.66
MCHP,2025-06-05,2025-06-09,63.36,66.98,KAR (TP),568.69,181344.35
MCHP,2025-07-22,2025-07-23,74.07,69.14,ZARAR (SL),-668.69,180672.66
MCHP,2025-08-22,2025-08-27,68.52,66.05,ZARAR (SL),-363.14,180306.52
MCHP,2025-12-03,2025-12-08,63.61,67.35,KAR (TP),584.96,180888.48
TER,2024-02-29,2024-03-07,102.84,109.19,KAR (TP),614.82,181500.3
TER,2024-03-08,2024-03-18,105.35,102.12,ZARAR (SL),-310.2,181187.1
TER,2024-03-20,2024-03-28,106.33,112.01,KAR (TP),531.03,181715.13
TER,2024-04-11,2024-04-12,108.67,105.1,ZARAR (SL),-330.97,181381.16
TER,2024-04-26,2024-05-03,113.3,119.57,KAR (TP),549.88,181928.04
TER,2024-06-12,2024-07-10,147.91,158.11,KAR (TP),686.91,182611.95
TER,2024-07-11,2024-07-16,153.81,161.96,KAR (TP),526.71,183135.66
TER,2024-07-17,2024-07-19,151.38,145.49,ZARAR (SL),-392.24,182740.43
TER,2024-07-22,2024-07-24,153.47,142.62,ZARAR (SL),-709.98,182027.45
TER,2024-09-11,2024-10-15,130.79,126.67,ZARAR (SL),-318.57,181705.88
TER,2024-12-02,2024-12-09,112.71,119.04,KAR (TP),558.84,182261.72
TER,2024-12-19,2025-01-06,124.65,139.39,KAR (TP),1180.0,183438.72
TER,2025-01-07,2025-01-10,138.22,133.59,ZARAR (SL),-337.97,183097.75
TER,2025-01-21,2025-01-27,131.73,119.75,ZARAR (SL),-912.3,182182.46
TER,2025-05-27,2025-05-30,81.6,78.46,ZARAR (SL),-387.15,181792.31
TER,2025-06-06,2025-06-24,85.08,90.23,KAR (TP),602.42,182391.73
TER,2025-06-25,2025-07-10,90.04,98.45,KAR (TP),930.48,183319.21
TER,2025-07-30,2025-08-01,107.46,103.98,ZARAR (SL),-327.2,182989.02
TER,2025-09-02,2025-09-09,120.4,114.98,ZARAR (SL),-452.73,182533.28
TER,2025-09-10,2025-09-12,117.73,112.16,ZARAR (SL),-476.6,182053.68
TER,2025-09-18,2025-09-22,118.73,135.08,KAR (TP),1373.87,183424.55
TER,2025-09-23,2025-10-02,134.58,144.42,KAR (TP),728.36,184149.91
TER,2025-10-27,2025-10-29,147.39,173.81,KAR (TP),1789.54,185936.46
TER,2025-11-13,2025-11-18,169.46,163.6,ZARAR (SL),-349.13,185584.33
TER,2025-11-26,2025-12-02,179.38,189.94,KAR (TP),585.69,186167.02
U,2024-07-15,2024-07-17,16.93,18.09,KAR (TP),682.17,186844.7
U,2024-07-18,2024-07-24,16.37,15.6,ZARAR (SL),-473.37,186368.32
U,2024-08-30,2024-09-06,16.37,15.86,ZARAR (SL),-314.55,186050.78
U,2024-09-09,2024-09-12,17.17,18.91,KAR (TP),1010.4,187058.17
U,2024-09-13,2024-09-23,19.91,21.37,KAR (TP),730.3,187785.47
U,2024-11-06,2024-11-08,21.67,20.5,ZARAR (SL),-542.92,187239.56
U,2024-11-20,2024-11-22,21.63,23.53,KAR (TP),875.41,188111.97
U,2024-11-25,2024-12-04,24.02,26.34,KAR (TP),962.86,189071.83
U,2025-02-18,2025-02-20,21.82,28.0,KAR (TP),2829.26,191898.09
U,2025-02-25,2025-03-03,25.65,23.7,ZARAR (SL),-763.23,191131.86
U,2025-05-07,2025-05-12,20.66,21.84,KAR (TP),568.15,191697.01
U,2025-05-13,2025-05-15,21.95,21.22,ZARAR (SL),-335.57,191358.44
U,2025-05-16,2025-05-21,22.81,20.81,ZARAR (SL),-879.81,190475.63
U,2025-05-28,2025-05-29,24.54,23.77,ZARAR (SL),-316.77,190155.85
U,2025-05-30,2025-06-05,26.08,24.79,ZARAR (SL),-497.63,189655.22
U,2025-07-03,2025-07-07,26.13,27.86,KAR (TP),659.07,190311.3
U,2025-08-04,2025-08-06,34.01,31.92,ZARAR (SL),-617.52,189690.77
U,2025-08-07,2025-08-12,33.57,37.29,KAR (TP),1105.13,190792.91
U,2025-08-22,2025-09-05,39.16,43.82,KAR (TP),1186.99,191976.89
U,2025-09-18,2025-09-25,45.45,42.11,ZARAR (SL),-737.87,191236.02
U,2025-11-03,2025-11-04,37.55,35.87,ZARAR (SL),-450.4,190782.62
U,2025-11-05,2025-11-06,42.36,39.93,ZARAR (SL),-576.65,190202.96
U,2025-11-07,2025-11-10,40.03,43.13,KAR (TP),771.42,190971.38
U,2025-11-19,2025-11-20,39.22,37.71,ZARAR (SL),-388.01,190580.38
U,2025-12-15,2025-12-17,45.22,43.78,ZARAR (SL),-321.44,190255.93
VEEV,2024-01-31,2024-02-12,207.41,218.46,KAR (TP),529.76,190781.19
VEEV,2024-02-13,2024-02-28,213.93,225.37,KAR (TP),531.75,191309.95
VEEV,2024-02-29,2024-04-02,225.51,216.41,ZARAR (SL),-406.53,190900.42
VEEV,2024-05-16,2024-05-28,209.65,203.09,ZARAR (SL),-315.9,190581.52
VEEV,2024-07-22,2024-08-21,187.0,201.44,KAR (TP),769.19,191347.71
VEEV,2024-08-23,2024-08-29,199.25,217.02,KAR (TP),888.84,192233.55
VEEV,2024-09-19,2024-09-24,214.39,207.91,ZARAR (SL),-305.25,191925.3
VEEV,2024-10-16,2024-10-31,217.33,208.83,ZARAR (SL),-394.11,191528.19
VEEV,2024-11-06,2024-11-08,216.45,235.0,KAR (TP),854.01,192379.2
VEEV,2024-11-11,2024-11-14,236.87,229.71,ZARAR (SL),-305.28,192070.93
VEEV,2024-11-25,2024-12-06,226.95,250.45,KAR (TP),1032.47,193100.4
VEEV,2025-03-07,2025-03-11,246.8,231.68,ZARAR (SL),-615.64,192481.75
VEEV,2025-05-14,2025-05-23,240.3,233.0,ZARAR (SL),-306.79,192171.97
VEEV,2025-05-27,2025-05-29,238.06,279.04,KAR (TP),1718.42,193887.38
VEEV,2025-06-20,2025-08-29,280.08,269.2,ZARAR (SL),-391.46,193492.92
VEEV,2025-09-08,2025-09-16,282.78,273.88,ZARAR (SL),-317.73,193172.19
VEEV,2025-09-26,2025-10-07,290.27,306.22,KAR (TP),546.49,193715.68
VEEV,2025-10-08,2025-10-10,301.8,286.59,ZARAR (SL),-506.98,193205.7
VEEV,2025-10-16,2025-10-17,292.73,283.73,ZARAR (SL),-310.45,192892.25
VEEV,2025-11-12,2025-11-17,296.96,277.01,ZARAR (SL),-674.81,192214.45
OKTA,2024-02-01,2024-02-05,84.9,82.14,ZARAR (SL),-328.09,191883.36
OKTA,2024-02-09,2024-02-13,87.85,83.4,ZARAR (SL),-509.54,191370.81
OKTA,2024-02-14,2024-02-20,87.6,83.66,ZARAR (SL),-452.77,190915.04
OKTA,2024-02-26,2024-02-29,86.32,107.3,KAR (TP),2427.49,193339.53
OKTA,2024-05-13,2024-05-30,98.4,88.81,ZARAR (SL),-977.59,192358.94
OKTA,2024-06-28,2024-07-15,93.61,98.47,KAR (TP),516.18,192872.11
OKTA,2024-07-17,2024-07-24,96.19,92.69,ZARAR (SL),-366.86,192502.25
OKTA,2024-08-16,2024-08-29,96.69,79.51,ZARAR (SL),-1779.81,190719.44
OKTA,2024-10-09,2024-10-21,76.52,74.04,ZARAR (SL),-327.1,190389.34
OKTA,2024-11-06,2024-11-15,76.61,73.66,ZARAR (SL),-388.07,189998.27
OKTA,2024-11-21,2024-12-02,75.45,80.85,KAR (TP),712.71,190707.98
OKTA,2024-12-03,2024-12-04,81.71,86.11,KAR (TP),535.49,191240.47
OKTA,2024-12-05,2024-12-30,83.51,79.64,ZARAR (SL),-466.99,190770.48
OKTA,2025-01-10,2025-01-21,84.37,89.4,KAR (TP),593.18,191360.66
OKTA,2025-02-14,2025-02-21,96.29,92.75,ZARAR (SL),-370.64,190987.03
OKTA,2025-03-04,2025-03-05,108.31,116.31,KAR (TP),735.62,191719.65
OKTA,2025-03-06,2025-03-10,111.22,105.19,ZARAR (SL),-545.17,191171.48
OKTA,2025-03-14,2025-03-28,112.55,107.99,ZARAR (SL),-408.15,190760.32
OKTA,2025-04-30,2025-05-07,112.16,118.03,KAR (TP),520.36,191277.68
OKTA,2025-05-27,2025-05-28,125.5,105.22,ZARAR (SL),-1618.54,189656.14
OKTA,2025-07-25,2025-07-28,101.1,97.84,ZARAR (SL),-325.45,189327.69
OKTA,2025-09-19,2025-09-24,93.37,89.87,ZARAR (SL),-377.85,188946.84
OKTA,2025-10-02,2025-10-07,94.92,90.89,ZARAR (SL),-427.57,188516.27
NET,2024-02-02,2024-02-08,82.65,90.31,KAR (TP),923.8,189437.07
NET,2024-02-13,2024-02-21,99.88,95.09,ZARAR (SL),-482.58,188951.49
NET,2024-03-26,2024-04-01,99.07,95.66,ZARAR (SL),-347.2,188601.29
NET,2024-06-12,2024-06-25,75.42,80.66,KAR (TP),691.78,189290.07
NET,2024-08-30,2024-09-03,82.14,78.11,ZARAR (SL),-493.63,188793.44
NET,2024-09-19,2024-10-01,82.83,78.11,ZARAR (SL),-572.84,188217.6
NET,2024-10-04,2024-10-07,83.43,80.49,ZARAR (SL),-355.39,187859.21
NET,2024-10-10,2024-10-22,92.46,88.46,ZARAR (SL),-435.62,187420.59
NET,2024-10-30,2024-11-04,89.85,86.49,ZARAR (SL),-376.96,187040.64
NET,2024-11-06,2024-11-21,92.51,104.24,KAR (TP),1264.97,188302.61
NET,2024-12-02,2024-12-04,105.05,110.72,KAR (TP),536.74,188836.35
NET,2024-12-18,2025-01-03,109.1,114.73,KAR (TP),513.04,189346.39
NET,2025-01-07,2025-01-21,113.67,119.85,KAR (TP),540.68,189884.07
NET,2025-02-19,2025-02-21,160.59,151.96,ZARAR (SL),-540.39,189340.68
NET,2025-06-12,2025-06-17,170.81,181.23,KAR (TP),607.03,189944.71
NET,2025-06-27,2025-07-01,194.05,184.95,ZARAR (SL),-471.95,189469.76
NET,2025-07-16,2025-07-28,189.81,199.41,KAR (TP),502.77,189969.53
NET,2025-08-01,2025-08-06,200.11,215.53,KAR (TP),767.58,190734.1
NET,2025-08-28,2025-09-03,213.42,205.71,ZARAR (SL),-364.26,190366.84
NET,2025-09-08,2025-10-17,217.92,210.01,ZARAR (SL),-365.98,189997.87
NET,2025-10-27,2025-10-31,225.11,253.3,KAR (TP),1249.28,191244.14
NET,2025-11-04,2025-11-06,232.91,225.9,ZARAR (SL),-303.98,190937.17
CRWD,2024-02-12,2024-02-21,321.29,292.36,ZARAR (SL),-903.43,190029.24
CRWD,2024-02-26,2024-03-05,321.03,297.56,ZARAR (SL),-734.08,189292.15
CRWD,2024-03-06,2024-03-11,329.57,317.37,ZARAR (SL),-373.18,188915.97
CRWD,2024-05-06,2024-05-15,317.81,343.12,KAR (TP),793.39,189706.36
CRWD,2024-06-05,2024-06-10,342.18,374.57,KAR (TP),943.58,190646.94
CRWD,2024-06-11,2024-07-11,384.63,370.43,ZARAR (SL),-372.19,190271.75
CRWD,2024-08-28,2024-09-06,264.2,246.39,ZARAR (SL),-677.11,189591.64
CRWD,2024-09-19,2024-09-20,277.38,299.85,KAR (TP),807.08,190395.72
CRWD,2024-09-23,2024-09-26,293.14,281.48,ZARAR (SL),-400.76,189991.96
CRWD,2024-10-10,2024-10-15,314.92,302.31,ZARAR (SL),-403.42,189585.54
CRWD,2024-10-25,2024-11-06,300.62,320.0,KAR (TP),641.67,190224.21
CRWD,2024-11-07,2024-11-13,330.78,347.88,KAR (TP),513.96,190735.17
CRWD,2024-11-15,2024-11-21,336.75,357.55,KAR (TP),614.67,191346.84
CRWD,2024-11-27,2024-12-06,347.59,365.65,KAR (TP),516.58,191860.41
CRWD,2024-12-16,2024-12-17,388.2,376.42,ZARAR (SL),-306.45,191550.96
CRWD,2024-12-20,2024-12-30,362.29,349.31,ZARAR (SL),-361.28,191186.68
CRWD,2025-01-22,2025-01-28,377.98,408.68,KAR (TP),809.21,191992.9
CRWD,2025-01-29,2025-02-05,397.07,417.22,KAR (TP),504.47,192494.36
CRWD,2025-04-09,2025-04-21,378.01,362.69,ZARAR (SL),-408.28,192083.08
CRWD,2025-04-24,2025-05-02,414.05,440.58,KAR (TP),637.74,192717.83
CRWD,2025-05-07,2025-05-19,422.52,444.35,KAR (TP),513.66,193228.49
CRWD,2025-05-21,2025-05-27,434.74,472.22,KAR (TP),859.12,194084.61
CRWD,2025-06-04,2025-06-17,460.56,492.03,KAR (TP),680.3,194761.91
CRWD,2025-06-20,2025-06-26,476.3,505.22,KAR (TP),604.18,195363.09
CRWD,2025-07-07,2025-07-10,505.46,487.11,ZARAR (SL),-366.04,194994.06
CRWD,2025-09-17,2025-09-18,445.5,502.63,KAR (TP),1279.38,196270.44
CRWD,2025-10-08,2025-10-10,509.95,493.66,ZARAR (SL),-322.44,195944.99
CRWD,2025-10-20,2025-10-27,503.61,529.7,KAR (TP),515.06,196457.05
CRWD,2025-10-28,2025-11-13,546.94,529.78,ZARAR (SL),-316.75,196137.31
DDOG,2024-01-26,2024-02-02,123.95,134.31,KAR (TP),832.82,196967.13
DDOG,2024-02-09,2024-02-16,134.91,129.74,ZARAR (SL),-386.22,196577.91
DDOG,2024-04-10,2024-04-19,125.82,120.09,ZARAR (SL),-458.41,196116.5
DDOG,2024-04-23,2024-05-07,126.44,112.4,ZARAR (SL),-1113.41,195000.09
DDOG,2024-06-12,2024-06-27,119.11,128.45,KAR (TP),781.15,195778.24
DDOG,2024-07-09,2024-07-17,126.63,121.16,ZARAR (SL),-434.97,195340.27
DDOG,2024-10-01,2024-10-04,113.98,122.69,KAR (TP),761.17,196098.44
DDOG,2024-10-25,2024-11-11,126.6,122.36,ZARAR (SL),-337.91,195757.53
DDOG,2024-11-13,2024-11-20,128.45,135.45,KAR (TP),541.96,196296.49
DDOG,2024-12-10,2024-12-18,154.91,150.2,ZARAR (SL),-307.05,195986.44
DDOG,2025-01-28,2025-01-29,151.89,145.72,ZARAR (SL),-409.21,195574.22
DDOG,2025-02-10,2025-02-13,147.1,135.89,ZARAR (SL),-765.07,194806.16
DDOG,2025-05-30,2025-06-17,117.88,124.84,KAR (TP),587.43,195390.59
DDOG,2025-06-20,2025-06-30,127.5,134.33,KAR (TP),532.69,195920.27
DDOG,2025-08-28,2025-08-29,140.96,136.68,ZARAR (SL),-306.63,195610.64
DDOG,2025-09-10,2025-09-16,139.13,134.59,ZARAR (SL),-329.31,195278.33
DDOG,2025-09-19,2025-10-01,138.82,152.7,KAR (TP),996.86,196272.18
DDOG,2025-10-03,2025-10-08,151.82,164.12,KAR (TP),807.17,197076.35
DDOG,2025-10-16,2025-10-31,151.17,162.81,KAR (TP),766.99,197840.35
DDOG,2025-11-03,2025-11-05,162.08,154.98,ZARAR (SL),-441.06,197396.29
ZS,2024-01-30,2024-02-05,241.12,232.05,ZARAR (SL),-379.16,197014.13
ZS,2024-02-07,2024-02-21,244.66,213.92,ZARAR (SL),-1259.44,195751.69
ZS,2024-05-16,2024-05-23,179.31,171.91,ZARAR (SL),-415.69,195333.0
ZS,2024-06-06,2024-06-12,178.93,188.83,KAR (TP),550.29,195880.29
ZS,2024-06-21,2024-06-27,179.55,189.2,KAR (TP),534.45,196411.74
ZS,2024-06-28,2024-07-12,192.19,201.9,KAR (TP),502.23,196910.97
ZS,2024-08-16,2024-09-04,192.9,157.13,ZARAR (SL),-1857.33,195050.64
ZS,2024-10-04,2024-10-09,173.93,185.97,KAR (TP),689.23,195736.88
ZS,2024-11-06,2024-11-12,193.03,209.04,KAR (TP),826.4,196560.28
ZS,2024-11-27,2024-12-03,204.96,198.64,ZARAR (SL),-311.35,196245.93
ZS,2024-12-04,2024-12-13,206.36,198.54,ZARAR (SL),-381.95,195860.98
ZS,2025-01-27,2025-01-28,191.24,204.68,KAR (TP),699.78,196557.76
ZS,2025-02-11,2025-02-21,209.24,198.56,ZARAR (SL),-513.42,196041.34
ZS,2025-03-07,2025-03-10,208.76,194.69,ZARAR (SL),-676.98,195361.36
ZS,2025-03-28,2025-03-31,207.14,198.42,ZARAR (SL),-423.97,194934.39
ZS,2025-04-09,2025-04-10,202.12,195.36,ZARAR (SL),-337.45,194593.93
ZS,2025-07-01,2025-07-10,307.32,296.18,ZARAR (SL),-365.49,194225.45
ZS,2025-09-08,2025-09-29,281.6,296.9,KAR (TP),540.32,194762.77
ZS,2025-09-30,2025-10-09,299.66,315.21,KAR (TP),515.92,195275.69
ZS,2025-10-10,2025-10-16,309.88,299.24,ZARAR (SL),-346.36,194926.33
ZS,2025-10-23,2025-11-03,318.77,336.27,KAR (TP),545.99,195469.32
ZS,2025-11-05,2025-11-13,323.9,308.6,ZARAR (SL),-475.37,194990.95
TEAM,2024-01-26,2024-02-02,247.79,217.39,ZARAR (SL),-1229.85,193758.1
TEAM,2024-04-25,2024-04-26,198.41,179.45,ZARAR (SL),-958.6,192796.51
TEAM,2024-06-26,2024-07-02,171.66,182.28,KAR (TP),615.66,193409.17
TEAM,2024-09-06,2024-09-17,161.31,155.82,ZARAR (SL),-343.34,193062.83
TEAM,2024-09-19,2024-10-09,163.1,177.1,KAR (TP),855.37,193915.2
TEAM,2024-10-29,2024-11-01,191.74,224.35,KAR (TP),1697.74,195609.94
TEAM,2024-12-10,2024-12-18,266.45,250.19,ZARAR (SL),-613.25,194993.7
TEAM,2025-01-23,2025-01-31,265.7,306.78,KAR (TP),1543.1,196533.8
TEAM,2025-02-19,2025-02-21,303.72,285.99,ZARAR (SL),-586.76,195944.04
TEAM,2025-05-02,2025-05-12,208.48,223.75,KAR (TP),729.44,196670.48
TEAM,2025-06-05,2025-06-11,218.6,201.5,ZARAR (SL),-785.25,195882.23
TEAM,2025-07-23,2025-07-31,202.57,191.78,ZARAR (SL),-535.66,195343.58
TEAM,2025-09-09,2025-09-10,182.36,174.32,ZARAR (SL),-443.89,194896.69
TEAM,2025-10-22,2025-10-24,167.89,162.64,ZARAR (SL),-315.7,194577.99
TEAM,2025-10-30,2025-10-31,160.67,169.42,KAR (TP),541.59,195116.58
TEAM,2025-11-03,2025-11-04,176.08,165.0,ZARAR (SL),-632.26,194481.32
ADSK,2024-02-05,2024-02-09,252.81,266.68,KAR (TP),545.63,195022.45
ADSK,2024-02-13,2024-03-05,256.76,247.29,ZARAR (SL),-371.83,194647.63
ADSK,2024-03-21,2024-04-02,265.75,248.71,ZARAR (SL),-644.2,194000.42
ADSK,2024-05-17,2024-05-28,221.21,210.45,ZARAR (SL),-489.42,193508.01
ADSK,2024-06-05,2024-06-17,216.28,240.51,KAR (TP),1117.31,194622.31
ADSK,2024-09-04,2024-09-19,255.79,269.76,KAR (TP),543.15,195162.46
ADSK,2024-09-20,2024-10-11,267.29,281.67,KAR (TP),534.99,195694.46
ADSK,2024-10-14,2024-11-06,285.31,302.33,KAR (TP),593.54,196285.0
ADSK,2024-11-14,2024-11-27,306.65,290.64,ZARAR (SL),-525.09,195756.91
ADSK,2025-01-22,2025-02-20,301.45,291.02,ZARAR (SL),-349.0,195404.91
ADSK,2025-04-09,2025-04-21,263.53,254.27,ZARAR (SL),-354.38,195047.53
ADSK,2025-05-30,2025-07-01,296.12,311.67,KAR (TP),522.13,195566.66
ADSK,2025-07-09,2025-07-10,307.27,286.11,ZARAR (SL),-691.65,194872.01
ADSK,2025-09-19,2025-10-08,322.67,311.41,ZARAR (SL),-351.96,194517.05
MSI,2024-02-05,2024-03-13,318.58,336.58,KAR (TP),562.02,195074.57
MSI,2024-03-18,2024-05-07,333.96,351.77,KAR (TP),530.48,195602.05
MSI,2024-05-13,2024-06-11,351.61,370.17,KAR (TP),524.93,196123.98
MSI,2024-06-12,2024-07-31,372.57,392.82,KAR (TP),540.31,196661.29
MSI,2024-08-01,2024-08-14,392.48,412.19,KAR (TP),499.03,197157.33
MSI,2024-09-06,2024-10-08,424.9,451.91,KAR (TP),632.75,197787.07
MSI,2024-10-23,2024-10-30,460.96,447.06,ZARAR (SL),-304.45,197479.63
MSI,2024-11-06,2024-11-08,462.98,497.99,KAR (TP),753.08,198229.71
MSI,2024-11-11,2024-12-09,490.45,472.64,ZARAR (SL),-366.21,197860.5
MSI,2025-01-21,2025-02-14,462.78,433.4,ZARAR (SL),-637.83,197219.67
MSI,2025-03-21,2025-04-04,419.24,398.83,ZARAR (SL),-489.86,196726.81
MSI,2025-05-01,2025-05-02,435.56,403.09,ZARAR (SL),-748.51,195975.3
MSI,2025-05-15,2025-06-09,422.09,409.39,ZARAR (SL),-304.0,195668.3
MSI,2025-06-30,2025-08-06,418.12,439.66,KAR (TP),512.15,196177.45
MSI,2025-08-19,2025-09-11,457.84,487.57,KAR (TP),646.2,196820.65
MSI,2025-09-16,2025-09-24,475.26,453.62,ZARAR (SL),-458.29,196359.36
FTV,2024-02-29,2024-04-12,63.66,61.63,ZARAR (SL),-322.51,196032.35
FTV,2024-06-27,2024-07-16,55.08,59.08,KAR (TP),724.2,196753.55
FTV,2024-07-23,2024-07-24,57.41,52.7,ZARAR (SL),-821.99,195928.56
FTV,2024-09-03,2024-09-19,54.49,57.93,KAR (TP),628.26,196553.82
FTV,2024-09-20,2024-10-30,57.21,54.03,ZARAR (SL),-559.72,195991.1
FTV,2024-11-20,2024-11-25,56.77,59.72,KAR (TP),515.81,196503.92
FTV,2025-01-15,2025-02-19,58.43,62.25,KAR (TP),651.85,197152.77
FTV,2025-05-05,2025-05-12,50.76,55.38,KAR (TP),906.9,198056.67
FTV,2025-05-15,2025-05-21,54.43,52.64,ZARAR (SL),-331.37,197722.3
FTV,2025-05-27,2025-07-15,53.21,51.03,ZARAR (SL),-413.31,197305.99
FTV,2025-09-11,2025-09-25,49.45,47.62,ZARAR (SL),-374.64,196928.35
FTV,2025-10-01,2025-10-10,50.02,47.75,ZARAR (SL),-458.27,196467.08
FTV,2025-10-29,2025-11-25,50.28,53.22,KAR (TP),581.03,197045.11
WDC,2024-02-29,2024-03-01,44.78,48.42,KAR (TP),809.17,197849.78
WDC,2024-03-21,2024-03-26,47.99,51.31,KAR (TP),688.87,198535.65
WDC,2024-03-28,2024-04-05,51.38,55.05,KAR (TP),710.66,199243.31
WDC,2024-04-26,2024-05-15,53.73,56.99,KAR (TP),603.78,199844.09
WDC,2024-05-29,2024-06-03,58.3,56.46,ZARAR (SL),-319.41,199521.68
WDC,2024-06-05,2024-07-17,57.9,54.06,ZARAR (SL),-667.5,198851.18
WDC,2024-09-03,2024-09-06,47.48,45.76,ZARAR (SL),-366.15,198482.03
WDC,2024-09-16,2024-09-26,48.26,53.05,KAR (TP),990.92,199469.95
WDC,2024-09-30,2024-10-08,51.42,49.82,ZARAR (SL),-313.44,199153.5
WDC,2024-10-15,2024-11-07,50.41,53.04,KAR (TP),518.28,199668.79
WDC,2024-11-26,2024-12-09,54.98,53.27,ZARAR (SL),-315.24,199350.54
WDC,2025-01-17,2025-01-22,48.97,51.68,KAR (TP),548.97,199896.51
WDC,2025-01-24,2025-01-27,50.76,48.49,ZARAR (SL),-449.52,199443.99
WDC,2025-01-30,2025-02-18,49.53,54.24,KAR (TP),947.14,200388.13
WDC,2025-02-21,2025-02-24,51.74,48.83,ZARAR (SL),-564.28,199820.85
WDC,2025-07-17,2025-07-29,66.89,70.47,KAR (TP),532.66,200350.51
WDC,2025-08-06,2025-08-25,73.64,79.06,KAR (TP),734.33,201081.84
WDC,2025-10-07,2025-10-10,119.83,115.33,ZARAR (SL),-379.05,200699.79
WDC,2025-10-16,2025-10-20,125.82,121.43,ZARAR (SL),-351.63,200345.15
WDC,2025-10-29,2025-10-31,141.27,150.09,KAR (TP),621.56,200963.71
WDC,2025-11-13,2025-11-20,157.03,140.12,ZARAR (SL),-1080.25,199880.46
WDC,2025-12-10,2025-12-12,181.95,176.34,ZARAR (SL),-311.33,199566.14
ZBRA,2024-02-14,2024-02-15,252.96,283.75,KAR (TP),1214.19,200775.82
ZBRA,2024-02-16,2024-03-01,275.46,289.64,KAR (TP),511.78,201284.6
ZBRA,2024-03-15,2024-03-28,285.86,301.44,KAR (TP),542.02,201823.62
ZBRA,2024-04-02,2024-04-15,296.5,283.0,ZARAR (SL),-458.31,201362.31
ZBRA,2024-04-30,2024-06-04,314.56,302.77,ZARAR (SL),-377.81,200981.5
ZBRA,2024-07-09,2024-07-16,315.24,335.76,KAR (TP),647.93,201626.44
ZBRA,2024-07-17,2024-07-30,325.89,348.12,KAR (TP),679.13,202302.57
ZBRA,2024-07-31,2024-08-02,351.19,322.3,ZARAR (SL),-825.63,201473.93
ZBRA,2024-09-17,2024-10-09,354.52,373.5,KAR (TP),532.37,202003.31
ZBRA,2024-10-10,2024-11-06,369.24,394.02,KAR (TP),668.11,202668.41
ZBRA,2024-12-11,2024-12-18,404.17,383.47,ZARAR (SL),-515.16,202150.25
ZBRA,2025-01-21,2025-01-27,418.07,399.36,ZARAR (SL),-450.53,201696.72
ZBRA,2025-01-28,2025-01-31,405.59,391.94,ZARAR (SL),-339.55,201354.17
ZBRA,2025-05-30,2025-06-26,289.77,308.32,KAR (TP),637.16,201988.34
ZBRA,2025-06-27,2025-07-10,309.26,330.35,KAR (TP),678.95,202664.29
ZBRA,2025-07-30,2025-08-05,332.39,302.6,ZARAR (SL),-899.24,201762.05
ZBRA,2025-09-15,2025-09-24,320.91,308.48,ZARAR (SL),-390.34,201368.72
ZBRA,2025-10-23,2025-10-28,313.89,274.31,ZARAR (SL),-1263.95,200101.76
SWKS,2024-02-29,2024-03-05,98.52,94.21,ZARAR (SL),-440.47,199658.29
SWKS,2024-03-06,2024-04-15,98.13,94.13,ZARAR (SL),-410.66,199244.63
SWKS,2024-04-29,2024-05-01,101.28,84.79,ZARAR (SL),-1631.04,197610.6
SWKS,2024-05-31,2024-06-12,87.64,97.08,KAR (TP),1074.06,198681.65
SWKS,2024-07-05,2024-07-12,99.85,106.25,KAR (TP),638.34,199316.99
SWKS,2024-07-17,2024-07-25,110.25,106.58,ZARAR (SL),-335.88,198978.12
SWKS,2024-07-30,2024-07-31,111.32,107.47,ZARAR (SL),-348.82,198626.29
SWKS,2024-08-29,2024-09-03,102.53,96.96,ZARAR (SL),-547.1,198076.19
SWKS,2024-10-15,2024-10-23,93.83,90.39,ZARAR (SL),-370.29,197702.9
SWKS,2024-10-29,2024-10-30,93.33,85.67,ZARAR (SL),-823.16,196876.74
SWKS,2024-12-13,2025-02-03,87.31,81.78,ZARAR (SL),-636.11,196237.64
SWKS,2025-03-10,2025-03-11,69.87,66.16,ZARAR (SL),-533.19,195701.45
SWKS,2025-05-23,2025-06-09,67.29,71.68,KAR (TP),649.21,196347.65
SWKS,2025-06-10,2025-06-12,73.42,70.54,ZARAR (SL),-395.26,195949.39
SWKS,2025-06-20,2025-07-01,70.66,75.59,KAR (TP),694.35,196640.75
SWKS,2025-09-08,2025-09-15,74.78,72.05,ZARAR (SL),-367.93,196269.81
SWKS,2025-09-18,2025-09-22,76.16,82.04,KAR (TP),768.13,197034.94
SWKS,2025-10-28,2025-10-31,79.36,76.85,ZARAR (SL),-319.47,196712.47
QDEL,2024-03-15,2024-03-22,48.41,46.8,ZARAR (SL),-335.58,196373.89
QDEL,2024-05-09,2024-05-13,43.62,42.11,ZARAR (SL),-349.17,196021.72
QDEL,2024-05-14,2024-05-17,44.18,42.82,ZARAR (SL),-310.83,195707.89
QDEL,2024-05-22,2024-06-03,42.6,44.96,KAR (TP),550.99,196255.88
QDEL,2024-07-22,2024-07-24,35.38,38.4,KAR (TP),850.59,197103.47
QDEL,2024-09-05,2024-10-08,44.5,42.16,ZARAR (SL),-528.84,196571.63
QDEL,2024-11-08,2024-11-12,43.75,41.14,ZARAR (SL),-599.57,195969.06
QDEL,2024-11-22,2024-12-05,40.14,37.6,ZARAR (SL),-635.79,195330.27
QDEL,2024-12-11,2024-12-16,41.52,43.84,KAR (TP),555.77,195883.04
QDEL,2024-12-17,2025-01-03,43.03,46.66,KAR (TP),840.6,196720.64
QDEL,2025-01-07,2025-01-13,46.91,44.61,ZARAR (SL),-493.3,196224.34
QDEL,2025-01-22,2025-02-03,44.48,42.53,ZARAR (SL),-441.4,195779.94
QDEL,2025-08-22,2025-09-11,27.9,29.94,KAR (TP),728.18,196505.12
QDEL,2025-09-12,2025-09-23,28.57,27.44,ZARAR (SL),-398.52,196103.6
QDEL,2025-09-29,2025-10-01,28.88,31.25,KAR (TP),817.64,196918.24
QDEL,2025-10-02,2025-10-03,31.93,29.98,ZARAR (SL),-613.71,196301.53
FSLY,2024-02-13,2024-02-15,22.9,16.34,ZARAR (SL),-2867.63,193429.4
FSLY,2024-04-10,2024-04-15,13.86,13.13,ZARAR (SL),-529.7,192896.7
FSLY,2024-07-11,2024-07-16,7.48,7.97,KAR (TP),652.08,193545.78
FSLY,2024-07-18,2024-07-26,7.75,8.21,KAR (TP),590.55,194133.33
FSLY,2024-07-31,2024-08-01,8.1,7.68,ZARAR (SL),-521.52,193608.81
FSLY,2024-09-12,2024-09-13,6.25,6.7,KAR (TP),717.0,194322.81
FSLY,2024-09-16,2024-09-17,6.95,7.35,KAR (TP),572.54,194892.35
FSLY,2024-10-21,2024-10-23,7.4,7.08,ZARAR (SL),-435.43,194453.92
FSLY,2024-11-05,2024-11-06,7.67,8.16,KAR (TP),635.85,195086.77
FSLY,2024-11-08,2024-11-11,7.67,7.18,ZARAR (SL),-641.85,194441.92
FSLY,2024-11-21,2024-11-25,7.61,8.14,KAR (TP),693.45,195132.37
FSLY,2024-12-03,2024-12-05,9.39,9.93,KAR (TP),572.08,195701.45
FSLY,2024-12-18,2024-12-19,10.52,9.98,ZARAR (SL),-516.31,195182.14
FSLY,2024-12-20,2024-12-27,10.08,9.6,ZARAR (SL),-479.19,194699.95
FSLY,2025-01-23,2025-01-27,10.44,10.11,ZARAR (SL),-319.09,194377.86
FSLY,2025-01-28,2025-01-31,10.92,10.47,ZARAR (SL),-415.09,193959.77
FSLY,2025-02-05,2025-02-13,10.23,7.97,ZARAR (SL),-2212.19,191744.58
FSLY,2025-05-06,2025-05-08,5.83,7.62,KAR (TP),3067.33,194808.91
FSLY,2025-06-09,2025-06-11,8.28,8.03,ZARAR (SL),-304.93,194500.98
FSLY,2025-07-23,2025-07-29,7.3,6.99,ZARAR (SL),-427.66,194070.32
FSLY,2025-08-07,2025-08-08,7.46,6.99,ZARAR (SL),-633.03,193434.29
FSLY,2025-08-19,2025-09-11,7.41,7.89,KAR (TP),644.77,194076.06
FSLY,2025-09-16,2025-09-18,8.42,8.95,KAR (TP),626.45,194699.52
FSLY,2025-09-19,2025-09-25,8.63,8.34,ZARAR (SL),-339.04,194357.48
FSLY,2025-09-29,2025-10-07,8.67,8.23,ZARAR (SL),-510.5,193843.98
FSLY,2025-11-18,2025-11-24,10.49,11.62,KAR (TP),1074.22,194915.2
FSLY,2025-12-04,2025-12-05,11.52,10.52,ZARAR (SL),-871.06,194041.14
PLUG,2024-02-01,2024-02-05,4.7,4.35,ZARAR (SL),-747.68,193290.46
PLUG,2024-05-13,2024-05-14,2.89,3.44,KAR (TP),1900.11,195187.58
PLUG,2024-05-22,2024-05-23,3.41,3.08,ZARAR (SL),-970.74,194213.84
PLUG,2024-07-11,2024-07-15,2.93,3.21,KAR (TP),952.63,195163.47
PLUG,2024-07-17,2024-07-18,3.06,2.92,ZARAR (SL),-460.52,194699.95
PLUG,2024-09-30,2024-10-01,2.26,2.06,ZARAR (SL),-887.96,193808.99
PLUG,2024-10-18,2024-10-21,2.24,2.37,KAR (TP),577.36,194383.35
PLUG,2024-10-22,2024-10-23,2.22,2.08,ZARAR (SL),-633.63,193746.72
PLUG,2024-11-04,2024-11-06,2.51,1.97,ZARAR (SL),-2154.39,191589.33
PLUG,2024-12-02,2024-12-03,2.3,2.02,ZARAR (SL),-1220.39,190365.93
PLUG,2024-12-05,2024-12-09,2.45,2.67,KAR (TP),894.96,191257.89
PLUG,2024-12-20,2024-12-23,2.56,2.43,ZARAR (SL),-510.81,190744.08
PLUG,2025-01-03,2025-01-06,2.63,3.15,KAR (TP),1974.19,192715.27
PLUG,2025-01-07,2025-01-08,2.95,2.67,ZARAR (SL),-952.15,191760.12
PLUG,2025-01-10,2025-01-13,2.87,2.71,ZARAR (SL),-560.49,191196.63
PLUG,2025-01-15,2025-01-17,2.71,2.44,ZARAR (SL),-999.31,190194.32
PLUG,2025-06-03,2025-06-05,0.91,0.87,ZARAR (SL),-442.56,189748.75
PLUG,2025-06-06,2025-06-09,0.97,1.22,KAR (TP),2574.32,192320.07
PLUG,2025-06-30,2025-07-01,1.49,1.41,ZARAR (SL),-539.91,191777.16
PLUG,2025-07-21,2025-07-29,1.82,1.59,ZARAR (SL),-1266.74,190507.42
PLUG,2025-08-13,2025-08-19,1.66,1.58,ZARAR (SL),-484.93,190019.5
PLUG,2025-09-16,2025-09-17,1.68,2.0,KAR (TP),1901.76,191918.26
PLUG,2025-10-13,2025-10-16,3.9,3.48,ZARAR (SL),-1079.92,190835.34
PLUG,2025-12-18,2025-12-22,2.26,2.11,ZARAR (SL),-666.72,190165.62
ENPH,2024-02-07,2024-02-12,117.51,128.9,KAR (TP),966.28,191128.9
ENPH,2024-02-13,2024-02-14,123.56,131.62,KAR (TP),649.31,191775.21
ENPH,2024-03-27,2024-04-02,119.8,113.55,ZARAR (SL),-524.7,191247.51
ENPH,2024-05-03,2024-05-10,114.2,108.35,ZARAR (SL),-515.26,190729.25
ENPH,2024-05-14,2024-05-20,117.11,113.45,ZARAR (SL),-315.53,190410.72
ENPH,2024-05-22,2024-05-23,121.23,117.5,ZARAR (SL),-310.68,190097.04
ENPH,2024-05-24,2024-06-05,125.18,133.24,KAR (TP),640.87,190734.92
ENPH,2024-06-12,2024-06-13,134.52,129.72,ZARAR (SL),-359.82,190372.09
ENPH,2024-07-24,2024-07-30,116.91,109.37,ZARAR (SL),-647.94,189721.15
ENPH,2024-09-18,2024-09-20,119.74,114.9,ZARAR (SL),-407.21,189310.94
ENPH,2024-12-17,2024-12-18,73.4,68.8,ZARAR (SL),-629.7,188678.24
ENPH,2025-01-07,2025-01-08,73.51,69.66,ZARAR (SL),-526.74,188148.5
ENPH,2025-02-18,2025-02-27,65.67,61.19,ZARAR (SL),-685.2,187460.3
ENPH,2025-05-09,2025-05-12,50.78,47.94,ZARAR (SL),-562.28,186895.03
ENPH,2025-06-26,2025-06-27,43.0,40.88,ZARAR (SL),-496.02,186396.0
ENPH,2025-07-22,2025-07-23,42.5,36.48,ZARAR (SL),-1419.47,184973.53
ENPH,2025-08-22,2025-09-02,38.18,36.98,ZARAR (SL),-317.3,184653.23
ENPH,2025-09-09,2025-09-22,37.94,40.5,KAR (TP),671.75,185321.98
ENPH,2025-10-28,2025-10-29,36.7,31.14,ZARAR (SL),-1517.99,183801.0
ENPH,2025-12-05,2025-12-11,31.25,33.01,KAR (TP),560.2,184358.2
SEDG,2024-02-20,2024-02-21,84.42,74.14,ZARAR (SL),-1220.72,183134.48
SEDG,2024-03-27,2024-04-02,69.69,66.89,ZARAR (SL),-404.78,182726.7
SEDG,2024-08-19,2024-08-20,27.53,26.63,ZARAR (SL),-329.92,182393.78
SEDG,2024-08-23,2024-08-26,28.77,26.13,ZARAR (SL),-920.62,181470.16
SEDG,2024-12-09,2024-12-12,14.28,13.28,ZARAR (SL),-703.28,180763.88
SEDG,2024-12-17,2024-12-18,14.37,13.84,ZARAR (SL),-371.82,180389.05
SEDG,2024-12-20,2024-12-27,14.77,13.8,ZARAR (SL),-659.74,179726.32
SEDG,2025-01-02,2025-01-06,14.8,16.29,KAR (TP),1003.76,180727.07
SEDG,2025-01-08,2025-01-13,14.99,14.46,ZARAR (SL),-356.57,180367.5
SEDG,2025-02-13,2025-02-14,14.85,16.36,KAR (TP),1013.84,181378.34
SEDG,2025-04-01,2025-04-03,16.68,15.43,ZARAR (SL),-758.17,180617.17
SEDG,2025-05-06,2025-05-08,14.37,18.29,KAR (TP),2724.91,183339.08
SEDG,2025-06-24,2025-06-26,18.93,20.07,KAR (TP),596.58,183932.65
SEDG,2025-07-01,2025-07-02,21.86,23.6,KAR (TP),792.97,184722.63
SEDG,2025-07-03,2025-07-07,27.54,26.43,ZARAR (SL),-406.05,184313.58
SEDG,2025-07-23,2025-07-25,29.07,27.23,ZARAR (SL),-635.95,183674.62
SEDG,2025-08-15,2025-08-19,30.06,31.99,KAR (TP),639.05,184310.67
SEDG,2025-08-25,2025-08-29,31.99,33.82,KAR (TP),569.05,184876.73
SEDG,2025-09-05,2025-09-09,34.42,30.04,ZARAR (SL),-1275.52,183598.21
SEDG,2025-09-16,2025-09-19,33.11,35.45,KAR (TP),703.74,184298.95
SEDG,2025-09-22,2025-09-23,38.58,35.93,ZARAR (SL),-688.68,183607.27
SEDG,2025-10-09,2025-10-10,38.61,35.06,ZARAR (SL),-922.45,182681.82
SEDG,2025-10-15,2025-10-17,40.53,37.02,ZARAR (SL),-869.02,181809.79
SEDG,2025-10-20,2025-10-21,40.0,38.77,ZARAR (SL),-310.5,181496.29
SEDG,2025-10-24,2025-10-28,39.7,37.84,ZARAR (SL),-471.51,181021.78
SEDG,2025-11-05,2025-11-06,41.02,38.88,ZARAR (SL),-524.7,180494.08
SEDG,2025-11-07,2025-11-10,40.0,45.38,KAR (TP),1342.0,181833.08
RUN,2024-02-13,2024-02-14,15.23,16.83,KAR (TP),1047.56,182877.64
RUN,2024-03-27,2024-04-02,13.1,11.72,ZARAR (SL),-1056.44,181818.21
RUN,2024-05-03,2024-05-08,11.9,11.51,ZARAR (SL),-330.73,181484.47
RUN,2024-05-09,2024-05-10,12.41,11.26,ZARAR (SL),-929.67,180551.8
RUN,2024-05-14,2024-05-17,12.27,11.89,ZARAR (SL),-312.7,180236.1
RUN,2024-05-22,2024-05-23,12.92,11.99,ZARAR (SL),-722.81,179510.29
RUN,2024-05-24,2024-05-30,13.39,14.5,KAR (TP),825.98,180333.27
RUN,2024-06-07,2024-06-10,13.45,14.15,KAR (TP),517.45,180847.71
RUN,2024-06-12,2024-06-13,14.65,13.87,ZARAR (SL),-535.42,180309.29
RUN,2024-07-11,2024-07-12,16.07,17.2,KAR (TP),700.17,181006.46
RUN,2024-07-15,2024-07-16,15.66,17.28,KAR (TP),1031.48,182034.95
RUN,2024-07-18,2024-07-29,17.05,16.33,ZARAR (SL),-425.29,181606.66
RUN,2024-08-07,2024-08-12,18.31,17.33,ZARAR (SL),-538.23,181065.43
RUN,2024-09-18,2024-09-19,20.3,19.13,ZARAR (SL),-579.35,180483.08
RUN,2024-11-05,2024-11-06,16.91,11.9,ZARAR (SL),-2965.74,177514.33
RUN,2025-01-06,2025-01-10,10.97,10.04,ZARAR (SL),-850.77,176660.57
RUN,2025-01-24,2025-01-28,10.23,9.26,ZARAR (SL),-951.19,175706.38
RUN,2025-04-23,2025-04-24,6.66,7.05,KAR (TP),582.59,176285.96
RUN,2025-05-07,2025-05-08,7.39,8.5,KAR (TP),1499.03,177781.99
RUN,2025-05-21,2025-05-22,10.66,6.71,ZARAR (SL),-3708.44,174070.55
RUN,2025-06-30,2025-07-01,8.18,9.04,KAR (TP),1048.34,175115.9
RUN,2025-07-03,2025-07-07,10.5,11.11,KAR (TP),577.95,175690.85
RUN,2025-07-08,2025-07-09,9.84,10.51,KAR (TP),672.81,176360.66
RUN,2025-07-24,2025-07-28,10.58,11.15,KAR (TP),535.75,176893.41
RUN,2025-08-07,2025-08-11,12.0,11.6,ZARAR (SL),-336.33,176554.08
RUN,2025-08-15,2025-08-18,13.92,15.5,KAR (TP),1132.06,177683.14
RUN,2025-09-18,2025-09-22,16.3,17.61,KAR (TP),800.68,178480.82
RUN,2025-09-23,2025-09-26,16.45,17.67,KAR (TP),738.64,179216.46
RUN,2025-09-30,2025-10-01,17.29,18.35,KAR (TP),610.07,179823.53
RUN,2025-10-02,2025-10-09,19.15,20.32,KAR (TP),607.97,180428.5
RUN,2025-10-10,2025-10-13,18.8,21.17,KAR (TP),1257.64,181683.14
RUN,2025-10-29,2025-11-04,20.12,19.06,ZARAR (SL),-529.84,181150.3
RUN,2025-11-05,2025-11-07,20.59,17.13,ZARAR (SL),-1683.43,179463.87
RUN,2025-12-19,2025-12-22,18.26,20.24,KAR (TP),1081.34,180542.21
SPWR,2024-02-08,2024-02-09,1.39,1.34,ZARAR (SL),-362.71,180176.49
SPWR,2024-04-29,2024-04-30,0.73,0.62,ZARAR (SL),-1509.85,178663.64
SPWR,2024-08-14,2024-08-19,1.62,1.83,KAR (TP),1293.3,179953.94
SPWR,2024-09-12,2024-09-16,2.08,2.47,KAR (TP),1872.0,181822.94
SPWR,2024-10-01,2024-10-03,2.45,2.35,ZARAR (SL),-430.7,181389.24
SPWR,2024-10-04,2024-10-07,2.74,2.45,ZARAR (SL),-1061.39,180324.85
SPWR,2025-01-07,2025-01-08,1.91,1.77,ZARAR (SL),-709.81,179612.04
SPWR,2025-01-21,2025-01-27,1.85,1.78,ZARAR (SL),-381.38,179227.66
SPWR,2025-03-25,2025-03-27,1.71,1.61,ZARAR (SL),-587.8,178636.87
SPWR,2025-03-28,2025-04-03,1.54,1.45,ZARAR (SL),-587.42,178046.45
SPWR,2025-04-09,2025-04-10,1.62,1.47,ZARAR (SL),-959.79,177083.66
SPWR,2025-04-14,2025-04-15,1.63,1.82,KAR (TP),1162.64,178243.31
SPWR,2025-04-16,2025-04-21,1.9,1.8,ZARAR (SL),-503.0,177737.31
SPWR,2025-04-22,2025-04-23,1.63,1.98,KAR (TP),2144.24,179878.55
SPWR,2025-04-24,2025-04-30,1.98,1.89,ZARAR (SL),-457.55,179418.0
SPWR,2025-05-01,2025-05-05,1.94,1.75,ZARAR (SL),-982.38,178432.62
SPWR,2025-05-12,2025-05-13,1.87,1.99,KAR (TP),638.71,179068.33
SPWR,2025-05-14,2025-05-20,1.91,1.76,ZARAR (SL),-788.34,178276.99
SPWR,2025-06-03,2025-06-06,1.78,1.97,KAR (TP),1064.42,179338.41
SPWR,2025-06-20,2025-06-23,1.72,1.64,ZARAR (SL),-468.12,178867.29
SPWR,2025-07-29,2025-07-30,1.85,1.78,ZARAR (SL),-381.38,178482.91
SPWR,2025-09-23,2025-09-25,1.69,1.63,ZARAR (SL),-358.03,178121.88
SPWR,2025-09-26,2025-10-02,1.77,1.95,KAR (TP),1013.95,179132.83
SPWR,2025-10-06,2025-10-07,1.93,1.86,ZARAR (SL),-365.69,178764.14
SPWR,2025-10-09,2025-10-10,1.75,1.6,ZARAR (SL),-860.14,177901.0
SPWR,2025-10-15,2025-10-16,1.98,1.85,ZARAR (SL),-659.57,177238.43
SPWR,2025-10-21,2025-10-22,2.0,1.89,ZARAR (SL),-553.0,176682.43
BLDP,2024-03-05,2024-03-08,3.15,3.31,KAR (TP),504.94,177182.87
BLDP,2024-04-01,2024-04-02,3.27,3.13,ZARAR (SL),-431.13,176748.73
BLDP,2024-04-09,2024-04-10,3.26,3.15,ZARAR (SL),-340.42,176405.31
BLDP,2024-05-17,2024-06-04,3.07,2.92,ZARAR (SL),-491.6,175910.71
BLDP,2024-10-01,2024-10-03,1.76,1.67,ZARAR (SL),-514.36,175393.35
BLDP,2024-10-07,2024-10-08,1.76,1.68,ZARAR (SL),-457.55,174932.8
BLDP,2024-12-12,2024-12-18,1.6,1.52,ZARAR (SL),-503.0,174426.8
BLDP,2024-12-20,2025-01-02,1.62,1.84,KAR (TP),1355.02,175778.82
BLDP,2025-01-08,2025-01-13,1.77,1.63,ZARAR (SL),-793.96,174981.86
BLDP,2025-05-15,2025-05-21,1.37,1.31,ZARAR (SL),-440.96,174537.91
BLDP,2025-05-23,2025-05-28,1.35,1.42,KAR (TP),515.52,175050.43
BLDP,2025-05-29,2025-05-30,1.43,1.29,ZARAR (SL),-982.02,174065.4
BLDP,2025-06-04,2025-06-06,1.38,1.53,KAR (TP),1083.96,175146.36
BLDP,2025-06-09,2025-06-16,1.64,1.79,KAR (TP),911.63,176054.99
BLDP,2025-06-20,2025-06-23,1.52,1.44,ZARAR (SL),-529.32,175522.68
BLDP,2025-06-30,2025-07-02,1.59,1.67,KAR (TP),500.14,176019.82
BLDP,2025-07-09,2025-07-11,1.95,1.87,ZARAR (SL),-413.26,175603.57
BLDP,2025-08-15,2025-08-20,2.0,1.9,ZARAR (SL),-503.0,175097.57
BLDP,2025-09-05,2025-09-09,1.99,1.89,ZARAR (SL),-505.51,174589.05
BLDP,2025-09-11,2025-09-15,2.05,2.17,KAR (TP),582.37,175168.42
BLDP,2025-09-16,2025-09-17,2.2,2.52,KAR (TP),1451.55,176616.97
BLDP,2025-10-10,2025-10-13,3.27,3.49,KAR (TP),669.78,177283.75
FCEL,2024-02-09,2024-02-12,41.1,45.0,KAR (TP),945.91,178226.65
FCEL,2024-03-21,2024-03-22,36.0,34.2,ZARAR (SL),-503.0,177720.65
FCEL,2024-04-09,2024-04-10,36.3,34.5,ZARAR (SL),-498.87,177218.79
FCEL,2024-04-11,2024-04-12,34.2,33.0,ZARAR (SL),-353.88,176861.91
FCEL,2024-05-22,2024-05-23,26.7,25.5,ZARAR (SL),-452.44,176406.47
FCEL,2024-05-28,2024-05-29,28.2,25.2,ZARAR (SL),-1066.83,175336.64
FCEL,2024-05-31,2024-06-03,27.0,30.0,KAR (TP),1108.11,176441.75
FCEL,2024-06-10,2024-06-11,29.4,27.6,ZARAR (SL),-615.24,175823.51
FCEL,2024-06-12,2024-06-13,28.2,26.7,ZARAR (SL),-534.91,175285.59
FCEL,2024-09-18,2024-09-19,14.7,13.8,ZARAR (SL),-615.24,174667.35
FCEL,2024-11-04,2024-11-06,11.4,10.5,ZARAR (SL),-792.47,173871.88
FCEL,2025-01-03,2025-01-06,11.81,12.72,KAR (TP),767.53,174636.41
FCEL,2025-05-08,2025-05-12,4.19,4.58,KAR (TP),927.79,175561.2
FCEL,2025-05-14,2025-05-19,4.03,4.88,KAR (TP),2106.18,177664.38
FCEL,2025-05-22,2025-05-23,4.58,5.48,KAR (TP),1962.07,179623.44
FCEL,2025-05-28,2025-05-29,5.61,5.21,ZARAR (SL),-716.01,178904.43
FCEL,2025-06-03,2025-06-05,5.63,5.2,ZARAR (SL),-766.77,178134.66
FCEL,2025-06-06,2025-06-09,6.47,7.47,KAR (TP),1542.6,179674.26
FCEL,2025-06-10,2025-06-12,6.72,6.32,ZARAR (SL),-598.24,179073.02
FCEL,2025-06-16,2025-06-17,6.94,5.9,ZARAR (SL),-1501.56,177568.46
FCEL,2025-06-18,2025-06-23,6.08,5.88,ZARAR (SL),-331.95,177233.51
FCEL,2025-10-01,2025-10-03,8.73,10.21,KAR (TP),1692.3,178922.82
FCEL,2025-10-13,2025-10-14,10.17,11.43,KAR (TP),1235.94,180155.76
FCEL,2025-10-15,2025-10-16,10.71,9.3,ZARAR (SL),-1319.53,178833.23
FCEL,2025-12-05,2025-12-17,8.37,7.9,ZARAR (SL),-564.53,178265.7
FCEL,2025-12-19,2025-12-22,8.34,8.76,KAR (TP),500.6,178763.3
BE,2024-02-15,2024-02-16,11.97,9.88,ZARAR (SL),-1749.03,177011.27
BE,2024-03-26,2024-04-01,10.8,11.73,KAR (TP),858.11,177866.38
BE,2024-04-02,2024-04-11,11.75,11.38,ZARAR (SL),-317.89,177545.48
BE,2024-05-23,2024-05-28,15.73,16.53,KAR (TP),505.58,178048.07
BE,2024-07-16,2024-07-19,15.08,14.18,ZARAR (SL),-599.82,177445.25
BE,2024-11-04,2024-11-05,10.82,11.4,KAR (TP),533.04,177975.29
BE,2024-11-06,2024-11-08,10.97,13.17,KAR (TP),2002.47,179974.76
BE,2025-01-21,2025-01-23,25.75,27.67,KAR (TP),742.63,180714.4
BE,2025-05-12,2025-05-14,18.91,20.25,KAR (TP),705.62,181417.02
BE,2025-06-03,2025-06-06,20.41,21.78,KAR (TP),668.24,182082.26
BE,2025-06-16,2025-06-17,22.91,21.34,ZARAR (SL),-688.29,181390.97
BE,2025-06-18,2025-06-24,21.5,22.95,KAR (TP),671.42,182059.38
BE,2025-06-27,2025-06-30,22.18,23.92,KAR (TP),781.49,182837.87
BE,2025-07-01,2025-07-03,22.13,24.24,KAR (TP),950.46,183785.33
BE,2025-07-07,2025-07-09,24.36,28.71,KAR (TP),1782.71,185565.05
BE,2025-07-10,2025-07-16,25.85,24.69,ZARAR (SL),-451.74,185110.3
BE,2025-08-20,2025-08-22,44.51,48.54,KAR (TP),902.42,186009.72
BE,2025-09-24,2025-09-29,69.18,73.6,KAR (TP),635.91,186642.63
BE,2025-09-30,2025-10-01,84.57,90.19,KAR (TP),661.54,187301.17
BE,2025-10-22,2025-10-23,94.37,101.42,KAR (TP),744.06,188042.23
BE,2025-10-31,2025-11-03,132.16,142.37,KAR (TP),769.55,188808.78
BE,2025-11-04,2025-11-05,129.05,141.41,KAR (TP),954.77,189760.54
BE,2025-11-07,2025-11-11,135.21,127.07,ZARAR (SL),-605.03,189152.52
SOL,2024-02-14,2024-02-22,2.09,1.97,ZARAR (SL),-577.16,188572.35
SOL,2024-03-04,2024-03-05,2.1,2.02,ZARAR (SL),-383.95,188185.4
SOL,2024-03-07,2024-03-12,2.18,2.02,ZARAR (SL),-736.95,187445.46
SOL,2024-04-01,2024-04-03,2.34,1.96,ZARAR (SL),-1626.93,185815.53
SOL,2024-04-04,2024-04-05,2.15,2.08,ZARAR (SL),-328.58,185483.94
SOL,2024-05-14,2024-05-28,2.01,1.85,ZARAR (SL),-799.02,184681.92
SOL,2024-07-29,2024-07-30,1.77,1.65,ZARAR (SL),-680.97,183997.96
SOL,2024-08-20,2024-08-21,1.85,1.96,KAR (TP),591.59,184586.55
SOL,2024-08-22,2024-08-30,1.88,1.81,ZARAR (SL),-375.34,184208.21
SOL,2024-09-06,2024-09-09,1.9,2.09,KAR (TP),997.0,185202.21
SOL,2024-09-11,2024-09-12,2.35,2.26,ZARAR (SL),-385.98,184813.23
SOL,2024-09-19,2024-09-26,2.23,2.37,KAR (TP),624.8,185435.04
SOL,2024-09-27,2024-09-30,2.39,2.7,KAR (TP),1294.07,186726.11
SOL,2024-10-01,2024-10-02,2.57,2.83,KAR (TP),1008.67,187731.78
SOL,2024-12-23,2025-01-03,2.0,2.17,KAR (TP),847.0,188575.78
SOL,2025-01-06,2025-01-07,2.06,2.25,KAR (TP),919.33,189492.11
SOL,2025-01-15,2025-01-21,2.08,2.01,ZARAR (SL),-339.54,189149.57
SOL,2025-05-08,2025-05-13,1.5,1.6,KAR (TP),663.67,189810.24
SOL,2025-05-22,2025-05-27,1.56,1.67,KAR (TP),702.13,190509.37
SOL,2025-05-30,2025-06-02,1.79,1.66,ZARAR (SL),-729.26,189777.11
SOL,2025-06-09,2025-06-10,1.85,1.79,ZARAR (SL),-327.32,189446.79
SOL,2025-06-12,2025-06-20,1.76,1.89,KAR (TP),735.64,190179.42
SOL,2025-06-23,2025-08-28,1.88,1.82,ZARAR (SL),-322.15,189854.27
SOL,2025-09-03,2025-10-10,1.9,1.83,ZARAR (SL),-351.42,189499.85
LI,2024-03-04,2024-03-07,37.6,36.47,ZARAR (SL),-303.53,189191.82
LI,2024-03-12,2024-03-13,39.72,38.41,ZARAR (SL),-332.81,188856.01
LI,2024-07-03,2024-07-19,20.72,19.64,ZARAR (SL),-524.24,188328.78
LI,2024-08-16,2024-08-28,20.53,17.8,ZARAR (SL),-1332.76,186993.01
LI,2024-12-09,2024-12-10,24.1,22.88,ZARAR (SL),-509.22,186480.79
LI,2024-12-26,2024-12-30,25.32,24.27,ZARAR (SL),-417.69,186060.1
LI,2025-01-06,2025-01-10,23.9,22.24,ZARAR (SL),-697.56,185359.54
LI,2025-01-21,2025-01-22,23.79,22.62,ZARAR (SL),-494.8,184861.73
LI,2025-02-06,2025-02-10,24.82,26.37,KAR (TP),623.64,185482.37
LI,2025-02-11,2025-02-19,25.07,26.46,KAR (TP),551.45,186030.82
LI,2025-02-21,2025-02-24,27.46,26.36,ZARAR (SL),-403.58,185624.24
LI,2025-02-25,2025-02-26,29.84,32.92,KAR (TP),1027.5,186648.73
LI,2025-02-28,2025-03-03,30.73,27.37,ZARAR (SL),-1096.39,185549.34
LI,2025-03-07,2025-03-10,29.02,27.56,ZARAR (SL),-506.1,185040.24
LI,2025-03-11,2025-03-14,29.49,27.46,ZARAR (SL),-691.37,184345.87
LI,2025-05-27,2025-06-09,28.24,30.15,KAR (TP),673.35,185016.21
LI,2025-06-10,2025-06-13,29.08,27.76,ZARAR (SL),-455.28,184557.94
LI,2025-07-16,2025-07-17,29.4,31.36,KAR (TP),663.67,185218.6
LI,2025-09-15,2025-09-23,26.17,25.03,ZARAR (SL),-438.61,184776.99
LI,2025-09-29,2025-10-07,25.23,24.29,ZARAR (SL),-375.57,184398.42
NIO,2024-03-11,2024-03-14,6.1,5.58,ZARAR (SL),-855.46,183539.96
NIO,2024-04-30,2024-05-01,4.72,5.27,KAR (TP),1162.25,184699.21
NIO,2024-05-15,2024-05-23,5.33,4.8,ZARAR (SL),-997.37,183698.84
NIO,2024-05-30,2024-06-04,5.4,5.21,ZARAR (SL),-354.85,183340.99
NIO,2024-07-11,2024-07-19,4.68,4.46,ZARAR (SL),-473.09,182864.91
NIO,2024-09-03,2024-09-05,4.15,4.85,KAR (TP),1683.75,184545.65
NIO,2024-09-23,2024-09-24,5.32,5.94,KAR (TP),1162.41,185705.07
NIO,2024-09-25,2024-09-27,5.65,6.52,KAR (TP),1536.82,187238.89
NIO,2024-09-30,2024-10-01,6.68,7.03,KAR (TP),520.95,187756.84
NIO,2024-10-03,2024-10-08,6.7,6.24,ZARAR (SL),-689.57,187064.27
NIO,2024-12-09,2024-12-10,5.18,4.77,ZARAR (SL),-794.51,186266.77
NIO,2025-01-06,2025-01-07,4.71,4.51,ZARAR (SL),-427.63,185836.14
NIO,2025-01-30,2025-02-03,4.44,4.28,ZARAR (SL),-363.36,185469.78
NIO,2025-02-13,2025-02-26,4.26,4.72,KAR (TP),1076.81,186543.59
NIO,2025-02-27,2025-02-28,4.79,4.63,ZARAR (SL),-337.03,186203.56
NIO,2025-03-10,2025-03-11,4.46,5.22,KAR (TP),1701.04,187901.6
NIO,2025-03-12,2025-03-13,5.1,4.73,ZARAR (SL),-728.49,187170.11
NIO,2025-03-18,2025-03-20,5.19,4.71,ZARAR (SL),-927.86,186239.25
NIO,2025-05-12,2025-05-15,4.2,3.99,ZARAR (SL),-503.0,185733.25
NIO,2025-07-31,2025-08-04,4.87,4.6,ZARAR (SL),-557.41,185172.84
NIO,2025-08-15,2025-08-19,4.81,5.07,KAR (TP),537.54,185707.38
NIO,2025-08-21,2025-08-22,5.54,6.34,KAR (TP),1441.04,187145.42
NIO,2025-09-16,2025-09-17,7.02,7.45,KAR (TP),609.54,187751.96
NIO,2025-09-22,2025-09-25,6.91,7.47,KAR (TP),807.42,188556.38
XPEV,2024-02-26,2024-02-28,9.22,8.73,ZARAR (SL),-534.45,188018.92
XPEV,2024-02-29,2024-03-01,9.43,9.95,KAR (TP),548.43,188564.35
XPEV,2024-03-04,2024-03-11,9.15,10.05,KAR (TP),980.61,189541.96
XPEV,2024-03-18,2024-03-20,9.82,9.51,ZARAR (SL),-318.68,189220.28
XPEV,2024-04-26,2024-05-02,7.84,9.4,KAR (TP),1986.8,191204.07
XPEV,2024-05-13,2024-05-21,8.09,8.77,KAR (TP),837.54,192038.62
XPEV,2024-07-03,2024-07-05,8.32,7.92,ZARAR (SL),-483.77,191551.85
XPEV,2024-07-10,2024-07-11,8.07,8.69,KAR (TP),765.28,192314.13
XPEV,2024-07-12,2024-07-15,8.84,8.4,ZARAR (SL),-500.74,191810.39
XPEV,2024-07-16,2024-07-17,8.95,8.6,ZARAR (SL),-394.06,191413.33
XPEV,2024-07-22,2024-07-23,9.0,8.4,ZARAR (SL),-669.67,190740.66
XPEV,2024-08-27,2024-08-28,8.0,7.28,ZARAR (SL),-903.0,189834.66
XPEV,2024-08-29,2024-09-03,7.87,8.37,KAR (TP),632.32,190463.99
XPEV,2024-09-19,2024-09-24,9.39,10.7,KAR (TP),1392.1,191853.09
XPEV,2024-09-25,2024-09-26,10.43,11.67,KAR (TP),1185.88,193035.96
XPEV,2024-10-14,2024-10-15,11.64,11.16,ZARAR (SL),-415.37,192617.59
XPEV,2024-11-12,2024-11-14,13.67,12.63,ZARAR (SL),-763.79,191850.8
XPEV,2024-11-19,2024-11-22,12.52,11.91,ZARAR (SL),-490.22,191357.58
XPEV,2025-01-07,2025-01-08,12.86,12.14,ZARAR (SL),-562.88,190791.71
XPEV,2025-01-15,2025-01-16,13.05,13.87,KAR (TP),625.35,191414.06
XPEV,2025-01-17,2025-01-21,14.13,15.0,KAR (TP),612.71,192023.77
XPEV,2025-02-10,2025-02-11,16.65,15.52,ZARAR (SL),-681.68,191339.09
XPEV,2025-02-18,2025-02-21,17.48,18.4,KAR (TP),523.32,191859.41
XPEV,2025-02-25,2025-02-26,19.13,21.99,KAR (TP),1492.03,193348.44
XPEV,2025-03-03,2025-03-05,20.25,21.66,KAR (TP),693.3,194038.74
XPEV,2025-03-14,2025-03-18,23.73,22.64,ZARAR (SL),-462.33,193573.4
XPEV,2025-05-12,2025-05-19,21.12,19.98,ZARAR (SL),-542.77,193027.63
XPEV,2025-07-29,2025-08-07,18.4,19.62,KAR (TP),660.04,193684.68
XPEV,2025-08-12,2025-08-14,20.08,19.38,ZARAR (SL),-351.61,193330.07
XPEV,2025-08-18,2025-08-21,19.9,22.75,KAR (TP),1429.16,194756.23
XPEV,2025-08-27,2025-08-28,22.7,21.91,ZARAR (SL),-351.02,194402.21
XPEV,2025-10-03,2025-10-10,23.07,21.02,ZARAR (SL),-891.6,193507.61
XPEV,2025-10-31,2025-11-04,23.49,22.69,ZARAR (SL),-343.57,193161.04
XPEV,2025-11-06,2025-11-07,23.89,22.42,ZARAR (SL),-618.32,192539.72
XPEV,2025-11-10,2025-11-11,26.04,28.07,KAR (TP),776.57,193313.29
XPEV,2025-11-12,2025-11-13,27.28,26.38,ZARAR (SL),-332.91,192977.38
XPEV,2025-11-14,2025-11-17,25.01,22.43,ZARAR (SL),-1034.59,191939.79
RIVN,2024-02-15,2024-02-21,16.35,15.39,ZARAR (SL),-590.16,191346.64
RIVN,2024-05-15,2024-05-30,10.2,10.97,KAR (TP),751.9,192095.54
RIVN,2024-06-12,2024-06-13,11.8,11.11,ZARAR (SL),-587.75,191504.79
RIVN,2024-06-25,2024-06-26,11.96,14.74,KAR (TP),2321.41,193823.21
RIVN,2024-06-27,2024-06-28,14.47,13.42,ZARAR (SL),-728.64,193091.57
RIVN,2024-07-01,2024-07-02,13.92,14.89,KAR (TP),693.84,193782.41
RIVN,2024-09-11,2024-09-13,13.93,13.5,ZARAR (SL),-311.69,193467.72
RIVN,2024-11-08,2024-11-13,10.59,12.03,KAR (TP),1356.77,194821.49
RIVN,2024-11-25,2024-11-27,11.6,12.22,KAR (TP),531.48,195349.98
RIVN,2024-12-18,2024-12-20,13.06,13.83,KAR (TP),586.59,195933.56
RIVN,2025-01-03,2025-01-06,16.49,15.72,ZARAR (SL),-472.98,195457.58
RIVN,2025-02-18,2025-02-19,14.44,13.93,ZARAR (SL),-356.19,195098.4
RIVN,2025-02-20,2025-02-21,13.61,12.97,ZARAR (SL),-473.24,194622.15
RIVN,2025-03-24,2025-03-27,12.19,13.02,KAR (TP),677.89,195297.04
RIVN,2025-03-28,2025-04-01,12.41,13.28,KAR (TP),698.05,195992.09
RIVN,2025-04-02,2025-04-03,12.49,11.53,ZARAR (SL),-771.61,195217.47
RIVN,2025-04-09,2025-04-21,11.77,11.15,ZARAR (SL),-529.76,194684.71
RIVN,2025-04-28,2025-05-07,13.19,12.72,ZARAR (SL),-359.33,194322.38
RIVN,2025-05-08,2025-05-12,13.68,14.64,KAR (TP),698.75,195018.13
RIVN,2025-07-21,2025-07-29,13.7,13.06,ZARAR (SL),-470.15,194544.98
RIVN,2025-09-08,2025-09-12,13.99,13.46,ZARAR (SL),-381.84,194160.14
RIVN,2025-09-16,2025-09-22,14.32,15.24,KAR (TP),639.46,194796.6
RIVN,2025-09-23,2025-09-30,15.53,14.68,ZARAR (SL),-550.33,194243.27
RIVN,2025-11-05,2025-11-10,15.42,16.41,KAR (TP),639.02,194879.29
RIVN,2025-12-16,2025-12-18,17.9,20.28,KAR (TP),1326.61,196202.9
LCID,2024-05-02,2024-05-06,27.8,30.5,KAR (TP),968.22,197168.13
LCID,2024-05-13,2024-05-14,28.1,31.2,KAR (TP),1100.2,198265.33
LCID,2024-05-15,2024-05-23,29.0,27.2,ZARAR (SL),-623.69,197638.64
LCID,2024-07-03,2024-07-08,29.5,31.6,KAR (TP),708.86,198344.5
LCID,2024-07-15,2024-07-16,36.1,39.7,KAR (TP),994.23,199335.73
LCID,2024-07-17,2024-07-18,37.9,35.7,ZARAR (SL),-583.48,198749.26
LCID,2024-08-21,2024-08-22,35.8,38.5,KAR (TP),751.19,199497.45
LCID,2024-08-28,2024-09-03,39.4,38.2,ZARAR (SL),-307.57,199186.88
LCID,2024-09-05,2024-09-09,36.3,34.6,ZARAR (SL),-471.32,198712.56
LCID,2024-09-11,2024-09-16,39.8,37.7,ZARAR (SL),-530.64,198178.92
LCID,2024-12-06,2024-12-09,23.0,25.5,KAR (TP),1083.96,199259.88
LCID,2024-12-10,2024-12-12,23.6,25.4,KAR (TP),759.71,200016.59
LCID,2024-12-18,2024-12-20,25.3,30.2,KAR (TP),1933.76,201947.35
LCID,2024-12-31,2025-01-03,30.2,32.9,KAR (TP),891.04,202835.39
LCID,2025-01-07,2025-01-08,31.8,29.8,ZARAR (SL),-631.93,202200.46
LCID,2025-02-13,2025-02-18,32.6,34.8,KAR (TP),671.85,202869.31
LCID,2025-02-21,2025-02-24,30.6,27.8,ZARAR (SL),-918.03,201948.27
LCID,2025-04-01,2025-04-02,25.3,24.0,ZARAR (SL),-516.83,201428.44
LCID,2025-04-03,2025-04-07,23.2,24.5,KAR (TP),557.34,201982.78
LCID,2025-04-09,2025-04-15,25.5,24.4,ZARAR (SL),-434.37,201545.41
LCID,2025-05-12,2025-05-14,26.2,27.6,KAR (TP),531.35,202073.76
LCID,2025-05-16,2025-05-19,28.4,26.8,ZARAR (SL),-566.38,201504.38
LCID,2025-05-20,2025-05-21,29.6,27.7,ZARAR (SL),-644.89,200856.49
LCID,2025-07-08,2025-07-17,23.0,31.2,KAR (TP),3562.22,204415.71
LCID,2025-07-21,2025-07-22,28.2,31.3,KAR (TP),1096.29,205509.0
LCID,2025-10-08,2025-10-09,22.52,21.69,ZARAR (SL),-371.56,205134.44
WKHS,2024-02-16,2024-02-20,882.0,1080.0,KAR (TP),2241.9,207373.33
WKHS,2024-02-21,2024-02-22,951.0,855.0,ZARAR (SL),-1012.46,206357.87
WKHS,2024-02-26,2024-02-27,936.0,1005.0,KAR (TP),734.18,207089.05
WKHS,2024-03-11,2024-03-12,948.0,828.0,ZARAR (SL),-1268.82,205817.23
WKHS,2024-05-14,2024-05-15,627.0,681.0,KAR (TP),858.24,206672.47
WKHS,2024-05-17,2024-05-21,720.0,639.0,ZARAR (SL),-1128.0,205541.47
WKHS,2024-05-23,2024-05-24,588.0,645.0,KAR (TP),966.39,206504.86
WKHS,2024-07-18,2024-07-19,283.5,250.5,ZARAR (SL),-1167.02,205334.84
WKHS,2024-09-24,2024-09-25,133.5,121.65,ZARAR (SL),-890.64,204441.2
WKHS,2024-10-15,2024-10-17,127.5,117.0,ZARAR (SL),-826.53,203611.67
WKHS,2024-11-07,2024-11-08,126.3,118.2,ZARAR (SL),-644.33,202964.34
WKHS,2024-11-14,2024-11-15,177.0,187.5,KAR (TP),590.22,203551.56
WKHS,2024-11-19,2024-11-20,183.0,157.5,ZARAR (SL),-1396.44,202152.12
WKHS,2025-06-09,2025-06-12,12.36,11.58,ZARAR (SL),-634.07,201515.05
WKHS,2025-06-16,2025-06-17,12.12,11.64,ZARAR (SL),-399.04,201113.01
WKHS,2025-06-27,2025-06-30,13.68,13.2,ZARAR (SL),-353.88,200756.13
WKHS,2025-07-01,2025-07-02,14.76,16.08,KAR (TP),891.31,201644.44
WKHS,2025-07-14,2025-07-15,33.72,25.56,ZARAR (SL),-2422.93,199218.51
WKHS,2025-07-16,2025-07-17,27.12,25.2,ZARAR (SL),-710.96,198504.55
QS,2024-02-12,2024-02-13,7.88,7.48,ZARAR (SL),-510.61,197990.93
QS,2024-02-14,2024-02-15,7.67,7.22,ZARAR (SL),-589.7,197398.23
QS,2024-03-28,2024-04-02,6.29,5.9,ZARAR (SL),-623.03,196772.2
QS,2024-04-09,2024-04-10,6.27,5.94,ZARAR (SL),-529.32,196239.88
QS,2024-05-13,2024-05-17,5.97,5.6,ZARAR (SL),-622.77,195614.12
QS,2024-05-22,2024-05-23,5.77,5.53,ZARAR (SL),-418.94,195192.17
QS,2024-05-30,2024-06-03,5.99,5.78,ZARAR (SL),-353.58,194835.59
QS,2024-07-25,2024-07-29,6.88,6.54,ZARAR (SL),-497.19,194335.4
QS,2024-09-11,2024-09-25,5.86,5.65,ZARAR (SL),-361.36,193971.04
QS,2024-09-26,2024-10-01,5.8,5.37,ZARAR (SL),-744.38,193223.66
QS,2024-10-24,2024-10-25,6.5,6.19,ZARAR (SL),-479.92,192740.74
QS,2024-12-02,2024-12-03,5.2,5.01,ZARAR (SL),-368.38,192369.35
QS,2024-12-09,2024-12-10,5.24,5.01,ZARAR (SL),-441.93,191924.42
QS,2024-12-17,2024-12-18,5.31,5.08,ZARAR (SL),-436.15,191485.28
QS,2024-12-26,2024-12-27,6.14,5.95,ZARAR (SL),-312.45,191169.83
QS,2024-12-30,2024-12-31,5.49,5.19,ZARAR (SL),-549.45,190617.39
QS,2025-01-03,2025-01-06,6.0,6.58,KAR (TP),963.67,191578.05
QS,2025-01-07,2025-01-08,6.29,5.72,ZARAR (SL),-909.2,190665.85
QS,2025-02-18,2025-02-19,5.54,5.2,ZARAR (SL),-616.72,190046.13
QS,2025-02-21,2025-02-24,5.18,5.0,ZARAR (SL),-350.49,189692.64
QS,2025-05-09,2025-05-12,4.06,4.28,KAR (TP),538.87,190228.52
QS,2025-05-15,2025-05-16,4.26,4.73,KAR (TP),1100.29,191325.8
QS,2025-05-28,2025-05-29,4.32,4.06,ZARAR (SL),-604.85,190717.95
QS,2025-06-09,2025-06-11,4.35,4.62,KAR (TP),617.69,191332.64
QS,2025-06-24,2025-06-25,4.33,5.67,KAR (TP),3091.69,194421.33
QS,2025-09-08,2025-09-09,9.49,8.53,ZARAR (SL),-1014.59,193403.74
QS,2025-09-12,2025-09-18,9.95,12.13,KAR (TP),2187.96,195588.69
QS,2025-10-09,2025-10-13,14.99,16.99,KAR (TP),1331.22,196916.91
QS,2025-10-29,2025-10-31,15.84,18.44,KAR (TP),1638.41,198552.33
GOEV,2024-03-20,2024-03-21,68.2,86.8,KAR (TP),2724.27,201273.6
GOEV,2024-06-28,2024-07-01,42.6,40.4,ZARAR (SL),-519.43,200751.17
GOEV,2024-07-02,2024-07-03,46.6,44.6,ZARAR (SL),-432.18,200315.99
COIN,2024-02-09,2024-02-14,141.99,160.38,KAR (TP),1292.16,201605.15
COIN,2024-05-15,2024-05-16,219.91,199.17,ZARAR (SL),-946.11,200656.03
COIN,2024-05-22,2024-05-23,231.51,218.86,ZARAR (SL),-549.41,200103.62
COIN,2024-05-24,2024-05-31,237.65,225.92,ZARAR (SL),-496.58,199604.04
COIN,2024-06-04,2024-06-06,244.2,257.08,KAR (TP),524.44,200125.48
COIN,2024-06-07,2024-06-18,244.16,235.95,ZARAR (SL),-339.26,199783.22
COIN,2024-07-16,2024-07-18,251.49,233.24,ZARAR (SL),-728.67,199051.54
COIN,2024-07-19,2024-07-24,257.79,245.06,ZARAR (SL),-496.81,198551.73
COIN,2024-10-11,2024-10-14,176.38,196.35,KAR (TP),1129.21,199677.95
COIN,2024-10-15,2024-10-16,196.34,210.48,KAR (TP),717.18,200392.13
COIN,2024-10-23,2024-10-24,198.93,209.16,KAR (TP),511.25,200900.38
COIN,2024-11-06,2024-11-08,254.31,270.74,KAR (TP),643.06,201540.44
COIN,2024-11-13,2024-11-15,284.72,305.85,KAR (TP),739.13,202276.57
COIN,2024-11-18,2024-11-21,325.41,295.23,ZARAR (SL),-930.45,201343.13
COIN,2024-12-05,2024-12-06,320.57,343.62,KAR (TP),716.03,202056.16
COIN,2025-01-21,2025-01-27,294.19,277.99,ZARAR (SL),-553.66,201499.49
COIN,2025-02-03,2025-02-05,284.41,275.14,ZARAR (SL),-328.94,201167.56
COIN,2025-02-13,2025-02-14,298.11,274.31,ZARAR (SL),-801.36,200363.19
COIN,2025-05-09,2025-05-13,199.32,256.9,KAR (TP),2885.82,203246.01
COIN,2025-05-15,2025-05-16,244.44,266.46,KAR (TP),897.83,204140.85
COIN,2025-06-18,2025-06-24,295.29,344.82,KAR (TP),1674.33,205812.18
COIN,2025-09-17,2025-09-18,320.56,343.13,KAR (TP),701.08,206510.26
COIN,2025-09-22,2025-09-23,331.95,320.07,ZARAR (SL),-360.89,206146.38
COIN,2025-09-29,2025-10-02,333.99,372.07,KAR (TP),1137.15,207280.53
COIN,2025-10-03,2025-10-10,380.02,357.01,ZARAR (SL),-608.49,206669.04
COIN,2025-10-13,2025-10-14,356.99,341.55,ZARAR (SL),-435.51,206230.53
COIN,2025-10-24,2025-10-30,354.46,328.51,ZARAR (SL),-735.1,205492.43
HOOD,2024-02-12,2024-02-14,12.01,13.38,KAR (TP),1137.72,206627.15
HOOD,2024-05-14,2024-05-17,18.02,20.09,KAR (TP),1145.72,207769.87
HOOD,2024-05-22,2024-05-29,19.66,21.08,KAR (TP),721.82,208488.69
HOOD,2024-05-30,2024-05-31,21.84,20.9,ZARAR (SL),-433.4,208052.29
HOOD,2024-06-21,2024-06-24,22.29,21.37,ZARAR (SL),-415.74,207633.55
HOOD,2024-07-17,2024-07-18,24.18,22.83,ZARAR (SL),-561.31,207069.24
HOOD,2024-07-22,2024-07-24,23.42,21.41,ZARAR (SL),-861.24,206205.0
HOOD,2024-09-11,2024-09-13,20.64,22.07,KAR (TP),689.83,206891.83
HOOD,2024-09-20,2024-09-27,22.73,23.89,KAR (TP),507.34,207396.16
HOOD,2024-10-02,2024-10-08,22.63,25.61,KAR (TP),1313.84,208707.0
HOOD,2024-10-09,2024-10-14,25.65,27.0,KAR (TP),523.32,209227.32
HOOD,2024-10-28,2024-10-31,27.88,23.49,ZARAR (SL),-1577.61,207646.71
HOOD,2024-11-06,2024-11-11,29.86,32.8,KAR (TP),981.59,208625.31
HOOD,2024-11-12,2024-11-13,33.0,31.91,ZARAR (SL),-333.3,208289.0
HOOD,2024-11-18,2024-11-25,35.0,37.85,KAR (TP),811.29,209097.29
HOOD,2024-12-10,2024-12-12,37.36,39.33,KAR (TP),524.3,209618.59
HOOD,2024-12-16,2024-12-17,43.2,41.63,ZARAR (SL),-366.43,209249.17
HOOD,2025-01-14,2025-01-15,41.76,45.56,KAR (TP),906.96,210153.13
HOOD,2025-01-17,2025-01-24,48.15,51.12,KAR (TP),613.82,210763.95
HOOD,2025-01-27,2025-01-29,47.74,51.15,KAR (TP),711.29,211472.24
HOOD,2025-02-10,2025-02-11,56.27,53.34,ZARAR (SL),-523.7,210945.53
HOOD,2025-02-12,2025-02-13,55.91,63.8,KAR (TP),1408.2,212350.73
HOOD,2025-02-18,2025-02-20,60.44,56.06,ZARAR (SL),-727.69,211620.04
HOOD,2025-04-09,2025-04-10,42.21,40.51,ZARAR (SL),-405.75,211211.29
HOOD,2025-05-01,2025-05-07,46.62,49.99,KAR (TP),719.87,211928.16
HOOD,2025-06-10,2025-06-16,72.51,76.75,KAR (TP),581.75,212506.91
HOOD,2025-06-24,2025-06-30,82.01,93.63,KAR (TP),1413.9,213917.81
HOOD,2025-07-08,2025-07-10,91.27,98.7,KAR (TP),811.07,214725.88
HOOD,2025-07-31,2025-08-01,103.05,99.9,ZARAR (SL),-308.68,214414.2
HOOD,2025-08-13,2025-08-15,108.62,114.17,KAR (TP),507.96,214919.15
HOOD,2025-09-08,2025-09-19,117.28,124.78,KAR (TP),636.5,215552.65
UPST,2024-02-09,2024-02-14,33.9,26.46,ZARAR (SL),-2197.69,213351.96
UPST,2024-03-20,2024-03-27,26.56,28.17,KAR (TP),603.17,213952.13
UPST,2024-03-28,2024-04-02,26.89,25.74,ZARAR (SL),-430.67,213518.46
UPST,2024-05-09,2024-05-14,26.17,28.59,KAR (TP),921.72,214437.19
UPST,2024-05-15,2024-05-16,28.11,25.61,ZARAR (SL),-892.36,213541.82
UPST,2024-06-05,2024-06-07,26.43,24.59,ZARAR (SL),-699.18,212839.65
UPST,2024-07-18,2024-07-24,28.41,25.02,ZARAR (SL),-1196.24,211640.4
UPST,2024-07-31,2024-08-01,27.93,25.4,ZARAR (SL),-908.84,210728.57
UPST,2024-08-07,2024-08-09,33.3,36.25,KAR (TP),882.89,211608.45
UPST,2024-10-04,2024-10-11,41.3,47.02,KAR (TP),1381.99,212987.44
UPST,2024-11-05,2024-11-06,50.6,53.98,KAR (TP),664.98,213649.43
UPST,2024-11-07,2024-11-08,55.47,81.0,KAR (TP),4599.49,218245.91
UPST,2024-11-12,2024-11-22,69.43,74.06,KAR (TP),663.86,218906.77
UPST,2024-12-12,2024-12-13,77.08,84.46,KAR (TP),954.45,219858.22
UPST,2025-01-23,2025-01-27,69.31,65.01,ZARAR (SL),-623.4,219231.82
UPST,2025-02-07,2025-02-12,68.85,88.77,KAR (TP),2890.25,222119.06
UPST,2025-02-13,2025-02-20,84.16,79.21,ZARAR (SL),-591.17,221524.9
UPST,2025-05-07,2025-05-12,46.44,52.96,KAR (TP),1400.96,222922.86
UPST,2025-06-13,2025-06-16,52.02,55.06,KAR (TP),581.39,223501.25
UPST,2025-06-20,2025-06-24,58.01,64.85,KAR (TP),1176.11,224674.36
UPST,2025-06-27,2025-07-01,63.43,68.14,KAR (TP),739.55,225410.91
UPST,2025-07-30,2025-08-01,83.32,79.22,ZARAR (SL),-495.65,224912.26
UPST,2025-08-05,2025-08-06,82.62,67.14,ZARAR (SL),-1876.64,223032.62
UPST,2025-09-17,2025-09-22,68.12,64.9,ZARAR (SL),-475.7,222553.93
UPST,2025-12-15,2025-12-22,46.05,48.77,KAR (TP),587.66,223138.59
AFRM,2024-02-08,2024-02-09,49.22,43.86,ZARAR (SL),-1091.99,222042.1
AFRM,2024-03-20,2024-03-22,37.79,36.04,ZARAR (SL),-466.09,221573.02
AFRM,2024-05-02,2024-05-08,34.44,31.58,ZARAR (SL),-833.43,220736.59
AFRM,2024-05-09,2024-05-10,34.81,31.59,ZARAR (SL),-928.02,219805.56
AFRM,2024-05-14,2024-05-15,33.44,32.3,ZARAR (SL),-343.91,219458.66
AFRM,2024-05-17,2024-05-21,33.83,32.28,ZARAR (SL),-461.17,218994.48
AFRM,2024-06-11,2024-06-12,33.8,35.75,KAR (TP),573.92,219565.4
AFRM,2024-06-13,2024-06-14,33.43,30.9,ZARAR (SL),-759.81,218802.6
AFRM,2024-06-24,2024-06-26,33.7,31.41,ZARAR (SL),-682.53,218117.07
AFRM,2024-07-16,2024-07-17,33.46,32.27,ZARAR (SL),-358.65,217755.43
AFRM,2024-08-19,2024-08-20,30.34,29.29,ZARAR (SL),-349.08,217403.35
AFRM,2024-08-21,2024-08-23,29.75,31.46,KAR (TP),571.79,217972.14
AFRM,2024-09-19,2024-09-25,44.98,43.24,ZARAR (SL),-389.84,217579.3
AFRM,2024-10-09,2024-10-11,43.25,47.08,KAR (TP),882.55,218458.85
AFRM,2024-10-14,2024-10-17,49.26,43.93,ZARAR (SL),-1085.01,217370.84
AFRM,2024-10-30,2024-10-31,45.24,43.85,ZARAR (SL),-310.25,217057.58
AFRM,2024-11-06,2024-11-08,50.0,46.48,ZARAR (SL),-707.0,216347.58
AFRM,2024-11-13,2024-11-18,54.82,62.06,KAR (TP),1317.69,217662.27
AFRM,2024-12-17,2024-12-18,70.89,63.34,ZARAR (SL),-1068.03,216591.24
AFRM,2025-02-06,2025-02-07,61.75,75.22,KAR (TP),2178.38,218766.62
AFRM,2025-05-12,2025-05-14,53.74,56.55,KAR (TP),519.89,219283.5
AFRM,2025-05-15,2025-05-20,51.75,49.74,ZARAR (SL),-391.41,218889.1
AFRM,2025-07-08,2025-07-11,67.73,64.72,ZARAR (SL),-447.41,218438.69
AFRM,2025-07-17,2025-07-21,69.47,66.75,ZARAR (SL),-394.54,218041.15
AFRM,2025-07-30,2025-08-04,67.43,74.79,KAR (TP),1088.5,219126.65
AFRM,2025-08-05,2025-08-07,74.86,78.96,KAR (TP),544.69,219668.34
AFRM,2025-08-08,2025-08-12,72.33,76.89,KAR (TP),626.75,220292.09
AFRM,2025-08-14,2025-08-19,77.02,73.86,ZARAR (SL),-413.28,219875.81
AFRM,2025-08-22,2025-08-29,79.49,88.46,KAR (TP),1125.44,220998.26
AFRM,2025-09-02,2025-09-04,82.22,89.66,KAR (TP),901.89,221897.15
AFRM,2025-11-07,2025-11-12,73.62,78.95,KAR (TP),720.99,222615.13
AFRM,2025-11-13,2025-11-14,73.18,70.51,ZARAR (SL),-367.85,222244.28
AFRM,2025-12-16,2025-12-22,73.39,78.57,KAR (TP),702.82,222944.1
SOFI,2024-04-08,2024-04-12,7.76,7.33,ZARAR (SL),-557.12,222383.97
SOFI,2024-04-23,2024-04-29,7.58,7.05,ZARAR (SL),-708.8,221672.17
SOFI,2024-05-14,2024-05-16,7.47,7.12,ZARAR (SL),-471.54,221197.63
SOFI,2024-07-29,2024-08-02,7.33,6.65,ZARAR (SL),-930.69,220263.93
SOFI,2024-09-03,2024-09-05,7.53,7.26,ZARAR (SL),-361.57,219899.37
SOFI,2024-09-13,2024-09-19,7.74,8.19,KAR (TP),578.4,220474.76
SOFI,2024-09-24,2024-10-04,7.83,8.39,KAR (TP),712.2,221183.96
SOFI,2024-10-08,2024-10-11,8.41,9.01,KAR (TP),710.44,221891.4
SOFI,2024-12-09,2024-12-16,15.57,16.88,KAR (TP),838.36,222726.76
SOFI,2024-12-17,2024-12-18,16.66,15.24,ZARAR (SL),-855.34,221868.42
SOFI,2025-01-21,2025-01-27,17.9,16.08,ZARAR (SL),-1019.76,220845.66
SOFI,2025-02-18,2025-02-19,16.83,16.18,ZARAR (SL),-389.21,220453.44
SOFI,2025-04-30,2025-05-08,12.51,13.26,KAR (TP),596.52,221046.97
SOFI,2025-06-05,2025-06-10,13.67,14.39,KAR (TP),523.7,221567.67
SOFI,2025-06-13,2025-06-16,14.09,14.9,KAR (TP),571.88,222136.54
SOFI,2025-06-17,2025-06-18,14.43,15.36,KAR (TP),641.49,222775.03
SOFI,2025-06-20,2025-06-25,15.2,16.08,KAR (TP),575.95,223347.98
SOFI,2025-07-29,2025-08-01,22.4,21.23,ZARAR (SL),-525.32,222819.66
SOFI,2025-08-19,2025-08-22,22.75,25.02,KAR (TP),994.8,223811.46
SOFI,2025-08-28,2025-09-02,26.04,24.91,ZARAR (SL),-436.95,223371.51
SOFI,2025-09-05,2025-09-15,25.6,27.67,KAR (TP),805.59,224174.11
SOFI,2025-09-17,2025-09-19,27.14,29.51,KAR (TP),870.25,225041.36
SOFI,2025-09-29,2025-09-30,27.55,26.42,ZARAR (SL),-413.16,224625.19
SOFI,2025-10-07,2025-10-10,28.14,26.19,ZARAR (SL),-695.96,223926.23
SOFI,2025-10-14,2025-10-16,27.87,26.6,ZARAR (SL),-458.69,223464.54
SOFI,2025-10-27,2025-10-28,30.0,31.66,KAR (TP),550.33,224011.88
SOFI,2025-10-29,2025-10-30,30.9,29.03,ZARAR (SL),-608.18,223400.7
SOFI,2025-11-03,2025-11-04,30.63,29.37,ZARAR (SL),-414.36,222983.34
SOFI,2025-11-10,2025-11-12,30.54,32.21,KAR (TP),543.82,223524.16
MQ,2024-02-15,2024-02-21,6.51,6.15,ZARAR (SL),-556.0,222965.16
MQ,2024-02-22,2024-02-27,6.49,7.12,KAR (TP),967.72,223929.89
MQ,2024-02-29,2024-03-04,6.53,6.18,ZARAR (SL),-538.99,223387.9
MQ,2024-05-15,2024-05-16,5.86,5.65,ZARAR (SL),-361.36,223023.54
MQ,2024-06-25,2024-07-19,5.41,5.17,ZARAR (SL),-446.62,222573.92
MQ,2024-08-29,2024-09-03,5.34,5.11,ZARAR (SL),-433.71,222137.2
MQ,2024-10-14,2024-10-28,5.08,5.78,KAR (TP),1374.95,223509.16
MQ,2024-12-09,2024-12-18,3.96,3.71,ZARAR (SL),-634.31,222871.84
MQ,2025-01-27,2025-02-12,3.84,3.71,ZARAR (SL),-341.54,222527.3
MQ,2025-02-19,2025-02-21,3.84,3.69,ZARAR (SL),-393.62,222130.68
MQ,2025-02-27,2025-03-05,4.25,4.11,ZARAR (SL),-332.41,221795.27
MQ,2025-03-10,2025-03-14,3.87,4.1,KAR (TP),591.32,222383.58
MQ,2025-03-17,2025-03-19,4.32,4.57,KAR (TP),575.7,222956.29
MQ,2025-03-26,2025-03-28,4.39,4.19,ZARAR (SL),-458.58,222494.71
MQ,2025-05-07,2025-05-08,4.09,4.49,KAR (TP),974.99,223466.7
MQ,2025-06-13,2025-06-24,5.38,5.75,KAR (TP),684.73,224148.43
MQ,2025-08-08,2025-08-14,6.52,6.18,ZARAR (SL),-524.47,223620.96
MQ,2025-08-18,2025-08-20,6.17,5.98,ZARAR (SL),-310.94,223307.02
MQ,2025-11-11,2025-11-14,5.04,4.88,ZARAR (SL),-320.46,222983.56
MQ,2025-11-17,2025-12-11,4.72,4.99,KAR (TP),569.03,223549.59
BILL,2024-01-31,2024-02-07,78.05,74.93,ZARAR (SL),-402.74,223142.35
BILL,2024-03-18,2024-04-01,67.47,64.5,ZARAR (SL),-443.2,222696.15
BILL,2024-05-01,2024-05-03,62.8,56.58,ZARAR (SL),-993.45,221699.71
BILL,2024-06-28,2024-07-09,52.62,50.79,ZARAR (SL),-350.78,221345.93
BILL,2024-07-18,2024-07-24,52.75,50.86,ZARAR (SL),-361.29,220981.64
BILL,2024-08-29,2024-09-03,54.98,52.75,ZARAR (SL),-408.6,220570.03
BILL,2024-09-19,2024-09-23,54.76,52.65,ZARAR (SL),-388.32,220178.72
BILL,2024-10-04,2024-10-31,55.51,58.36,KAR (TP),510.42,220686.14
BILL,2024-11-01,2024-11-06,58.26,64.72,KAR (TP),1105.82,221788.96
BILL,2024-12-03,2024-12-05,88.48,95.47,KAR (TP),787.01,222572.97
BILL,2025-01-28,2025-02-07,97.07,62.13,ZARAR (SL),-3602.46,218967.51
BILL,2025-05-02,2025-05-08,45.3,47.57,KAR (TP),498.1,219462.61
BILL,2025-05-09,2025-05-12,44.72,47.37,KAR (TP),589.58,220049.19
BILL,2025-05-13,2025-05-16,47.73,46.26,ZARAR (SL),-310.98,219735.2
BILL,2025-06-23,2025-07-02,44.29,46.56,KAR (TP),509.53,220241.73
BILL,2025-07-23,2025-07-29,46.54,45.03,ZARAR (SL),-327.45,219911.28
BILL,2025-08-29,2025-09-05,46.42,51.54,KAR (TP),1099.97,221008.26
BILL,2025-11-12,2025-11-13,51.92,50.11,ZARAR (SL),-351.61,220653.64
BILL,2025-12-17,2025-12-19,53.27,55.98,KAR (TP),505.73,221156.37
TOST,2024-02-15,2024-02-16,19.2,22.42,KAR (TP),1674.08,222827.45
TOST,2024-02-20,2024-02-21,21.78,20.75,ZARAR (SL),-475.91,222348.54
TOST,2024-02-29,2024-03-04,23.0,24.39,KAR (TP),601.35,222946.89
TOST,2024-03-15,2024-03-28,23.55,24.92,KAR (TP),578.74,223522.63
TOST,2024-05-02,2024-05-08,23.38,26.82,KAR (TP),1468.34,224987.98
TOST,2024-07-16,2024-07-24,27.3,24.8,ZARAR (SL),-918.75,224066.22
TOST,2024-09-11,2024-09-16,25.0,26.57,KAR (TP),625.0,224688.22
TOST,2024-09-17,2024-09-30,26.75,28.31,KAR (TP),580.18,225265.4
TOST,2024-10-02,2024-10-09,27.43,28.98,KAR (TP),562.07,225824.48
TOST,2024-10-11,2024-10-18,28.34,30.32,KAR (TP),695.66,226517.14
TOST,2024-10-24,2024-11-06,30.03,32.14,KAR (TP),699.63,227213.77
TOST,2024-11-07,2024-11-08,32.67,37.48,KAR (TP),1469.3,228680.06
TOST,2025-01-06,2025-01-07,38.94,37.43,ZARAR (SL),-390.78,228286.29
TOST,2025-01-21,2025-01-31,38.65,40.92,KAR (TP),584.32,228867.61
TOST,2025-02-04,2025-02-05,39.24,41.32,KAR (TP),527.07,229391.68
TOST,2025-02-07,2025-02-12,41.12,39.75,ZARAR (SL),-336.17,229052.51
TOST,2025-02-14,2025-02-21,40.49,37.7,ZARAR (SL),-692.06,228357.45
TOST,2025-04-28,2025-05-09,35.74,40.84,KAR (TP),1423.97,229778.42
TOST,2025-05-30,2025-06-24,42.18,44.67,KAR (TP),587.33,230362.75
TOST,2025-06-27,2025-07-02,43.89,42.54,ZARAR (SL),-310.59,230049.16
TOST,2025-07-07,2025-07-11,44.83,43.39,ZARAR (SL),-324.21,229721.95
TOST,2025-07-15,2025-07-17,44.34,46.62,KAR (TP),511.21,230230.16
TOST,2025-07-21,2025-08-07,47.31,45.61,ZARAR (SL),-362.33,229864.82
TOST,2025-11-05,2025-11-06,39.02,36.38,ZARAR (SL),-679.58,229182.25
TOST,2025-11-10,2025-11-13,38.18,36.71,ZARAR (SL),-388.02,228791.23
BRZE,2024-02-08,2024-02-20,58.62,56.8,ZARAR (SL),-313.47,228473.26
BRZE,2024-02-23,2024-03-05,57.07,52.34,ZARAR (SL),-831.81,227638.45
BRZE,2024-05-13,2024-05-30,41.72,37.32,ZARAR (SL),-1057.65,226577.8
BRZE,2024-07-10,2024-07-15,37.8,40.3,KAR (TP),658.38,227233.17
BRZE,2024-07-25,2024-07-31,41.61,44.06,KAR (TP),585.8,227815.98
BRZE,2024-08-19,2024-09-06,43.71,35.57,ZARAR (SL),-1865.27,225947.7
BRZE,2024-11-18,2024-11-21,34.51,37.98,KAR (TP),1002.51,226947.21
BRZE,2024-11-27,2024-12-04,38.82,42.22,KAR (TP),872.84,227817.05
BRZE,2024-12-18,2024-12-31,43.37,41.88,ZARAR (SL),-346.55,227467.49
BRZE,2025-01-03,2025-01-10,44.87,42.63,ZARAR (SL),-502.22,226962.27
BRZE,2025-03-25,2025-03-26,39.14,37.33,ZARAR (SL),-465.44,226493.83
BRZE,2025-03-27,2025-04-03,36.7,32.74,ZARAR (SL),-1082.02,225408.81
BRZE,2025-05-05,2025-05-08,31.71,33.66,KAR (TP),611.95,226017.76
BRZE,2025-05-19,2025-06-06,35.46,29.73,ZARAR (SL),-1618.91,224395.85
BRZE,2025-07-17,2025-07-28,28.24,29.78,KAR (TP),542.33,224935.18
BRZE,2025-07-29,2025-07-30,29.62,28.66,ZARAR (SL),-327.11,224605.07
BRZE,2025-09-02,2025-09-05,27.04,31.42,KAR (TP),1616.82,226218.9
BRZE,2025-09-15,2025-09-17,30.39,31.93,KAR (TP),503.75,226719.64
BRZE,2025-09-19,2025-09-30,32.04,28.44,ZARAR (SL),-1126.6,225590.05
BRZE,2025-11-12,2025-11-13,29.37,28.21,ZARAR (SL),-397.96,225189.08
BRZE,2025-12-04,2025-12-10,29.87,36.19,KAR (TP),2112.83,227298.92
DOCU,2024-03-06,2024-03-08,52.47,55.97,KAR (TP),664.05,227959.97
DOCU,2024-03-15,2024-04-03,56.77,60.55,KAR (TP),662.84,228619.81
DOCU,2024-04-12,2024-04-15,58.9,56.67,ZARAR (SL),-381.61,228235.2
DOCU,2024-05-13,2024-05-23,59.76,57.32,ZARAR (SL),-411.3,227820.9
DOCU,2024-09-04,2024-09-10,57.42,54.56,ZARAR (SL),-501.08,227316.82
DOCU,2024-09-20,2024-09-26,57.97,62.53,KAR (TP),783.61,228097.43
DOCU,2024-11-27,2024-12-06,80.38,106.99,KAR (TP),3307.53,231401.96
DOCU,2024-12-10,2024-12-18,95.85,92.71,ZARAR (SL),-330.6,231068.36
DOCU,2024-12-20,2024-12-31,94.41,89.94,ZARAR (SL),-476.47,230588.9
DOCU,2025-01-28,2025-02-06,97.7,93.85,ZARAR (SL),-397.06,230188.83
DOCU,2025-03-21,2025-03-28,88.06,83.18,ZARAR (SL),-557.17,229628.67
DOCU,2025-05-07,2025-05-12,82.24,87.86,KAR (TP),680.37,230306.03
DOCU,2025-05-21,2025-06-03,85.43,91.61,KAR (TP),720.4,231023.43
DOCU,2025-06-04,2025-06-06,93.84,75.28,ZARAR (SL),-1980.83,229039.6
DOCU,2025-07-21,2025-07-31,79.34,75.64,ZARAR (SL),-469.35,228567.25
DOCU,2025-09-03,2025-09-05,75.9,79.86,KAR (TP),518.74,229082.99
DOCU,2025-09-09,2025-09-17,79.8,84.52,KAR (TP),588.48,229668.47
DOCU,2025-09-19,2025-09-25,84.59,81.31,ZARAR (SL),-390.75,229274.71
DOCU,2025-10-30,2025-11-11,71.61,68.85,ZARAR (SL),-388.42,228883.29
DOCU,2025-12-04,2025-12-05,71.1,65.67,ZARAR (SL),-766.71,228113.58
DOCU,2025-12-11,2025-12-16,70.23,67.58,ZARAR (SL),-380.33,227730.25
SABR,2024-02-12,2024-02-13,4.39,4.16,ZARAR (SL),-526.92,227198.83
SABR,2024-02-14,2024-02-15,4.41,3.42,ZARAR (SL),-2247.9,224947.93
SABR,2024-04-15,2024-04-19,2.58,2.48,ZARAR (SL),-390.6,224554.34
SABR,2024-04-29,2024-05-03,2.86,2.58,ZARAR (SL),-982.02,223569.31
SABR,2024-05-09,2024-05-13,2.8,3.02,KAR (TP),782.71,224349.03
SABR,2024-05-31,2024-06-06,3.13,2.98,ZARAR (SL),-482.23,223863.8
SABR,2024-07-09,2024-07-12,2.95,3.12,KAR (TP),573.27,224434.07
SABR,2024-07-31,2024-08-01,3.43,3.28,ZARAR (SL),-440.32,223990.75
SABR,2024-09-11,2024-09-13,2.99,3.22,KAR (TP),766.23,224753.98
SABR,2024-09-17,2024-09-24,3.23,3.41,KAR (TP),554.28,225305.25
SABR,2024-10-02,2024-10-07,3.5,3.36,ZARAR (SL),-403.0,224899.25
SABR,2024-11-08,2024-11-18,3.6,3.79,KAR (TP),524.78,225421.03
SABR,2024-12-04,2024-12-27,3.84,3.67,ZARAR (SL),-445.71,224972.32
SABR,2025-02-27,2025-03-03,4.13,3.93,ZARAR (SL),-487.26,224482.06
SABR,2025-03-04,2025-03-07,4.04,3.89,ZARAR (SL),-374.29,224104.78
SABR,2025-05-06,2025-05-12,2.45,2.86,KAR (TP),1670.47,225772.24
SABR,2025-05-21,2025-05-30,2.6,2.52,ZARAR (SL),-310.69,225458.55
SABR,2025-06-04,2025-06-09,2.69,2.97,KAR (TP),1037.89,226493.44
SABR,2025-06-23,2025-06-24,2.72,2.93,KAR (TP),769.06,227259.5
SABR,2025-06-25,2025-06-27,2.98,3.18,KAR (TP),668.14,227924.64
SABR,2025-09-12,2025-09-24,1.87,1.81,ZARAR (SL),-323.86,227597.79
SABR,2025-09-30,2025-10-22,1.83,2.18,KAR (TP),1909.57,229504.36
SABR,2025-10-30,2025-10-31,1.91,2.05,KAR (TP),703.81,230205.16
SABR,2025-11-03,2025-11-06,2.01,1.84,ZARAR (SL),-873.65,229328.52
TTEC,2024-06-20,2024-06-24,7.06,6.16,ZARAR (SL),-1277.79,228047.73
TTEC,2025-03-10,2025-03-11,3.73,3.61,ZARAR (SL),-324.72,227720.01
TTEC,2025-06-11,2025-06-13,5.45,5.27,ZARAR (SL),-333.27,227383.74
TTEC,2025-06-16,2025-06-17,5.53,5.28,ZARAR (SL),-455.08,226925.66
TTEC,2025-07-09,2025-07-10,5.39,5.15,ZARAR (SL),-448.27,226474.39
TTEC,2025-07-23,2025-07-24,5.45,5.28,ZARAR (SL),-314.93,226156.46
TTEC,2025-09-19,2025-09-23,3.74,3.49,ZARAR (SL),-671.45,225482.02
TTEC,2025-10-08,2025-10-09,3.85,3.66,ZARAR (SL),-496.51,224982.51
TTEC,2025-12-19,2025-12-23,3.66,3.46,ZARAR (SL),-549.45,224430.06
TWLO,2024-02-14,2024-02-15,72.27,61.15,ZARAR (SL),-1541.67,222885.39
TWLO,2024-03-28,2024-04-15,61.15,59.03,ZARAR (SL),-349.69,222532.7
TWLO,2024-05-03,2024-05-08,61.89,58.62,ZARAR (SL),-531.36,221998.34
TWLO,2024-05-13,2024-05-22,62.24,60.17,ZARAR (SL),-335.58,221659.76
TWLO,2024-07-22,2024-08-02,58.01,62.86,KAR (TP),833.06,222489.82
TWLO,2024-08-05,2024-09-06,59.92,58.1,ZARAR (SL),-306.74,222180.08
TWLO,2024-09-19,2024-10-02,62.63,66.39,KAR (TP),597.35,222774.43
TWLO,2024-10-25,2024-10-31,70.47,80.65,KAR (TP),1441.59,224213.02
TWLO,2024-12-16,2024-12-18,111.59,105.46,ZARAR (SL),-552.33,223657.69
TWLO,2025-01-08,2025-01-24,111.06,136.23,KAR (TP),2263.34,225918.03
TWLO,2025-06-02,2025-06-12,119.6,115.8,ZARAR (SL),-320.73,225594.3
TWLO,2025-06-27,2025-07-01,122.74,117.23,ZARAR (SL),-451.92,225139.39
TWLO,2025-07-15,2025-07-16,126.16,122.16,ZARAR (SL),-320.06,224816.33
TWLO,2025-07-17,2025-08-01,126.41,121.16,ZARAR (SL),-418.32,224395.02
TWLO,2025-08-06,2025-08-07,130.22,122.39,ZARAR (SL),-604.29,223787.73
TWLO,2025-09-19,2025-09-24,106.5,103.24,ZARAR (SL),-309.1,223475.62
TWLO,2025-10-06,2025-10-16,109.7,106.23,ZARAR (SL),-319.32,223153.31
TWLO,2025-10-30,2025-10-31,112.86,134.88,KAR (TP),1948.09,225098.4
TWLO,2025-12-08,2025-12-16,130.13,137.5,KAR (TP),563.36,225658.75
RNG,2024-03-07,2024-04-01,35.05,33.74,ZARAR (SL),-376.75,225277.5
RNG,2024-08-01,2024-08-02,33.45,35.26,KAR (TP),538.11,225812.61
RNG,2024-08-05,2024-08-06,34.87,33.79,ZARAR (SL),-312.72,225496.88
RNG,2024-08-16,2024-09-04,33.77,29.15,ZARAR (SL),-1371.08,224122.81
RNG,2024-10-10,2024-10-17,31.35,32.96,KAR (TP),510.56,224630.36
RNG,2024-11-11,2024-11-18,36.21,35.03,ZARAR (SL),-328.88,224298.49
RNG,2024-11-25,2024-11-29,38.99,37.63,ZARAR (SL),-351.81,223943.68
RNG,2024-12-03,2024-12-04,37.05,39.79,KAR (TP),736.54,224677.22
RNG,2024-12-06,2024-12-13,41.03,39.05,ZARAR (SL),-485.57,224188.65
RNG,2025-06-20,2025-06-30,26.71,28.35,KAR (TP),611.0,224796.65
RNG,2025-07-01,2025-07-11,29.24,26.93,ZARAR (SL),-793.01,224000.64
RNG,2025-07-23,2025-07-25,27.94,26.69,ZARAR (SL),-450.39,223547.25
RNG,2025-08-06,2025-08-08,29.99,28.75,ZARAR (SL),-416.47,223127.78
RNG,2025-08-11,2025-08-13,27.09,30.03,KAR (TP),1082.27,224207.05
RNG,2025-08-19,2025-08-21,30.07,29.14,ZARAR (SL),-312.28,223891.77
RNG,2025-08-27,2025-09-08,30.72,32.44,KAR (TP),556.9,224445.67
RNG,2025-09-22,2025-09-23,32.19,30.55,ZARAR (SL),-512.47,223930.19
RNG,2025-11-03,2025-11-04,29.94,27.47,ZARAR (SL),-827.98,223099.21
ZM,2024-02-28,2024-03-05,69.62,66.49,ZARAR (SL),-452.58,222642.12
ZM,2024-05-13,2024-05-30,63.11,60.53,ZARAR (SL),-411.81,222227.31
ZM,2024-06-10,2024-06-12,62.96,60.52,ZARAR (SL),-390.55,221833.77
ZM,2024-07-25,2024-08-05,59.61,55.63,ZARAR (SL),-670.67,221160.09
ZM,2024-08-19,2024-08-22,59.82,68.04,KAR (TP),1371.12,222528.21
ZM,2024-10-08,2024-10-21,68.32,72.17,KAR (TP),560.52,223085.74
ZM,2024-10-22,2024-11-05,72.22,77.75,KAR (TP),762.72,223845.45
ZM,2024-11-18,2024-11-22,78.93,85.88,KAR (TP),877.53,224719.98
ZM,2024-11-25,2024-11-26,89.03,83.41,ZARAR (SL),-634.25,224082.73
ZM,2024-11-27,2024-11-29,85.36,82.69,ZARAR (SL),-315.79,223763.94
ZM,2024-12-20,2024-12-30,85.6,82.73,ZARAR (SL),-338.28,223422.66
ZM,2025-01-28,2025-02-11,88.64,83.82,ZARAR (SL),-546.77,222872.89
ZM,2025-02-18,2025-02-21,85.2,82.5,ZARAR (SL),-319.9,222549.99
ZM,2025-05-30,2025-06-11,81.25,78.16,ZARAR (SL),-383.31,222163.68
ZM,2025-08-26,2025-09-03,78.81,83.49,KAR (TP),590.83,222751.51
ZM,2025-09-19,2025-10-01,84.16,81.28,ZARAR (SL),-345.21,222403.31
ZM,2025-10-27,2025-11-06,85.17,82.22,ZARAR (SL),-349.37,222050.94
ZM,2025-11-11,2025-11-17,84.59,81.86,ZARAR (SL),-325.73,221722.21
MRNA,2024-03-13,2024-03-20,106.51,103.08,ZARAR (SL),-325.04,221392.67
MRNA,2024-03-26,2024-04-02,107.41,103.61,ZARAR (SL),-356.78,221032.89
MRNA,2024-04-24,2024-05-02,108.85,125.59,KAR (TP),1534.9,222564.79
MRNA,2024-05-10,2024-05-13,117.31,125.67,KAR (TP),709.64,223271.43
MRNA,2024-05-29,2024-05-31,147.92,142.55,ZARAR (SL),-366.03,222902.39
MRNA,2024-06-03,2024-06-14,147.82,140.03,ZARAR (SL),-529.99,222369.4
MRNA,2025-01-07,2025-01-08,47.53,43.17,ZARAR (SL),-920.32,221446.09
MRNA,2025-01-23,2025-01-28,42.39,44.94,KAR (TP),598.56,222041.64
MRNA,2025-01-29,2025-01-31,40.72,39.42,ZARAR (SL),-322.25,221716.39
MRNA,2025-03-05,2025-03-11,35.21,33.76,ZARAR (SL),-414.82,221298.57
MRNA,2025-03-24,2025-03-26,34.17,31.48,ZARAR (SL),-790.24,220505.33
MRNA,2025-05-19,2025-05-20,26.39,27.99,KAR (TP),603.29,221105.62
MRNA,2025-06-27,2025-07-01,27.16,28.69,KAR (TP),560.33,221662.95
MRNA,2025-07-02,2025-07-08,30.28,32.54,KAR (TP),743.37,222403.32
MRNA,2025-07-23,2025-07-29,34.67,32.66,ZARAR (SL),-582.75,221817.57
MRNA,2025-10-01,2025-10-13,27.6,26.74,ZARAR (SL),-314.59,221499.97
MRNA,2025-10-20,2025-10-23,27.24,26.25,ZARAR (SL),-366.44,221130.54
MRNA,2025-12-05,2025-12-11,27.7,29.63,KAR (TP),693.75,221821.29
PFE,2024-03-11,2024-03-22,25.31,24.41,ZARAR (SL),-359.01,221459.28
PFE,2024-05-02,2024-05-15,24.71,26.1,KAR (TP),558.24,222014.51
PFE,2024-05-31,2024-06-12,25.95,25.05,ZARAR (SL),-351.92,221659.6
PFE,2024-07-10,2024-07-17,25.67,27.19,KAR (TP),589.59,222246.19
PFE,2024-07-22,2024-07-26,26.8,28.25,KAR (TP),538.98,222782.17
PFE,2024-08-01,2024-08-06,28.14,26.92,ZARAR (SL),-436.93,222342.24
PFE,2024-09-09,2024-10-03,27.01,26.02,ZARAR (SL),-366.82,221972.41
PFE,2024-10-09,2024-10-11,27.72,26.78,ZARAR (SL),-344.17,221625.24
PFE,2024-12-17,2025-03-26,24.65,23.9,ZARAR (SL),-306.91,221315.33
PFE,2025-05-06,2025-05-27,21.69,22.81,KAR (TP),512.92,221825.25
PFE,2025-05-30,2025-06-12,22.69,24.0,KAR (TP),571.71,222393.96
PFE,2025-06-13,2025-07-10,23.71,24.9,KAR (TP),502.3,222893.26
PFE,2025-07-22,2025-07-30,24.29,23.4,ZARAR (SL),-368.61,222521.65
PFE,2025-09-02,2025-09-12,24.55,23.46,ZARAR (SL),-447.36,222071.29
PFE,2025-09-30,2025-10-01,25.04,26.74,KAR (TP),675.96,222744.25
PFE,2025-11-07,2025-11-12,24.43,25.87,KAR (TP),586.44,223327.69
PFE,2025-11-14,2025-12-15,25.06,26.43,KAR (TP),543.69,223868.38
BIIB,2024-04-29,2024-05-14,215.5,226.88,KAR (TP),525.07,224388.96
BIIB,2024-05-22,2024-05-23,225.21,218.06,ZARAR (SL),-320.48,224065.47
BIIB,2024-05-31,2024-06-05,224.94,236.72,KAR (TP),520.7,224583.17
BIIB,2024-06-12,2024-06-18,230.63,223.65,ZARAR (SL),-305.65,224274.52
BIIB,2024-06-28,2024-07-03,231.82,224.61,ZARAR (SL),-314.02,223957.5
BIIB,2024-09-03,2024-09-12,204.84,197.89,ZARAR (SL),-342.29,223612.21
BIIB,2025-03-04,2025-03-07,142.65,150.38,KAR (TP),538.89,224148.1
BIIB,2025-05-12,2025-05-14,124.4,120.37,ZARAR (SL),-326.95,223818.15
BIIB,2025-05-15,2025-05-20,123.7,130.55,KAR (TP),550.76,224365.9
BIIB,2025-05-30,2025-06-23,129.79,124.76,ZARAR (SL),-390.55,223972.36
BIIB,2025-07-02,2025-07-15,133.19,127.5,ZARAR (SL),-430.21,223539.15
BIIB,2025-07-24,2025-07-29,132.59,127.9,ZARAR (SL),-356.72,223179.43
BIIB,2025-08-04,2025-08-07,132.2,127.75,ZARAR (SL),-339.61,222836.81
BIIB,2025-08-13,2025-09-09,135.19,143.6,KAR (TP),619.09,223452.9
BIIB,2025-09-11,2025-09-15,148.84,143.32,ZARAR (SL),-373.87,223076.03
BIIB,2025-09-16,2025-09-23,143.68,139.31,ZARAR (SL),-307.15,222765.89
BIIB,2025-10-01,2025-10-10,154.22,146.57,ZARAR (SL),-499.04,222263.84
BIIB,2025-10-28,2025-11-06,149.13,156.74,KAR (TP),507.29,222768.14
BIIB,2025-11-12,2025-11-21,161.48,175.3,KAR (TP),852.83,223617.97
BIIB,2025-12-10,2025-12-16,177.55,171.5,ZARAR (SL),-343.75,223271.22
VRTX,2024-01-31,2024-02-06,433.38,416.13,ZARAR (SL),-401.03,222867.19
VRTX,2024-05-07,2024-05-15,410.24,437.49,KAR (TP),661.25,223525.43
VRTX,2024-06-12,2024-07-30,475.79,502.6,KAR (TP),560.48,224082.92
VRTX,2024-07-31,2024-08-05,495.72,476.91,ZARAR (SL),-382.45,223697.47
VRTX,2024-10-15,2024-11-08,484.3,516.74,KAR (TP),666.83,224361.3
VRTX,2024-11-11,2024-11-14,501.72,483.96,ZARAR (SL),-356.98,224001.32
VRTX,2024-12-16,2024-12-18,468.09,447.5,ZARAR (SL),-442.87,223555.45
VRTX,2025-02-20,2025-03-14,480.33,504.77,KAR (TP),505.82,224058.26
VRTX,2025-03-21,2025-03-31,503.2,484.82,ZARAR (SL),-368.26,223687.0
VRTX,2025-05-05,2025-05-06,500.19,450.03,ZARAR (SL),-1005.82,222678.18
VRTX,2025-06-18,2025-07-09,448.4,478.97,KAR (TP),678.76,223353.94
VRTX,2025-07-17,2025-08-05,463.27,374.98,ZARAR (SL),-1908.8,221442.14
VRTX,2025-09-29,2025-10-08,395.31,421.15,KAR (TP),650.66,222089.8
VRTX,2025-10-22,2025-11-07,426.44,409.47,ZARAR (SL),-400.95,221685.86
VRTX,2025-11-10,2025-12-03,421.2,463.13,KAR (TP),992.49,222675.35
VRTX,2025-12-04,2025-12-08,457.36,442.04,ZARAR (SL),-337.97,222334.38
REGN,2024-01-31,2024-02-27,937.58,987.87,KAR (TP),533.39,222863.27
REGN,2024-02-29,2024-04-04,960.76,931.85,ZARAR (SL),-303.9,222556.37
REGN,2024-05-02,2024-05-14,932.44,979.21,KAR (TP),498.6,223051.96
REGN,2024-05-31,2024-06-14,974.75,1030.8,KAR (TP),572.01,223620.97
REGN,2024-07-31,2024-08-13,1073.24,1151.94,KAR (TP),730.33,224348.3
REGN,2024-08-29,2024-09-06,1172.43,1125.26,ZARAR (SL),-405.31,223939.98
REGN,2025-02-05,2025-02-10,712.77,686.55,ZARAR (SL),-370.79,223566.2
REGN,2025-02-25,2025-02-28,720.4,695.78,ZARAR (SL),-344.82,223218.37
REGN,2025-03-11,2025-03-12,715.12,686.58,ZARAR (SL),-402.07,222813.3
REGN,2025-07-16,2025-08-15,546.41,578.8,KAR (TP),589.78,223400.08
REGN,2025-08-20,2025-08-25,590.27,571.66,ZARAR (SL),-318.22,223078.85
REGN,2025-08-26,2025-09-03,586.91,563.09,ZARAR (SL),-408.85,222667.0
REGN,2025-09-18,2025-09-23,597.96,567.18,ZARAR (SL),-517.77,222146.23
REGN,2025-10-01,2025-10-08,599.19,563.15,ZARAR (SL),-604.39,221538.83
REGN,2025-10-27,2025-10-28,584.58,653.66,KAR (TP),1178.77,222714.6
REGN,2025-11-19,2025-11-20,701.87,737.0,KAR (TP),497.52,223209.12
REGN,2025-12-03,2025-12-09,723.67,692.58,ZARAR (SL),-432.62,222773.5
GILD,2024-03-14,2024-04-03,70.07,66.93,ZARAR (SL),-450.38,222318.63
GILD,2024-06-20,2024-07-17,65.46,70.06,KAR (TP),699.29,223014.92
GILD,2024-08-05,2024-08-29,71.52,75.94,KAR (TP),614.4,223626.32
GILD,2024-10-22,2024-11-07,85.05,94.44,KAR (TP),1101.81,224725.13
GILD,2024-11-13,2024-11-15,89.36,85.28,ZARAR (SL),-459.66,224262.47
GILD,2024-12-05,2025-01-08,90.09,86.72,ZARAR (SL),-377.85,223881.62
GILD,2025-01-15,2025-01-31,89.87,94.56,KAR (TP),518.76,224397.38
GILD,2025-02-10,2025-02-12,92.88,100.5,KAR (TP),817.07,225211.44
GILD,2025-03-11,2025-03-19,111.32,105.32,ZARAR (SL),-541.8,224666.65
GILD,2025-05-12,2025-05-14,101.71,96.38,ZARAR (SL),-526.98,224136.66
GILD,2025-05-20,2025-07-10,106.89,113.0,KAR (TP),569.2,224702.86
GILD,2025-07-25,2025-07-31,114.64,110.78,ZARAR (SL),-339.49,224360.37
GILD,2025-08-04,2025-08-06,112.97,108.8,ZARAR (SL),-372.4,223984.97
GILD,2025-08-08,2025-08-22,117.81,113.23,ZARAR (SL),-391.58,223590.4
GILD,2025-09-23,2025-10-02,113.65,109.83,ZARAR (SL),-338.66,223248.73
GILD,2025-10-07,2025-10-17,116.01,122.0,KAR (TP),513.36,223759.09
GILD,2025-10-31,2025-11-18,119.0,126.35,KAR (TP),613.91,224370.0
GILD,2025-11-20,2025-12-05,124.17,120.42,ZARAR (SL),-304.62,224062.38
AMGN,2024-01-29,2024-02-07,294.67,278.14,ZARAR (SL),-563.85,223494.02
AMGN,2024-03-26,2024-04-04,266.95,253.99,ZARAR (SL),-488.5,223002.52
AMGN,2024-05-01,2024-05-03,262.79,294.92,KAR (TP),1219.91,224219.43
AMGN,2024-06-24,2024-07-17,303.56,320.28,KAR (TP),547.68,224764.12
AMGN,2024-07-31,2024-08-07,317.23,298.17,ZARAR (SL),-603.66,224157.46
AMGN,2024-09-03,2024-09-06,317.55,307.99,ZARAR (SL),-304.05,223850.41
AMGN,2024-09-11,2024-09-25,317.04,300.59,ZARAR (SL),-521.82,223325.59
AMGN,2024-10-31,2024-11-12,307.61,287.12,ZARAR (SL),-668.92,222653.67
AMGN,2025-01-21,2025-02-03,266.15,279.76,KAR (TP),508.63,223159.3
AMGN,2025-02-07,2025-02-24,284.29,302.38,KAR (TP),633.44,223789.74
AMGN,2025-03-04,2025-04-04,304.79,287.41,ZARAR (SL),-573.16,223213.58
AMGN,2025-06-20,2025-06-23,284.97,268.33,ZARAR (SL),-586.76,222623.82
AMGN,2025-07-01,2025-07-22,286.14,301.08,KAR (TP),519.17,223139.99
AMGN,2025-08-04,2025-08-06,297.39,280.38,ZARAR (SL),-574.97,222562.02
AMGN,2025-10-01,2025-11-05,296.39,317.59,KAR (TP),712.58,223271.59
AMGN,2025-11-06,2025-11-11,313.36,336.05,KAR (TP),721.36,223989.95
AMGN,2025-12-04,2025-12-05,340.16,329.89,ZARAR (SL),-304.92,223682.04
BMRN,2024-04-03,2024-04-11,86.78,91.46,KAR (TP),536.29,224215.33
BMRN,2024-04-19,2024-04-25,88.63,82.17,ZARAR (SL),-731.87,223480.46
BMRN,2024-07-22,2024-08-05,85.31,80.47,ZARAR (SL),-570.34,222907.12
BMRN,2024-08-06,2024-08-19,86.87,92.76,KAR (TP),675.02,223579.14
BMRN,2024-08-21,2024-09-05,92.57,85.12,ZARAR (SL),-807.8,222768.34
BMRN,2024-10-21,2024-10-30,70.28,66.68,ZARAR (SL),-515.24,222250.11
BMRN,2024-12-04,2025-01-14,66.51,63.81,ZARAR (SL),-408.95,221838.15
BMRN,2025-02-13,2025-02-20,64.42,68.73,KAR (TP),666.05,222501.2
BMRN,2025-02-21,2025-03-07,68.25,72.23,KAR (TP),580.15,223078.35
BMRN,2025-03-19,2025-04-01,71.32,67.94,ZARAR (SL),-476.92,222598.43
BMRN,2025-05-12,2025-05-14,61.37,58.7,ZARAR (SL),-438.07,222157.37
BMRN,2025-07-02,2025-08-04,57.17,60.31,KAR (TP),546.24,222700.61
BMRN,2025-08-05,2025-08-07,61.93,59.46,ZARAR (SL),-401.84,222295.77
BMRN,2025-10-23,2025-10-27,54.55,52.67,ZARAR (SL),-347.64,221945.13
BMRN,2025-11-21,2025-12-11,54.69,52.99,ZARAR (SL),-313.84,221628.29
CTAS,2024-01-31,2024-02-26,148.72,156.29,KAR (TP),506.21,222130.0
CTAS,2024-02-29,2024-03-27,154.97,169.03,KAR (TP),904.24,223031.24
CTAS,2024-04-15,2024-05-10,163.88,172.64,KAR (TP),531.81,223560.05
CTAS,2024-05-14,2024-05-29,169.88,163.9,ZARAR (SL),-354.61,223202.45
CTAS,2024-06-28,2024-07-18,172.98,187.48,KAR (TP),835.4,224034.85
CTAS,2024-08-01,2024-08-27,188.21,197.92,KAR (TP),513.04,224544.89
CTAS,2024-09-09,2024-10-14,199.19,209.41,KAR (TP),509.97,225051.87
CTAS,2024-10-29,2024-11-08,207.07,223.49,KAR (TP),789.77,225838.64
CTAS,2024-11-14,2024-12-09,214.9,206.61,ZARAR (SL),-388.86,225446.78
CTAS,2025-02-05,2025-03-12,199.96,191.01,ZARAR (SL),-450.69,224993.09
CTAS,2025-03-26,2025-04-04,203.43,189.14,ZARAR (SL),-705.46,224284.63
CTAS,2025-04-09,2025-05-07,202.72,213.77,KAR (TP),542.12,224823.76
CTAS,2025-07-17,2025-08-18,220.94,213.77,ZARAR (SL),-327.6,224493.16
CORT,2024-03-12,2024-03-14,24.46,23.67,ZARAR (SL),-325.98,224162.68
CORT,2024-03-18,2024-04-01,24.31,25.74,KAR (TP),585.24,224744.92
CORT,2024-04-02,2024-04-08,25.36,24.23,ZARAR (SL),-448.58,224293.34
CORT,2024-05-02,2024-05-06,25.06,23.97,ZARAR (SL),-437.96,223852.38
CORT,2024-05-31,2024-06-04,30.17,32.87,KAR (TP),891.93,224741.31
CORT,2024-06-10,2024-06-14,31.93,28.97,ZARAR (SL),-930.03,223808.28
CORT,2024-06-28,2024-07-03,32.49,30.5,ZARAR (SL),-615.5,223189.78
CORT,2024-07-16,2024-07-26,33.34,35.6,KAR (TP),674.86,223861.65
CORT,2024-08-02,2024-08-06,35.3,34.21,ZARAR (SL),-311.78,223546.86
CORT,2024-09-04,2024-09-13,34.62,38.11,KAR (TP),1005.09,224548.95
CORT,2024-10-07,2024-10-16,44.66,47.27,KAR (TP),581.42,225127.37
CORT,2024-10-18,2024-10-23,49.75,48.06,ZARAR (SL),-342.7,224781.67
CORT,2024-10-31,2024-11-05,48.97,52.14,KAR (TP),644.33,225423.01
CORT,2024-11-15,2024-11-20,51.83,56.09,KAR (TP),818.92,226238.92
CORT,2024-11-25,2024-12-12,59.03,56.33,ZARAR (SL),-460.39,225775.53
CORT,2025-04-01,2025-04-02,91.93,83.81,ZARAR (SL),-886.28,224886.25
CORT,2025-04-04,2025-04-08,74.45,70.49,ZARAR (SL),-534.9,224348.35
CORT,2025-04-09,2025-04-10,72.97,67.73,ZARAR (SL),-721.1,223624.24
CORT,2025-05-27,2025-06-02,76.81,71.68,ZARAR (SL),-670.88,222950.36
CORT,2025-08-04,2025-08-25,71.77,68.82,ZARAR (SL),-414.03,222533.33
CORT,2025-09-11,2025-09-15,74.33,69.53,ZARAR (SL),-648.77,221881.56
CORT,2025-09-17,2025-09-18,75.18,79.8,KAR (TP),611.53,222490.08
CORT,2025-11-10,2025-11-25,75.49,80.28,KAR (TP),631.52,223118.61
CORT,2025-11-26,2025-12-04,79.8,84.66,KAR (TP),606.02,223721.63
EXEL,2024-03-14,2024-03-21,22.61,23.92,KAR (TP),576.39,224293.52
EXEL,2024-04-30,2024-05-01,23.46,21.93,ZARAR (SL),-655.17,223635.34
EXEL,2024-06-03,2024-07-26,21.93,23.39,KAR (TP),662.75,224295.1
EXEL,2024-07-29,2024-08-07,23.11,26.52,KAR (TP),1472.55,225764.65
EXEL,2024-09-18,2024-09-27,26.82,25.96,ZARAR (SL),-323.66,225437.99
EXEL,2024-10-21,2024-10-30,28.66,32.44,KAR (TP),1315.91,226750.9
EXEL,2024-12-16,2024-12-17,36.07,34.69,ZARAR (SL),-385.59,226362.31
EXEL,2025-01-10,2025-01-22,36.02,32.88,ZARAR (SL),-874.74,225484.58
EXEL,2025-03-11,2025-04-04,36.93,34.57,ZARAR (SL),-642.05,224839.53
EXEL,2025-05-19,2025-05-22,44.69,42.86,ZARAR (SL),-412.49,224424.04
EXEL,2025-06-23,2025-06-24,43.37,45.72,KAR (TP),538.85,224959.89
EXEL,2025-06-25,2025-07-03,43.53,46.15,KAR (TP),598.88,225555.78
EXEL,2025-07-07,2025-07-29,44.16,36.94,ZARAR (SL),-1637.96,223914.81
EXEL,2025-09-11,2025-09-30,39.07,41.3,KAR (TP),567.77,224479.58
EXEL,2025-10-01,2025-10-07,41.2,39.63,ZARAR (SL),-384.07,224092.52
EXEL,2025-11-05,2025-11-11,40.37,42.98,KAR (TP),643.52,224733.04
EXEL,2025-11-25,2025-12-10,43.13,41.07,ZARAR (SL),-480.63,224249.41
EXEL,2025-12-19,2025-12-23,44.3,46.61,KAR (TP),518.45,224764.85
IONS,2024-05-06,2024-05-07,42.28,40.93,ZARAR (SL),-322.3,224439.55
IONS,2024-06-12,2024-06-24,41.5,44.68,KAR (TP),763.27,225199.82
IONS,2024-07-16,2024-07-17,49.84,47.96,ZARAR (SL),-380.21,224816.61
IONS,2024-07-22,2024-08-05,50.61,47.0,ZARAR (SL),-716.3,224097.31
IONS,2024-09-04,2024-09-10,47.65,42.39,ZARAR (SL),-1106.88,222987.43
IONS,2024-11-06,2024-11-12,39.04,37.77,ZARAR (SL),-328.31,222656.12
IONS,2024-12-16,2024-12-18,38.1,36.25,ZARAR (SL),-488.56,222164.56
IONS,2025-02-20,2025-02-27,32.69,31.35,ZARAR (SL),-412.91,221748.65
IONS,2025-03-05,2025-03-10,33.75,32.22,ZARAR (SL),-456.33,221289.32
IONS,2025-03-11,2025-03-26,33.03,31.49,ZARAR (SL),-469.24,220817.07
IONS,2025-05-27,2025-06-04,33.32,35.11,KAR (TP),534.22,221348.29
IONS,2025-06-09,2025-06-12,36.76,35.62,ZARAR (SL),-313.12,221032.17
IONS,2025-06-13,2025-06-20,35.59,37.41,KAR (TP),508.38,221537.55
IONS,2025-07-14,2025-07-28,42.55,41.17,ZARAR (SL),-327.32,221207.22
IONS,2025-07-30,2025-08-06,43.37,40.69,ZARAR (SL),-620.94,220583.29
IONS,2025-08-13,2025-09-02,43.1,57.49,KAR (TP),3335.75,223916.03
IONS,2025-10-28,2025-11-10,73.57,69.54,ZARAR (SL),-550.78,223362.26
IONS,2025-11-19,2025-11-24,74.0,78.52,KAR (TP),607.81,223967.07
XBI,2024-02-26,2024-02-27,96.84,102.36,KAR (TP),567.17,224529.73
XBI,2024-02-29,2024-03-14,97.91,93.96,ZARAR (SL),-406.37,224120.36
XBI,2024-05-13,2024-07-09,89.42,94.0,KAR (TP),509.64,224627.0
XBI,2024-07-18,2024-08-05,97.16,93.07,ZARAR (SL),-424.36,224199.64
XBI,2024-09-03,2024-11-08,98.28,103.79,KAR (TP),558.06,224754.69
XBI,2024-11-12,2024-11-14,100.13,96.6,ZARAR (SL),-356.2,224395.5
XBI,2024-12-02,2024-12-12,98.94,93.85,ZARAR (SL),-517.55,223874.94
XBI,2025-01-22,2025-02-26,90.87,87.92,ZARAR (SL),-327.53,223544.42
XBI,2025-05-12,2025-05-14,79.16,76.09,ZARAR (SL),-390.66,223150.75
XBI,2025-05-20,2025-05-28,81.1,78.48,ZARAR (SL),-326.1,222821.66
XBI,2025-06-09,2025-08-13,83.96,89.2,KAR (TP),620.9,223439.56
XBI,2025-08-14,2025-09-05,89.25,95.13,KAR (TP),655.7,224092.26
XBI,2025-09-08,2025-09-29,94.09,99.07,KAR (TP),526.29,224615.55
XBI,2025-09-30,2025-10-08,99.87,105.09,KAR (TP),519.95,225132.5
XBI,2025-11-03,2025-11-21,109.5,116.27,KAR (TP),615.06,225744.56
XBI,2025-12-02,2025-12-22,118.07,125.91,KAR (TP),661.07,226402.63
LABU,2024-02-29,2024-03-01,149.41,163.72,KAR (TP),954.5,227354.14
LABU,2024-03-08,2024-03-11,151.02,141.01,ZARAR (SL),-665.66,226685.48
LABU,2024-06-03,2024-06-05,109.75,119.29,KAR (TP),866.84,227549.31
LABU,2024-06-07,2024-06-12,108.76,117.08,KAR (TP),762.18,228308.49
LABU,2024-06-24,2024-06-26,116.44,110.55,ZARAR (SL),-508.94,227796.55
LABU,2024-07-09,2024-07-11,117.87,131.09,KAR (TP),1118.17,228911.73
LABU,2024-07-18,2024-07-23,128.5,137.1,KAR (TP),666.23,229574.96
LABU,2024-09-19,2024-09-23,142.3,129.04,ZARAR (SL),-934.51,228637.45
LABU,2024-11-05,2024-11-06,131.25,138.39,KAR (TP),540.76,229175.2
LABU,2024-11-07,2024-11-12,140.73,130.38,ZARAR (SL),-738.41,228433.8
LABU,2025-07-02,2025-07-07,60.32,57.64,ZARAR (SL),-446.16,227984.63
LABU,2025-07-08,2025-07-09,59.95,66.53,KAR (TP),1094.3,229075.93
LABU,2025-07-14,2025-07-15,67.21,61.97,ZARAR (SL),-783.6,228289.33
LABU,2025-07-16,2025-07-18,65.91,62.36,ZARAR (SL),-541.22,227745.11
LABU,2025-08-12,2025-08-13,63.18,68.68,KAR (TP),868.34,228610.45
LABU,2025-08-22,2025-08-25,71.69,66.6,ZARAR (SL),-714.02,227893.43
LABU,2025-09-02,2025-09-05,75.72,82.02,KAR (TP),829.02,228719.45
LABU,2025-09-08,2025-09-15,79.35,76.36,ZARAR (SL),-379.91,228336.54
LABU,2025-09-17,2025-09-18,77.16,84.33,KAR (TP),926.82,229260.36
LABU,2025-09-26,2025-09-30,87.16,93.13,KAR (TP),681.85,229939.21
LABU,2025-10-01,2025-10-03,96.66,102.75,KAR (TP),626.89,230563.1
LABU,2025-10-22,2025-10-27,112.53,126.73,KAR (TP),1259.49,231819.59
LABU,2025-10-30,2025-11-03,127.59,120.31,ZARAR (SL),-573.76,231242.83
LABU,2025-11-11,2025-11-13,133.55,126.14,ZARAR (SL),-557.98,230681.85
LABU,2025-11-14,2025-11-21,133.04,141.65,KAR (TP),643.83,231322.68
LABU,2025-12-02,2025-12-03,147.25,159.65,KAR (TP),839.51,232159.19
LABU,2025-12-19,2025-12-22,164.68,176.01,KAR (TP),685.09,232841.28
EDIT,2024-02-15,2024-02-20,8.31,7.95,ZARAR (SL),-436.21,232402.07
EDIT,2024-02-27,2024-02-28,8.86,11.07,KAR (TP),2491.36,234890.42
EDIT,2024-02-29,2024-03-05,10.06,9.14,ZARAR (SL),-917.51,233969.91
EDIT,2024-05-15,2024-05-17,6.0,5.62,ZARAR (SL),-636.33,233330.58
EDIT,2024-05-22,2024-05-23,6.02,5.83,ZARAR (SL),-318.61,233008.96
EDIT,2024-06-04,2024-06-06,5.75,5.43,ZARAR (SL),-559.52,232446.44
EDIT,2024-06-12,2024-06-13,6.04,5.49,ZARAR (SL),-913.6,231529.84
EDIT,2024-07-29,2024-08-01,5.4,5.14,ZARAR (SL),-484.48,231042.36
EDIT,2024-10-21,2024-10-22,3.76,3.29,ZARAR (SL),-1253.0,229786.36
EDIT,2024-11-06,2024-11-07,3.28,3.17,ZARAR (SL),-338.37,229445.0
EDIT,2024-11-11,2024-11-12,3.3,3.07,ZARAR (SL),-699.97,228742.03
EDIT,2025-01-23,2025-01-29,1.41,1.34,ZARAR (SL),-499.45,228239.57
EDIT,2025-02-14,2025-02-18,1.38,1.74,KAR (TP),2605.7,230842.27
EDIT,2025-02-20,2025-02-21,2.06,1.92,ZARAR (SL),-682.61,230156.66
EDIT,2025-02-24,2025-02-25,2.01,1.86,ZARAR (SL),-749.27,229404.39
EDIT,2025-02-27,2025-03-03,1.83,1.77,ZARAR (SL),-330.87,229070.52
EDIT,2025-03-05,2025-03-06,2.05,1.78,ZARAR (SL),-1320.07,227747.45
EDIT,2025-05-12,2025-05-14,1.54,1.38,ZARAR (SL),-1041.96,226702.49
EDIT,2025-05-20,2025-05-21,1.64,1.5,ZARAR (SL),-856.66,225842.83
EDIT,2025-05-27,2025-05-28,1.65,1.87,KAR (TP),1330.33,227170.16
EDIT,2025-06-02,2025-06-06,1.77,1.91,KAR (TP),787.96,227955.12
EDIT,2025-06-10,2025-06-11,2.1,2.03,ZARAR (SL),-336.33,227615.79
EDIT,2025-06-13,2025-06-16,1.97,2.16,KAR (TP),961.47,228574.26
EDIT,2025-06-17,2025-06-18,2.14,2.35,KAR (TP),978.31,229549.56
EDIT,2025-06-20,2025-06-23,2.22,2.1,ZARAR (SL),-543.54,229003.02
EDIT,2025-06-24,2025-06-26,2.25,2.12,ZARAR (SL),-580.78,228419.24
EDIT,2025-06-27,2025-06-30,2.28,2.2,ZARAR (SL),-353.88,228062.37
EDIT,2025-07-02,2025-07-08,2.56,2.86,KAR (TP),1168.87,229228.24
EDIT,2025-08-13,2025-08-14,3.08,2.96,ZARAR (SL),-392.61,228832.63
EDIT,2025-08-15,2025-08-18,3.03,2.73,ZARAR (SL),-993.1,227836.53
EDIT,2025-09-05,2025-09-10,2.76,2.56,ZARAR (SL),-727.64,227105.89
EDIT,2025-09-16,2025-09-17,2.83,2.72,ZARAR (SL),-391.69,226711.2
EDIT,2025-09-18,2025-09-19,3.0,2.83,ZARAR (SL),-569.67,226138.54
EDIT,2025-09-22,2025-09-24,3.0,3.37,KAR (TP),1230.33,227365.87
EDIT,2025-09-25,2025-09-29,3.23,3.52,KAR (TP),894.83,228257.7
EDIT,2025-10-10,2025-10-13,3.72,3.56,ZARAR (SL),-433.11,227821.59
EDIT,2025-10-15,2025-10-17,4.06,3.77,ZARAR (SL),-717.29,227101.31
EDIT,2025-10-20,2025-10-21,4.14,3.88,ZARAR (SL),-631.02,226467.29
BEAM,2024-02-01,2024-02-06,26.43,27.88,KAR (TP),545.62,227009.91
BEAM,2024-02-13,2024-02-15,29.98,33.02,KAR (TP),1011.01,228017.92
BEAM,2024-02-29,2024-03-04,39.49,38.24,ZARAR (SL),-319.54,227695.38
BEAM,2024-05-17,2024-05-29,24.62,23.68,ZARAR (SL),-384.8,227307.58
BEAM,2024-05-30,2024-06-07,24.09,23.21,ZARAR (SL),-368.3,226936.28
BEAM,2024-06-10,2024-06-12,24.4,26.06,KAR (TP),677.33,227610.61
BEAM,2024-06-13,2024-06-17,25.24,24.03,ZARAR (SL),-482.4,227125.21
BEAM,2024-06-24,2024-06-27,24.83,23.98,ZARAR (SL),-345.33,226776.88
BEAM,2024-07-15,2024-07-16,25.62,27.29,KAR (TP),648.83,227422.72
BEAM,2024-07-18,2024-07-22,25.46,27.05,KAR (TP),621.51,228041.23
BEAM,2024-09-13,2024-09-18,26.3,25.51,ZARAR (SL),-303.38,227734.85
BEAM,2024-09-20,2024-09-23,25.65,24.72,ZARAR (SL),-365.57,227366.27
BEAM,2024-10-14,2024-10-17,26.59,24.35,ZARAR (SL),-845.42,226517.85
BEAM,2024-11-04,2024-11-06,24.36,26.62,KAR (TP),924.75,227439.6
BEAM,2024-11-08,2024-11-11,27.06,30.35,KAR (TP),1212.82,228649.42
BEAM,2024-11-12,2024-11-14,27.94,26.31,ZARAR (SL),-586.39,228060.03
BEAM,2024-12-09,2024-12-10,27.51,30.2,KAR (TP),972.83,229029.86
BEAM,2024-12-11,2024-12-13,28.9,27.93,ZARAR (SL),-338.64,228688.22
BEAM,2024-12-17,2024-12-18,28.58,26.45,ZARAR (SL),-748.28,227936.94
BEAM,2024-12-20,2024-12-27,29.01,26.59,ZARAR (SL),-837.2,227096.75
BEAM,2025-02-07,2025-02-10,27.41,26.57,ZARAR (SL),-309.46,226784.29
BEAM,2025-02-12,2025-02-14,28.57,32.4,KAR (TP),1337.57,228118.86
BEAM,2025-02-21,2025-02-26,30.43,27.89,ZARAR (SL),-837.7,227278.15
BEAM,2025-06-06,2025-06-11,18.58,17.89,ZARAR (SL),-371.78,226903.38
BEAM,2025-07-02,2025-07-07,19.88,19.18,ZARAR (SL),-355.11,226545.27
BEAM,2025-07-15,2025-07-18,19.58,20.75,KAR (TP),594.55,227136.81
BEAM,2025-07-21,2025-07-23,21.03,22.16,KAR (TP),534.33,227668.14
BEAM,2025-07-24,2025-07-29,20.95,19.93,ZARAR (SL),-489.87,227175.27
BEAM,2025-09-03,2025-09-05,18.76,20.88,KAR (TP),1127.06,228299.33
BEAM,2025-09-08,2025-09-11,19.94,21.55,KAR (TP),804.42,229100.75
BEAM,2025-10-08,2025-10-13,27.0,25.39,ZARAR (SL),-599.3,228498.46
BEAM,2025-10-15,2025-10-16,27.19,25.79,ZARAR (SL),-517.9,227977.56
BEAM,2025-10-20,2025-10-22,30.62,27.68,ZARAR (SL),-963.16,227011.4
BEAM,2025-10-27,2025-10-29,26.73,24.77,ZARAR (SL),-736.26,226272.15
BEAM,2025-12-19,2025-12-22,26.57,27.92,KAR (TP),505.09,226774.24
NTLA,2024-02-14,2024-02-20,28.28,27.15,ZARAR (SL),-402.58,226368.66
NTLA,2024-02-21,2024-02-27,26.88,31.02,KAR (TP),1537.18,227902.84
NTLA,2024-02-28,2024-03-05,32.8,30.25,ZARAR (SL),-780.44,227119.4
NTLA,2024-05-10,2024-05-14,24.46,25.73,KAR (TP),516.22,227632.62
NTLA,2024-05-23,2024-05-28,24.88,22.72,ZARAR (SL),-871.17,226758.45
NTLA,2024-06-12,2024-06-18,25.85,24.8,ZARAR (SL),-409.19,226346.26
NTLA,2024-06-24,2024-06-25,25.0,24.0,ZARAR (SL),-403.0,225940.26
NTLA,2024-07-11,2024-07-15,24.63,26.01,KAR (TP),557.29,226494.55
NTLA,2024-07-16,2024-07-18,27.35,26.09,ZARAR (SL),-463.69,226027.86
NTLA,2024-07-25,2024-08-01,26.42,25.14,ZARAR (SL),-487.48,225537.38
NTLA,2025-02-14,2025-02-18,10.7,11.53,KAR (TP),772.7,226307.08
NTLA,2025-02-19,2025-02-24,12.28,11.51,ZARAR (SL),-630.04,225674.04
NTLA,2025-02-25,2025-02-28,10.71,10.09,ZARAR (SL),-581.9,225089.14
NTLA,2025-04-30,2025-05-05,8.87,8.44,ZARAR (SL),-487.78,224598.36
NTLA,2025-05-08,2025-05-14,8.28,7.88,ZARAR (SL),-486.09,224109.27
NTLA,2025-05-19,2025-05-20,9.06,9.67,KAR (TP),670.29,224776.56
NTLA,2025-05-21,2025-05-28,9.2,9.66,KAR (TP),497.0,225270.56
NTLA,2025-06-17,2025-06-20,9.58,9.2,ZARAR (SL),-399.66,224867.9
NTLA,2025-07-24,2025-07-25,12.78,13.6,KAR (TP),634.72,225499.62
NTLA,2025-07-29,2025-07-31,12.5,11.64,ZARAR (SL),-691.0,224805.62
NTLA,2025-09-03,2025-09-10,11.71,11.29,ZARAR (SL),-361.67,224440.95
NTLA,2025-09-11,2025-09-16,11.42,12.27,KAR (TP),741.31,225179.26
NTLA,2025-09-17,2025-09-18,12.41,16.11,KAR (TP),2978.47,228154.73
NTLA,2025-12-19,2025-12-22,9.23,9.7,KAR (TP),506.21,228657.93
CRSP,2024-01-29,2024-01-31,65.78,62.95,ZARAR (SL),-433.22,228221.71
CRSP,2024-02-08,2024-02-12,68.83,76.44,KAR (TP),1102.62,229321.34
CRSP,2024-02-13,2024-02-14,72.78,79.04,KAR (TP),857.13,230175.46
CRSP,2024-05-15,2024-05-21,56.96,54.76,ZARAR (SL),-389.24,229783.23
CRSP,2024-06-03,2024-06-11,57.15,62.31,KAR (TP),899.89,230680.11
CRSP,2024-06-20,2024-06-21,59.6,56.24,ZARAR (SL),-566.76,230110.36
CRSP,2024-09-13,2024-09-23,48.94,46.74,ZARAR (SL),-452.53,229654.83
CRSP,2024-10-24,2024-10-31,47.95,46.39,ZARAR (SL),-328.34,229323.49
CRSP,2024-11-01,2024-11-11,50.76,54.86,KAR (TP),804.72,230125.21
CRSP,2024-11-12,2024-11-14,50.73,46.85,ZARAR (SL),-767.83,229354.38
CRSP,2024-11-25,2024-12-02,50.4,55.15,KAR (TP),939.46,230290.84
CRSP,2025-01-21,2025-01-22,41.51,44.2,KAR (TP),645.04,230932.87
CRSP,2025-01-23,2025-01-27,44.23,41.85,ZARAR (SL),-541.1,230388.78
CRSP,2025-01-31,2025-02-03,41.59,40.0,ZARAR (SL),-385.3,230000.47
CRSP,2025-02-12,2025-02-14,43.3,49.72,KAR (TP),1479.68,231477.15
CRSP,2025-02-20,2025-02-21,50.43,47.91,ZARAR (SL),-502.7,230971.45
CRSP,2025-05-16,2025-05-21,38.77,36.99,ZARAR (SL),-462.12,230506.33
CRSP,2025-06-05,2025-06-06,38.57,41.86,KAR (TP),849.99,231353.33
CRSP,2025-06-09,2025-06-18,42.09,44.43,KAR (TP),552.95,231903.28
CRSP,2025-07-29,2025-07-31,59.02,56.26,ZARAR (SL),-470.64,231429.64
CRSP,2025-09-16,2025-09-17,61.19,59.07,ZARAR (SL),-349.46,231077.18
CRSP,2025-09-23,2025-09-30,60.76,64.81,KAR (TP),663.56,231737.74
CRSP,2025-10-03,2025-10-08,67.74,76.78,KAR (TP),1331.51,233066.25
CRSP,2025-10-10,2025-10-13,73.07,68.29,ZARAR (SL),-657.17,232406.08
CRSP,2025-12-04,2025-12-15,58.18,56.25,ZARAR (SL),-334.73,232068.35
MELI,2024-02-06,2024-02-22,1710.39,1817.98,KAR (TP),626.04,232689.89
MELI,2024-05-02,2024-05-03,1505.99,1630.56,KAR (TP),824.16,233511.06
MELI,2024-05-31,2024-06-04,1725.58,1630.65,ZARAR (SL),-553.13,232954.92
MELI,2024-07-05,2024-07-12,1658.96,1761.22,KAR (TP),613.41,233565.33
MELI,2024-07-15,2024-07-17,1743.99,1670.09,ZARAR (SL),-426.74,233135.59
MELI,2024-08-02,2024-08-08,1776.14,1869.4,KAR (TP),522.07,233654.66
MELI,2024-09-03,2024-09-12,1990.17,2140.1,KAR (TP),750.35,234402.02
MELI,2024-09-16,2024-10-02,2105.51,1970.72,ZARAR (SL),-643.18,233755.84
MELI,2024-10-28,2024-11-07,2056.09,1774.05,ZARAR (SL),-1374.73,232378.11
MELI,2024-11-25,2024-11-29,2099.95,1985.17,ZARAR (SL),-549.58,231825.52
MELI,2025-01-22,2025-01-30,1818.49,1947.32,KAR (TP),705.44,232527.97
MELI,2025-02-25,2025-03-03,2168.6,2070.41,ZARAR (SL),-455.78,232069.19
MELI,2025-05-06,2025-05-08,2229.0,2410.0,KAR (TP),809.02,232875.21
MELI,2025-05-30,2025-06-06,2563.29,2482.39,ZARAR (SL),-318.61,232553.6
MELI,2025-08-22,2025-09-08,2430.62,2346.96,ZARAR (SL),-347.19,232203.41
MELI,2025-09-16,2025-09-24,2390.14,2510.97,KAR (TP),502.54,232702.94
MELI,2025-10-29,2025-11-06,2295.92,2128.33,ZARAR (SL),-732.95,231967.0
ETSY,2024-02-09,2024-02-13,78.09,74.39,ZARAR (SL),-476.81,231487.19
ETSY,2024-02-20,2024-02-22,75.87,70.62,ZARAR (SL),-694.97,230789.21
ETSY,2024-04-16,2024-05-02,68.36,59.24,ZARAR (SL),-1337.11,229449.1
ETSY,2024-05-31,2024-06-13,63.47,60.14,ZARAR (SL),-527.66,228918.44
ETSY,2024-07-16,2024-07-19,65.47,62.76,ZARAR (SL),-416.93,228498.51
ETSY,2024-07-22,2024-07-24,62.39,60.26,ZARAR (SL),-344.4,228151.11
ETSY,2024-07-31,2024-08-01,65.14,60.16,ZARAR (SL),-767.51,227380.6
ETSY,2024-09-13,2024-09-16,55.65,53.88,ZARAR (SL),-321.06,227056.54
ETSY,2024-10-31,2024-11-15,51.44,49.63,ZARAR (SL),-354.87,226698.68
ETSY,2024-11-25,2024-12-04,55.68,59.06,KAR (TP),604.04,227299.72
ETSY,2024-12-19,2024-12-24,57.14,55.13,ZARAR (SL),-354.77,226941.95
ETSY,2025-01-28,2025-02-04,55.79,53.96,ZARAR (SL),-331.02,226607.93
ETSY,2025-02-13,2025-02-19,55.32,51.53,ZARAR (SL),-688.11,225916.83
ETSY,2025-04-03,2025-04-04,48.41,44.42,ZARAR (SL),-827.21,225086.62
ETSY,2025-04-22,2025-04-30,45.93,43.48,ZARAR (SL),-536.42,224547.2
ETSY,2025-05-12,2025-05-27,47.59,50.48,KAR (TP),604.27,225148.47
ETSY,2025-06-13,2025-06-16,55.99,53.89,ZARAR (SL),-378.07,224767.4
ETSY,2025-07-29,2025-07-31,60.3,58.27,ZARAR (SL),-339.65,224424.75
ETSY,2025-08-07,2025-08-12,60.49,66.49,KAR (TP),988.9,225410.65
ETSY,2025-08-13,2025-08-15,70.09,66.43,ZARAR (SL),-525.19,224882.47
ETSY,2025-09-30,2025-10-01,66.39,70.49,KAR (TP),614.56,225494.03
ETSY,2025-10-03,2025-10-06,72.38,70.0,ZARAR (SL),-331.82,225159.21
ETSY,2025-10-28,2025-10-29,74.78,65.21,ZARAR (SL),-1282.75,223873.45
ROKU,2024-02-07,2024-02-13,94.49,89.94,ZARAR (SL),-484.53,223384.42
ROKU,2024-02-14,2024-02-16,91.24,72.0,ZARAR (SL),-2111.72,221269.7
ROKU,2024-05-14,2024-05-20,62.26,59.27,ZARAR (SL),-483.24,220783.45
ROKU,2024-06-26,2024-07-01,57.16,62.47,KAR (TP),925.97,221706.43
ROKU,2024-07-18,2024-07-24,62.77,55.59,ZARAR (SL),-1146.86,220556.57
ROKU,2024-09-05,2024-09-06,66.7,64.37,ZARAR (SL),-352.32,220201.24
ROKU,2024-09-11,2024-09-12,70.15,74.13,KAR (TP),564.36,220762.6
ROKU,2024-09-19,2024-09-23,77.45,73.8,ZARAR (SL),-474.27,220285.33
ROKU,2024-10-14,2024-10-23,76.36,73.5,ZARAR (SL),-377.54,219904.79
ROKU,2024-10-30,2024-10-31,77.51,64.08,ZARAR (SL),-1735.68,218166.11
ROKU,2024-12-02,2024-12-04,77.05,82.94,KAR (TP),761.44,218924.54
ROKU,2025-01-21,2025-01-23,79.74,83.78,KAR (TP),503.65,219425.19
ROKU,2025-01-24,2025-02-13,81.29,86.8,KAR (TP),674.82,220097.01
ROKU,2025-02-18,2025-02-19,95.8,92.41,ZARAR (SL),-356.86,219737.15
ROKU,2025-05-12,2025-05-28,68.78,73.96,KAR (TP),750.13,220484.27
ROKU,2025-06-05,2025-06-06,74.6,78.5,KAR (TP),519.79,221001.06
ROKU,2025-06-12,2025-06-13,76.75,74.41,ZARAR (SL),-307.89,220690.18
ROKU,2025-06-17,2025-06-26,80.63,86.5,KAR (TP),725.02,221412.2
ROKU,2025-07-21,2025-08-01,91.69,79.98,ZARAR (SL),-1280.13,220129.07
ROKU,2025-09-08,2025-09-10,99.39,94.94,ZARAR (SL),-450.73,219675.33
ROKU,2025-09-16,2025-10-01,97.91,103.57,KAR (TP),575.08,220247.42
ROKU,2025-11-04,2025-11-07,106.1,102.3,ZARAR (SL),-361.15,219883.26
ROKU,2025-12-09,2025-12-16,105.56,111.09,KAR (TP),520.87,220401.14
PTON,2024-03-07,2024-03-14,4.52,4.35,ZARAR (SL),-379.11,220017.53
PTON,2024-06-24,2024-06-25,3.63,3.37,ZARAR (SL),-719.25,219295.28
PTON,2024-07-15,2024-07-19,3.77,3.59,ZARAR (SL),-480.45,218811.82
PTON,2024-09-25,2024-09-30,4.88,4.68,ZARAR (SL),-412.84,218395.99
PTON,2024-10-04,2024-10-14,4.7,5.4,KAR (TP),1486.36,219879.35
PTON,2024-10-15,2024-10-18,5.21,5.84,KAR (TP),1206.21,221082.56
PTON,2024-11-01,2024-11-05,7.25,7.66,KAR (TP),562.52,221642.08
PTON,2024-12-02,2024-12-16,9.55,10.25,KAR (TP),729.98,222369.06
PTON,2024-12-17,2024-12-18,10.57,9.44,ZARAR (SL),-1072.06,221294.0
PTON,2025-02-13,2025-02-14,10.15,9.77,ZARAR (SL),-377.38,220913.62
PTON,2025-02-18,2025-02-20,9.63,9.05,ZARAR (SL),-605.28,220305.33
PTON,2025-05-12,2025-05-15,6.64,6.33,ZARAR (SL),-469.87,219832.46
PTON,2025-05-20,2025-05-21,6.72,6.46,ZARAR (SL),-389.9,219439.56
PTON,2025-05-22,2025-06-02,7.21,6.6,ZARAR (SL),-849.05,218587.51
PTON,2025-06-04,2025-06-05,7.47,6.94,ZARAR (SL),-712.5,217872.01
PTON,2025-06-09,2025-06-11,7.65,7.38,ZARAR (SL),-355.94,217513.07
PTON,2025-07-23,2025-07-24,6.77,6.43,ZARAR (SL),-505.22,217004.85
PTON,2025-07-30,2025-08-01,7.34,6.6,ZARAR (SL),-1011.17,215990.68
PTON,2025-08-04,2025-08-08,6.96,7.84,KAR (TP),1261.37,217249.04
PTON,2025-08-11,2025-08-13,8.25,8.72,KAR (TP),566.7,217812.74
PTON,2025-09-18,2025-09-22,7.93,8.33,KAR (TP),501.41,218311.16
PTON,2025-09-24,2025-09-29,8.25,8.67,KAR (TP),506.09,218814.25
PTON,2025-09-30,2025-10-01,9.0,8.67,ZARAR (SL),-369.67,218441.58
PTON,2025-10-06,2025-10-07,8.34,7.31,ZARAR (SL),-1238.01,217200.57
PTON,2025-11-07,2025-11-13,7.66,7.31,ZARAR (SL),-459.92,216737.65
SPOT,2024-03-08,2024-04-03,259.4,291.77,KAR (TP),1244.88,217979.53
SPOT,2024-04-15,2024-04-19,290.52,275.83,ZARAR (SL),-508.65,217467.88
SPOT,2024-04-23,2024-04-24,303.31,281.23,ZARAR (SL),-730.97,216733.92
SPOT,2024-06-03,2024-07-11,313.62,300.98,ZARAR (SL),-406.04,216324.88
SPOT,2024-07-23,2024-09-19,330.79,360.22,KAR (TP),886.69,217208.57
SPOT,2024-09-20,2024-09-25,365.17,383.96,KAR (TP),511.55,217717.12
SPOT,2024-10-07,2024-10-21,362.95,381.97,KAR (TP),521.04,218235.16
SPOT,2024-10-22,2024-11-11,387.63,410.19,KAR (TP),579.0,218811.16
SPOT,2025-01-15,2025-01-28,490.69,530.8,KAR (TP),814.42,219622.58
SPOT,2025-04-09,2025-04-11,569.06,543.66,ZARAR (SL),-449.35,219170.23
SPOT,2025-04-28,2025-04-29,597.73,576.94,ZARAR (SL),-350.82,218816.41
SPOT,2025-04-30,2025-05-07,613.98,657.1,KAR (TP),699.3,219512.72
SPOT,2025-05-12,2025-05-16,620.81,656.3,KAR (TP),568.67,220078.39
SPOT,2025-05-30,2025-06-04,665.14,701.08,KAR (TP),537.34,220612.73
SPOT,2025-06-26,2025-07-01,775.9,722.35,ZARAR (SL),-693.17,219916.56
SPOT,2025-08-15,2025-08-20,732.81,703.79,ZARAR (SL),-399.01,219514.55
SPOT,2025-09-18,2025-09-24,734.12,708.65,ZARAR (SL),-349.95,219161.6
CHWY,2024-03-11,2024-03-14,18.25,17.24,ZARAR (SL),-556.42,218602.18
CHWY,2024-03-20,2024-03-21,17.74,15.92,ZARAR (SL),-1028.93,217570.25
CHWY,2024-04-11,2024-04-12,18.54,17.64,ZARAR (SL),-488.44,217078.81
CHWY,2024-05-14,2024-05-15,16.83,16.32,ZARAR (SL),-306.03,216769.78
CHWY,2024-05-22,2024-05-29,16.38,21.5,KAR (TP),3122.76,219889.54
CHWY,2024-06-20,2024-06-24,25.5,26.95,KAR (TP),565.63,220452.17
CHWY,2024-06-27,2024-06-28,29.05,27.24,ZARAR (SL),-626.06,219823.11
CHWY,2024-07-01,2024-07-03,25.44,24.1,ZARAR (SL),-529.73,219290.38
CHWY,2024-08-15,2024-08-28,26.48,28.72,KAR (TP),842.92,220130.3
CHWY,2024-09-04,2024-09-05,27.15,26.16,ZARAR (SL),-367.64,219759.66
CHWY,2024-09-11,2024-09-13,30.24,31.98,KAR (TP),572.4,220329.06
CHWY,2024-09-20,2024-10-02,29.75,28.83,ZARAR (SL),-312.24,220013.81
CHWY,2024-10-09,2024-10-10,30.45,29.52,ZARAR (SL),-308.42,219702.39
CHWY,2024-11-04,2024-11-07,28.84,30.79,KAR (TP),673.14,220372.54
CHWY,2024-12-03,2024-12-05,33.62,31.07,ZARAR (SL),-761.48,219608.06
CHWY,2025-01-03,2025-01-23,35.96,38.0,KAR (TP),564.3,220169.36
CHWY,2025-02-03,2025-02-20,38.14,36.93,ZARAR (SL),-320.25,219846.11
CHWY,2025-04-09,2025-04-15,33.29,35.01,KAR (TP),513.67,220356.78
CHWY,2025-04-23,2025-04-29,35.38,37.21,KAR (TP),514.24,220868.02
CHWY,2025-06-09,2025-06-11,46.51,40.76,ZARAR (SL),-1239.29,219625.73
CHWY,2025-08-13,2025-08-28,39.41,41.43,KAR (TP),509.56,220132.29
CHWY,2025-09-02,2025-09-05,39.44,42.33,KAR (TP),729.76,220859.04
CHWY,2025-09-08,2025-09-10,41.62,35.11,ZARAR (SL),-1567.15,219288.89
CHWY,2025-10-10,2025-10-17,39.03,37.44,ZARAR (SL),-410.38,218875.51
CHWY,2025-12-08,2025-12-12,34.62,32.74,ZARAR (SL),-546.04,218326.48
ZM,2024-02-28,2024-03-05,69.62,66.49,ZARAR (SL),-452.58,217870.89
ZM,2024-05-13,2024-05-30,63.11,60.53,ZARAR (SL),-411.81,217456.08
ZM,2024-06-10,2024-06-12,62.96,60.52,ZARAR (SL),-390.55,217062.53
ZM,2024-07-25,2024-08-05,59.61,55.63,ZARAR (SL),-670.67,216388.86
ZM,2024-08-19,2024-08-22,59.82,68.04,KAR (TP),1371.12,217756.98
ZM,2024-10-08,2024-10-21,68.32,72.17,KAR (TP),560.52,218314.51
ZM,2024-10-22,2024-11-05,72.22,77.75,KAR (TP),762.72,219074.22
ZM,2024-11-18,2024-11-22,78.93,85.88,KAR (TP),877.53,219948.75
ZM,2024-11-25,2024-11-26,89.03,83.41,ZARAR (SL),-634.25,219311.5
ZM,2024-11-27,2024-11-29,85.36,82.69,ZARAR (SL),-315.79,218992.71
ZM,2024-12-20,2024-12-30,85.6,82.73,ZARAR (SL),-338.28,218651.43
ZM,2025-01-28,2025-02-11,88.64,83.82,ZARAR (SL),-546.77,218101.66
ZM,2025-02-18,2025-02-21,85.2,82.5,ZARAR (SL),-319.9,217778.76
ZM,2025-05-30,2025-06-11,81.25,78.16,ZARAR (SL),-383.31,217392.45
ZM,2025-08-26,2025-09-03,78.81,83.49,KAR (TP),590.83,217980.28
ZM,2025-09-19,2025-10-01,84.16,81.28,ZARAR (SL),-345.21,217632.08
ZM,2025-10-27,2025-11-06,85.17,82.22,ZARAR (SL),-349.37,217279.71
ZM,2025-11-11,2025-11-17,84.59,81.86,ZARAR (SL),-325.73,216950.98
DOCU,2024-03-06,2024-03-08,52.47,55.97,KAR (TP),664.05,217610.53
DOCU,2024-03-15,2024-04-03,56.77,60.55,KAR (TP),662.84,218270.37
DOCU,2024-04-12,2024-04-15,58.9,56.67,ZARAR (SL),-381.61,217885.76
DOCU,2024-05-13,2024-05-23,59.76,57.32,ZARAR (SL),-411.3,217471.46
DOCU,2024-09-04,2024-09-10,57.42,54.56,ZARAR (SL),-501.08,216967.38
DOCU,2024-09-20,2024-09-26,57.97,62.53,KAR (TP),783.61,217747.99
DOCU,2024-11-27,2024-12-06,80.38,106.99,KAR (TP),3307.53,221052.52
DOCU,2024-12-10,2024-12-18,95.85,92.71,ZARAR (SL),-330.6,220718.92
DOCU,2024-12-20,2024-12-31,94.41,89.94,ZARAR (SL),-476.47,220239.46
DOCU,2025-01-28,2025-02-06,97.7,93.85,ZARAR (SL),-397.06,219839.39
DOCU,2025-03-21,2025-03-28,88.06,83.18,ZARAR (SL),-557.17,219279.23
DOCU,2025-05-07,2025-05-12,82.24,87.86,KAR (TP),680.37,219956.59
DOCU,2025-05-21,2025-06-03,85.43,91.61,KAR (TP),720.4,220673.99
DOCU,2025-06-04,2025-06-06,93.84,75.28,ZARAR (SL),-1980.83,218690.16
DOCU,2025-07-21,2025-07-31,79.34,75.64,ZARAR (SL),-469.35,218217.81
DOCU,2025-09-03,2025-09-05,75.9,79.86,KAR (TP),518.74,218733.55
DOCU,2025-09-09,2025-09-17,79.8,84.52,KAR (TP),588.48,219319.03
DOCU,2025-09-19,2025-09-25,84.59,81.31,ZARAR (SL),-390.75,218925.27
DOCU,2025-10-30,2025-11-11,71.61,68.85,ZARAR (SL),-388.42,218533.85
DOCU,2025-12-04,2025-12-05,71.1,65.67,ZARAR (SL),-766.71,217764.14
DOCU,2025-12-11,2025-12-16,70.23,67.58,ZARAR (SL),-380.33,217380.81
DDOG,2024-01-26,2024-02-02,123.95,134.31,KAR (TP),832.82,218209.13
DDOG,2024-02-09,2024-02-16,134.91,129.74,ZARAR (SL),-386.22,217819.91
DDOG,2024-04-10,2024-04-19,125.82,120.09,ZARAR (SL),-458.41,217358.5
DDOG,2024-04-23,2024-05-07,126.44,112.4,ZARAR (SL),-1113.41,216242.09
DDOG,2024-06-12,2024-06-27,119.11,128.45,KAR (TP),781.15,217020.24
DDOG,2024-07-09,2024-07-17,126.63,121.16,ZARAR (SL),-434.97,216582.27
DDOG,2024-10-01,2024-10-04,113.98,122.69,KAR (TP),761.17,217340.44
DDOG,2024-10-25,2024-11-11,126.6,122.36,ZARAR (SL),-337.91,216999.53
DDOG,2024-11-13,2024-11-20,128.45,135.45,KAR (TP),541.96,217538.49
DDOG,2024-12-10,2024-12-18,154.91,150.2,ZARAR (SL),-307.05,217228.44
DDOG,2025-01-28,2025-01-29,151.89,145.72,ZARAR (SL),-409.21,216816.22
DDOG,2025-02-10,2025-02-13,147.1,135.89,ZARAR (SL),-765.07,216048.16
DDOG,2025-05-30,2025-06-17,117.88,124.84,KAR (TP),587.43,216632.59
DDOG,2025-06-20,2025-06-30,127.5,134.33,KAR (TP),532.69,217162.27
DDOG,2025-08-28,2025-08-29,140.96,136.68,ZARAR (SL),-306.63,216852.64
DDOG,2025-09-10,2025-09-16,139.13,134.59,ZARAR (SL),-329.31,216520.33
DDOG,2025-09-19,2025-10-01,138.82,152.7,KAR (TP),996.86,217514.18
DDOG,2025-10-03,2025-10-08,151.82,164.12,KAR (TP),807.17,218318.35
DDOG,2025-10-16,2025-10-31,151.17,162.81,KAR (TP),766.99,219082.34
DDOG,2025-11-03,2025-11-05,162.08,154.98,ZARAR (SL),-441.06,218638.29
FVRR,2024-01-29,2024-01-31,28.76,26.92,ZARAR (SL),-642.78,217992.51
FVRR,2024-02-02,2024-02-05,27.64,26.53,ZARAR (SL),-404.59,217584.92
FVRR,2024-02-09,2024-02-13,29.27,28.01,ZARAR (SL),-433.47,217148.45
FVRR,2024-02-14,2024-02-16,30.07,27.8,ZARAR (SL),-757.91,216387.54
FVRR,2024-05-02,2024-05-09,20.8,22.41,KAR (TP),771.04,217155.58
FVRR,2024-05-31,2024-06-04,25.23,24.47,ZARAR (SL),-304.23,216848.35
FVRR,2024-07-15,2024-07-16,24.0,25.26,KAR (TP),522.0,217367.35
FVRR,2024-07-17,2024-07-18,24.37,23.14,ZARAR (SL),-507.72,216856.63
FVRR,2024-07-31,2024-08-01,26.11,23.28,ZARAR (SL),-1086.88,215766.75
FVRR,2024-08-02,2024-08-07,23.81,22.45,ZARAR (SL),-574.19,215189.57
FVRR,2024-09-30,2024-10-01,25.87,24.26,ZARAR (SL),-625.34,214561.22
FVRR,2024-10-29,2024-10-30,25.07,29.16,KAR (TP),1628.43,216186.66
FVRR,2024-12-02,2024-12-03,32.78,34.46,KAR (TP),509.51,216693.16
FVRR,2024-12-17,2024-12-18,33.57,32.26,ZARAR (SL),-393.23,216296.93
FVRR,2025-01-06,2025-01-08,34.44,32.02,ZARAR (SL),-705.67,215588.26
FVRR,2025-01-17,2025-01-21,33.97,32.95,ZARAR (SL),-303.27,215282.0
FVRR,2025-02-13,2025-02-19,32.84,30.23,ZARAR (SL),-797.76,214481.24
FVRR,2025-04-28,2025-04-30,26.42,25.45,ZARAR (SL),-370.15,214108.09
FVRR,2025-05-01,2025-05-07,26.12,29.13,KAR (TP),1149.37,215254.46
FVRR,2025-06-02,2025-06-10,32.94,31.93,ZARAR (SL),-309.62,214941.84
FVRR,2025-09-10,2025-09-18,23.24,25.21,KAR (TP),844.68,215783.52
FVRR,2025-09-22,2025-09-30,25.34,24.41,ZARAR (SL),-370.01,215410.51
FVRR,2025-11-13,2025-11-17,22.33,20.42,ZARAR (SL),-858.35,214549.16
FVRR,2025-12-05,2025-12-12,21.54,20.69,ZARAR (SL),-397.61,214148.55
PINS,2024-01-26,2024-02-02,37.7,39.75,KAR (TP),540.77,214686.31
PINS,2024-02-05,2024-02-09,39.67,36.87,ZARAR (SL),-708.82,213974.49
PINS,2024-06-06,2024-06-25,42.73,44.98,KAR (TP),523.56,214495.05
PINS,2024-06-28,2024-07-10,44.07,42.74,ZARAR (SL),-304.79,214187.26
PINS,2024-09-25,2024-10-09,32.15,33.84,KAR (TP),522.66,214706.92
PINS,2024-10-17,2024-10-22,32.94,31.94,ZARAR (SL),-306.58,214397.34
PINS,2024-11-07,2024-11-08,33.93,29.18,ZARAR (SL),-1402.94,212991.4
PINS,2024-12-10,2024-12-12,31.83,30.84,ZARAR (SL),-314.03,212674.37
PINS,2024-12-17,2024-12-18,31.0,29.87,ZARAR (SL),-367.52,212303.85
PINS,2025-01-06,2025-01-08,32.41,30.87,ZARAR (SL),-478.16,211822.69
PINS,2025-01-21,2025-02-07,32.07,40.0,KAR (TP),2469.72,214289.41
PINS,2025-06-03,2025-06-10,33.13,35.11,KAR (TP),594.65,214881.05
PINS,2025-06-20,2025-06-27,34.22,35.95,KAR (TP),502.55,215380.61
PINS,2025-06-30,2025-07-21,35.86,38.0,KAR (TP),593.77,215971.37
PINS,2025-08-01,2025-08-08,37.76,35.13,ZARAR (SL),-699.5,215268.87
PINS,2025-09-08,2025-09-09,37.95,36.5,ZARAR (SL),-385.08,214880.79
PINS,2025-10-28,2025-11-05,33.2,25.75,ZARAR (SL),-2246.98,212630.81
PINS,2025-12-05,2025-12-15,26.75,25.76,ZARAR (SL),-373.09,212254.72
SNAP,2024-02-02,2024-02-07,17.05,11.41,ZARAR (SL),-3310.92,208940.8
SNAP,2024-03-07,2024-03-14,11.85,11.39,ZARAR (SL),-391.19,208546.61
SNAP,2024-04-18,2024-04-19,11.63,11.16,ZARAR (SL),-407.13,208136.49
SNAP,2024-04-23,2024-04-26,11.39,14.55,KAR (TP),2771.36,210904.85
SNAP,2024-06-24,2024-06-25,15.67,16.71,KAR (TP),660.69,211562.54
SNAP,2024-06-28,2024-07-01,16.61,16.02,ZARAR (SL),-358.21,211201.33
SNAP,2024-07-10,2024-07-12,16.84,16.18,ZARAR (SL),-394.92,210803.4
SNAP,2024-09-12,2024-09-19,9.32,10.07,KAR (TP),801.72,211602.13
SNAP,2024-09-20,2024-09-24,10.05,10.57,KAR (TP),514.41,212113.54
SNAP,2024-10-16,2024-10-21,10.76,10.33,ZARAR (SL),-402.63,211707.91
SNAP,2024-10-28,2024-10-30,10.71,12.62,KAR (TP),1780.38,213485.29
SNAP,2024-10-31,2024-11-12,12.16,11.26,ZARAR (SL),-743.13,212739.16
SNAP,2025-01-10,2025-01-14,12.47,11.34,ZARAR (SL),-909.17,211826.98
SNAP,2025-01-15,2025-01-16,11.84,11.22,ZARAR (SL),-526.65,211297.34
SNAP,2025-04-29,2025-04-30,9.09,7.96,ZARAR (SL),-1246.12,210048.21
SNAP,2025-05-02,2025-05-07,8.45,8.13,ZARAR (SL),-381.7,209663.51
SNAP,2025-05-12,2025-05-15,9.21,8.58,ZARAR (SL),-687.04,208973.47
SNAP,2025-06-24,2025-06-25,8.32,8.03,ZARAR (SL),-351.56,208618.92
SNAP,2025-06-27,2025-07-01,8.72,9.35,KAR (TP),719.48,209335.39
SNAP,2025-07-02,2025-07-17,9.38,9.91,KAR (TP),562.03,209894.42
SNAP,2025-07-28,2025-07-29,9.69,9.33,ZARAR (SL),-374.52,209516.91
SNAP,2025-09-09,2025-09-10,7.28,7.05,ZARAR (SL),-318.93,209194.97
SNAP,2025-09-12,2025-09-16,7.34,7.74,KAR (TP),541.96,209733.93
SNAP,2025-09-19,2025-09-30,8.16,7.71,ZARAR (SL),-554.47,209176.46
SNAP,2025-10-03,2025-10-07,8.54,8.13,ZARAR (SL),-483.09,208690.37
SNAP,2025-11-07,2025-11-10,8.21,8.69,KAR (TP),581.65,209269.02
SNAP,2025-11-13,2025-11-17,8.58,8.18,ZARAR (SL),-469.2,208796.82
WIX,2024-01-31,2024-02-09,126.88,133.3,KAR (TP),502.99,209296.81
WIX,2024-02-12,2024-02-13,129.33,125.45,ZARAR (SL),-303.01,208990.8
WIX,2024-02-21,2024-02-27,132.77,140.32,KAR (TP),565.65,209553.46
WIX,2024-03-13,2024-03-14,142.65,138.36,ZARAR (SL),-303.74,209246.72
WIX,2024-05-13,2024-05-14,127.01,133.59,KAR (TP),515.07,209758.79
WIX,2024-07-18,2024-07-25,162.68,155.43,ZARAR (SL),-448.66,209307.13
WIX,2024-08-19,2024-08-22,171.13,165.11,ZARAR (SL),-354.78,208949.35
WIX,2024-08-26,2024-09-03,165.95,157.43,ZARAR (SL),-516.41,208429.94
WIX,2024-10-10,2024-10-17,167.1,177.24,KAR (TP),603.82,209030.76
WIX,2024-10-18,2024-10-22,173.39,166.93,ZARAR (SL),-375.57,208652.19
WIX,2024-11-07,2024-11-11,172.04,183.64,KAR (TP),671.26,209320.46
WIX,2024-11-18,2024-11-20,180.33,210.27,KAR (TP),1657.29,210974.74
WIX,2024-12-23,2025-01-14,221.0,236.36,KAR (TP),692.02,211663.77
WIX,2025-01-15,2025-01-27,241.84,234.42,ZARAR (SL),-309.81,211350.95
WIX,2025-01-28,2025-01-31,246.76,238.89,ZARAR (SL),-321.93,211026.02
WIX,2025-05-02,2025-05-12,166.83,179.71,KAR (TP),769.04,211792.06
WIX,2025-05-20,2025-05-21,181.74,152.34,ZARAR (SL),-1620.7,210168.37
SHOP,2024-02-02,2024-02-08,82.93,87.87,KAR (TP),592.68,210756.55
SHOP,2024-02-09,2024-02-13,90.72,77.18,ZARAR (SL),-1495.5,209258.05
SHOP,2024-02-15,2024-02-16,84.0,81.29,ZARAR (SL),-325.62,208929.43
SHOP,2024-03-13,2024-04-03,78.68,75.64,ZARAR (SL),-389.38,208537.05
SHOP,2024-05-07,2024-05-08,77.05,62.73,ZARAR (SL),-1861.53,206672.52
SHOP,2024-06-24,2024-07-05,64.31,67.63,KAR (TP),513.25,207182.77
SHOP,2024-07-16,2024-07-17,69.72,64.81,ZARAR (SL),-707.25,206472.52
SHOP,2024-08-08,2024-08-15,68.55,74.85,KAR (TP),916.04,207385.56
SHOP,2024-09-18,2024-09-23,75.22,80.11,KAR (TP),647.09,208029.65
SHOP,2024-10-15,2024-10-25,81.93,79.05,ZARAR (SL),-354.52,207672.13
SHOP,2024-11-07,2024-11-11,85.55,89.99,KAR (TP),515.99,208185.13
SHOP,2024-12-17,2024-12-18,119.49,109.7,ZARAR (SL),-822.32,207359.81
SHOP,2025-01-06,2025-01-07,114.24,106.78,ZARAR (SL),-656.01,206700.8
SHOP,2025-01-28,2025-02-11,117.45,123.59,KAR (TP),519.78,207217.57
SHOP,2025-02-12,2025-02-13,120.49,127.65,KAR (TP),591.24,207805.82
SHOP,2025-05-06,2025-05-12,93.83,104.34,KAR (TP),1117.11,208919.93
SHOP,2025-05-15,2025-05-20,110.21,106.43,ZARAR (SL),-345.98,208570.94
SHOP,2025-06-11,2025-06-12,114.13,109.21,ZARAR (SL),-434.09,208133.86
SHOP,2025-06-23,2025-07-03,109.98,116.52,KAR (TP),591.65,208722.51
SHOP,2025-07-14,2025-07-17,116.74,126.75,KAR (TP),854.46,209573.97
SHOP,2025-07-18,2025-07-23,127.07,122.21,ZARAR (SL),-385.47,209185.5
SHOP,2025-07-31,2025-08-06,122.21,154.9,KAR (TP),2671.9,211854.41
SHOP,2025-08-07,2025-08-14,151.07,144.27,ZARAR (SL),-453.12,211398.29
SHOP,2025-09-15,2025-09-22,147.89,157.12,KAR (TP),621.11,212016.4
SHOP,2025-09-23,2025-09-25,149.94,143.45,ZARAR (SL),-435.84,211577.56
SHOP,2025-09-29,2025-10-03,149.0,161.14,KAR (TP),811.77,212386.32
SHOP,2025-10-06,2025-10-10,164.5,151.02,ZARAR (SL),-822.45,211560.87
SHOP,2025-10-16,2025-10-20,156.57,164.71,KAR (TP),516.9,212074.77
SHOP,2025-10-27,2025-11-04,175.06,160.94,ZARAR (SL),-809.58,211262.18
SE,2024-02-01,2024-02-07,40.47,43.61,KAR (TP),772.88,212030.57
SE,2024-02-16,2024-02-28,44.99,47.75,KAR (TP),610.47,212638.04
SE,2024-04-18,2024-04-22,56.3,59.43,KAR (TP),552.95,213187.99
SE,2024-04-25,2024-05-03,62.83,66.66,KAR (TP),606.58,213791.57
SE,2024-05-10,2024-05-15,64.91,68.64,KAR (TP),571.64,214360.21
SE,2024-05-28,2024-05-30,69.63,67.15,ZARAR (SL),-359.17,213998.04
SE,2024-06-12,2024-06-28,73.88,71.42,ZARAR (SL),-335.97,213659.07
SE,2024-08-13,2024-08-15,74.85,79.29,KAR (TP),590.19,214246.26
SE,2024-09-18,2024-09-23,82.4,90.67,KAR (TP),1000.64,215243.9
SE,2024-11-12,2024-11-14,107.65,103.33,ZARAR (SL),-404.3,214836.6
SE,2024-11-15,2024-11-18,102.94,108.63,KAR (TP),549.75,215383.35
SE,2025-01-21,2025-01-27,118.16,114.23,ZARAR (SL),-335.6,215044.75
SE,2025-01-28,2025-02-11,119.53,129.71,KAR (TP),848.67,215890.42
SE,2025-02-21,2025-03-03,127.62,123.49,ZARAR (SL),-326.62,215560.8
SE,2025-03-04,2025-03-05,132.31,146.31,KAR (TP),1055.12,216612.92
SE,2025-03-06,2025-03-10,139.15,127.32,ZARAR (SL),-853.16,215756.76
SE,2025-07-15,2025-07-17,158.26,167.08,KAR (TP),554.31,216308.07
SE,2025-07-18,2025-07-21,168.55,155.29,ZARAR (SL),-789.71,215515.36
SE,2025-08-12,2025-08-22,174.12,185.53,KAR (TP),652.3,216164.65
SE,2025-09-02,2025-09-04,178.78,189.71,KAR (TP),608.37,216770.02
SE,2025-09-11,2025-09-15,196.5,190.46,ZARAR (SL),-310.38,216456.64
SE,2025-09-16,2025-09-29,189.07,181.45,ZARAR (SL),-406.03,216047.62
BABA,2024-02-05,2024-02-08,71.83,68.12,ZARAR (SL),-518.88,215525.74
BABA,2024-02-21,2024-03-04,72.74,69.3,ZARAR (SL),-476.67,215046.07
BABA,2024-03-13,2024-03-14,73.52,70.64,ZARAR (SL),-394.41,214648.65
BABA,2024-04-23,2024-04-29,69.79,73.54,KAR (TP),534.86,215180.51
BABA,2024-05-14,2024-05-16,76.53,83.45,KAR (TP),901.29,216078.8
BABA,2024-05-17,2024-05-22,85.22,79.58,ZARAR (SL),-664.85,215410.95
BABA,2024-07-11,2024-07-19,77.21,74.02,ZARAR (SL),-416.91,214991.05
BABA,2024-07-29,2024-08-16,77.31,81.8,KAR (TP),577.0,215565.05
BABA,2024-08-20,2024-08-23,79.69,83.99,KAR (TP),536.24,216098.29
BABA,2024-08-26,2024-09-19,80.4,87.02,KAR (TP),820.14,216915.43
BABA,2025-01-21,2025-01-27,83.96,88.49,KAR (TP),536.94,217449.37
BABA,2025-05-15,2025-05-27,121.84,117.53,ZARAR (SL),-356.51,217089.86
BABA,2025-07-15,2025-08-13,116.97,126.86,KAR (TP),842.52,217929.37
BABA,2025-08-14,2025-08-21,122.28,118.09,ZARAR (SL),-345.66,217580.72
BABA,2025-08-22,2025-08-29,122.94,135.0,KAR (TP),977.97,218555.68
BABA,2025-09-02,2025-09-04,138.55,130.92,ZARAR (SL),-553.7,217998.98
BABA,2025-09-05,2025-09-09,135.58,147.1,KAR (TP),846.68,218842.66
BABA,2025-10-09,2025-10-10,173.68,159.01,ZARAR (SL),-847.66,217992.01
JD,2024-03-06,2024-03-07,23.52,22.65,ZARAR (SL),-372.33,217616.68
JD,2024-03-08,2024-03-11,23.37,24.62,KAR (TP),530.33,218144.01
JD,2024-03-12,2024-03-22,25.85,25.02,ZARAR (SL),-320.87,217820.14
JD,2024-04-22,2024-04-25,26.22,27.77,KAR (TP),589.81,218406.96
JD,2024-05-16,2024-05-22,33.29,31.74,ZARAR (SL),-466.96,217936.99
JD,2024-08-15,2024-08-16,26.23,28.45,KAR (TP),845.15,218779.14
JD,2024-08-20,2024-08-21,27.38,26.25,ZARAR (SL),-418.04,218358.1
JD,2024-08-22,2024-08-26,25.88,25.06,ZARAR (SL),-318.32,218036.79
JD,2024-08-30,2024-09-06,26.23,25.32,ZARAR (SL),-347.44,217686.34
JD,2025-01-17,2025-01-28,37.88,39.89,KAR (TP),527.77,218211.11
JD,2025-01-29,2025-01-30,39.11,41.09,KAR (TP),503.71,218711.82
JD,2025-02-10,2025-02-11,40.96,39.63,ZARAR (SL),-327.87,218380.94
JD,2025-02-14,2025-02-18,40.2,37.8,ZARAR (SL),-599.91,217778.04
JD,2025-02-20,2025-02-24,40.01,38.18,ZARAR (SL),-459.42,217315.61
JD,2025-02-26,2025-03-03,41.31,39.09,ZARAR (SL),-541.44,216771.17
JD,2025-03-05,2025-03-07,42.51,41.08,ZARAR (SL),-338.92,216429.25
JD,2025-03-20,2025-03-25,41.75,40.28,ZARAR (SL),-354.33,216071.92
JD,2025-07-18,2025-07-29,33.92,32.22,ZARAR (SL),-504.18,215564.75
JD,2025-08-13,2025-08-19,32.51,31.24,ZARAR (SL),-393.65,215168.1
JD,2025-09-08,2025-09-16,32.85,34.71,KAR (TP),563.21,215728.31
JD,2025-09-22,2025-09-29,33.93,35.64,KAR (TP),500.98,216226.29
JD,2025-09-30,2025-10-10,34.98,31.85,ZARAR (SL),-897.8,215325.49
BIDU,2024-02-21,2024-02-28,107.22,103.31,ZARAR (SL),-367.67,214954.82
BIDU,2024-03-13,2024-03-14,107.89,104.64,ZARAR (SL),-304.23,214647.58
BIDU,2024-05-15,2024-05-21,110.75,105.14,ZARAR (SL),-509.55,214135.04
BIDU,2024-07-10,2024-07-15,97.94,93.15,ZARAR (SL),-492.08,213639.96
BIDU,2024-08-21,2024-08-22,89.74,85.79,ZARAR (SL),-443.16,213193.8
BIDU,2024-09-23,2024-09-24,88.28,94.81,KAR (TP),736.69,213927.49
BIDU,2024-12-09,2024-12-10,93.04,89.21,ZARAR (SL),-414.65,213509.84
BIDU,2025-01-27,2025-01-30,88.51,94.77,KAR (TP),704.26,214211.11
BIDU,2025-02-03,2025-02-04,87.71,92.88,KAR (TP),586.44,214794.55
BIDU,2025-02-05,2025-02-10,88.63,93.85,KAR (TP),585.97,215377.52
BIDU,2025-02-11,2025-02-13,89.44,96.59,KAR (TP),796.42,216170.93
BIDU,2025-02-14,2025-02-18,97.48,90.16,ZARAR (SL),-753.92,215414.01
BIDU,2025-02-21,2025-02-24,91.28,87.87,ZARAR (SL),-376.58,215034.43
BIDU,2025-03-06,2025-03-17,93.39,102.27,KAR (TP),947.85,215979.29
BIDU,2025-03-19,2025-03-20,98.24,94.27,ZARAR (SL),-407.11,215569.17
BIDU,2025-05-07,2025-05-12,86.7,91.27,KAR (TP),524.1,216090.28
BIDU,2025-05-14,2025-05-15,92.5,89.19,ZARAR (SL),-360.84,215726.44
BIDU,2025-07-07,2025-07-11,89.79,86.93,ZARAR (SL),-321.52,215401.92
BIDU,2025-07-15,2025-07-16,93.3,86.32,ZARAR (SL),-751.12,214647.8
BIDU,2025-07-17,2025-07-22,87.51,92.45,KAR (TP),561.51,215206.3
BIDU,2025-07-23,2025-07-28,93.08,89.4,ZARAR (SL),-398.36,214804.94
BIDU,2025-08-13,2025-08-20,91.07,86.76,ZARAR (SL),-476.26,214325.68
BIDU,2025-08-25,2025-09-04,91.93,98.21,KAR (TP),680.13,215002.81
BIDU,2025-11-10,2025-11-13,132.32,120.65,ZARAR (SL),-884.95,214114.86
BIDU,2025-12-08,2025-12-09,130.06,123.94,ZARAR (SL),-473.55,213638.3
PDD,2024-03-20,2024-03-21,132.17,122.3,ZARAR (SL),-749.77,212885.54
PDD,2024-04-22,2024-05-02,124.14,137.54,KAR (TP),1076.43,213958.96
PDD,2024-05-13,2024-05-23,140.52,153.63,KAR (TP),929.96,214885.93
PDD,2024-05-28,2024-06-05,149.72,142.8,ZARAR (SL),-465.2,214417.73
PDD,2024-08-12,2024-08-19,142.47,151.11,KAR (TP),603.44,215018.18
PDD,2024-08-20,2024-08-23,144.22,139.87,ZARAR (SL),-304.62,214710.55
PDD,2025-01-17,2025-01-24,105.57,111.34,KAR (TP),543.56,215251.11
PDD,2025-02-03,2025-02-04,105.24,114.05,KAR (TP),834.13,216082.24
PDD,2025-02-05,2025-02-10,110.14,116.34,KAR (TP),559.92,216639.16
PDD,2025-02-14,2025-02-21,124.16,131.34,KAR (TP),575.29,217211.45
PDD,2025-02-24,2025-02-28,119.77,113.69,ZARAR (SL),-510.64,216697.81
PDD,2025-03-17,2025-03-26,128.9,122.47,ZARAR (SL),-501.84,216192.97
PDD,2025-05-23,2025-05-27,119.24,102.98,ZARAR (SL),-1366.64,214823.34
PDD,2025-07-15,2025-07-21,105.06,111.66,KAR (TP),625.21,215445.55
PDD,2025-07-30,2025-08-15,112.92,118.95,KAR (TP),531.01,215973.56
PDD,2025-08-18,2025-08-22,118.34,127.11,KAR (TP),738.09,216708.64
PDD,2025-08-26,2025-09-17,123.91,134.86,KAR (TP),880.71,217586.35
PDD,2025-09-19,2025-10-10,129.47,124.27,ZARAR (SL),-404.64,217178.71
PDD,2025-10-20,2025-11-18,131.56,119.58,ZARAR (SL),-913.61,216262.1
ROP,2024-02-01,2024-04-15,540.24,523.59,ZARAR (SL),-311.19,215947.91
ROP,2024-05-15,2024-06-12,526.74,553.26,KAR (TP),500.35,216445.26
ROP,2024-06-17,2024-07-24,548.7,527.97,ZARAR (SL),-380.71,216061.54
ROP,2024-09-06,2024-12-04,543.64,572.42,KAR (TP),526.32,216584.86
ROP,2025-01-21,2025-01-30,528.38,568.01,KAR (TP),747.02,217328.88
ROP,2025-02-25,2025-03-11,584.68,563.19,ZARAR (SL),-370.59,216955.29
ROP,2025-03-27,2025-04-04,589.86,540.11,ZARAR (SL),-846.44,216105.85
ROP,2025-07-01,2025-07-10,570.93,548.89,ZARAR (SL),-389.02,215713.84
ROP,2025-10-08,2025-10-15,520.0,499.73,ZARAR (SL),-392.81,215318.03
ROP,2025-10-22,2025-10-23,508.95,479.96,ZARAR (SL),-572.6,214742.43
TT,2024-01-31,2024-02-01,247.73,266.1,KAR (TP),738.52,215476.45
TT,2024-02-08,2024-02-26,265.31,279.94,KAR (TP),548.6,216022.05
TT,2024-03-13,2024-03-21,281.86,299.56,KAR (TP),625.13,216644.18
TT,2024-03-22,2024-04-18,296.02,285.44,ZARAR (SL),-360.32,216280.86
TT,2024-04-26,2024-05-06,300.2,321.1,KAR (TP),693.48,216971.34
TT,2024-05-16,2024-06-18,320.1,341.36,KAR (TP),661.37,217629.71
TT,2024-06-20,2024-07-01,332.02,317.62,ZARAR (SL),-436.72,217189.99
TT,2024-07-22,2024-07-25,333.18,318.47,ZARAR (SL),-444.41,216742.57
TT,2024-09-03,2024-09-13,342.15,360.88,KAR (TP),544.24,217283.82
TT,2024-09-16,2024-09-23,365.5,383.82,KAR (TP),498.23,217779.05
TT,2024-10-15,2024-10-30,393.84,372.07,ZARAR (SL),-555.96,217220.09
TT,2024-11-08,2024-12-10,406.8,394.56,ZARAR (SL),-303.89,216913.2
TT,2025-03-26,2025-03-28,350.49,330.52,ZARAR (SL),-572.79,216337.41
TT,2025-04-09,2025-04-16,341.27,329.17,ZARAR (SL),-357.72,215976.69
TT,2025-04-25,2025-04-30,346.42,381.6,KAR (TP),1012.6,216986.29
TT,2025-06-27,2025-07-23,431.31,458.3,KAR (TP),622.97,217606.26
TT,2025-10-01,2025-10-22,425.41,408.5,ZARAR (SL),-400.5,217202.76
TT,2025-10-24,2025-10-31,425.87,448.65,KAR (TP),531.9,217731.67
FLR,2024-02-01,2024-02-07,38.21,40.31,KAR (TP),546.59,218275.26
FLR,2024-02-13,2024-02-15,40.0,42.78,KAR (TP),692.0,218964.26
FLR,2024-02-16,2024-02-20,42.09,36.73,ZARAR (SL),-1276.46,217684.8
FLR,2024-04-11,2024-04-12,42.22,40.85,ZARAR (SL),-327.49,217354.31
FLR,2024-05-21,2024-05-31,40.88,43.4,KAR (TP),613.44,217964.75
FLR,2024-06-14,2024-06-27,44.64,43.05,ZARAR (SL),-359.18,217602.56
FLR,2024-07-11,2024-07-16,46.55,50.26,KAR (TP),793.99,218393.55
FLR,2024-07-24,2024-08-23,47.16,49.62,KAR (TP),518.63,218909.18
FLR,2024-10-03,2024-10-14,49.05,51.61,KAR (TP),518.92,219425.1
FLR,2024-10-28,2024-11-06,53.63,58.74,KAR (TP),949.83,220371.92
FLR,2024-11-07,2024-11-08,58.93,50.93,ZARAR (SL),-1360.54,219008.38
FLR,2025-01-21,2025-01-27,53.52,46.34,ZARAR (SL),-1344.55,217660.83
FLR,2025-05-02,2025-05-05,35.77,34.42,ZARAR (SL),-380.41,217277.42
FLR,2025-05-06,2025-05-12,35.11,37.53,KAR (TP),686.26,217960.68
FLR,2025-06-03,2025-06-11,43.39,49.79,KAR (TP),1471.99,219429.67
FLR,2025-09-03,2025-09-04,42.87,41.47,ZARAR (SL),-329.57,219097.1
FLR,2025-09-18,2025-09-19,42.42,44.6,KAR (TP),510.91,219605.01
FLR,2025-09-25,2025-10-13,42.4,47.22,KAR (TP),1133.79,220735.8
FLR,2025-10-14,2025-10-15,48.23,50.73,KAR (TP),515.35,221248.15
FLR,2025-10-16,2025-10-17,48.46,46.65,ZARAR (SL),-376.5,220868.65
FLR,2025-10-21,2025-10-22,48.79,46.45,ZARAR (SL),-482.61,220383.04
FLR,2025-10-28,2025-11-03,50.01,48.05,ZARAR (SL),-394.92,219985.12
HUBB,2024-01-26,2024-02-02,320.66,345.07,KAR (TP),758.44,220740.56
HUBB,2024-02-05,2024-02-26,342.11,360.23,KAR (TP),526.65,221264.21
HUBB,2024-02-29,2024-03-14,372.28,392.97,KAR (TP),552.86,221814.07
HUBB,2024-03-15,2024-03-21,386.44,405.85,KAR (TP),499.34,222310.41
HUBB,2024-03-26,2024-04-16,404.22,387.54,ZARAR (SL),-415.5,221891.91
HUBB,2024-05-09,2024-05-16,400.19,382.7,ZARAR (SL),-439.94,221448.97
HUBB,2024-07-11,2024-07-17,371.82,359.65,ZARAR (SL),-330.42,221115.55
HUBB,2024-07-30,2024-08-02,372.59,359.24,ZARAR (SL),-361.35,220751.2
HUBB,2024-08-29,2024-09-03,388.01,372.92,ZARAR (SL),-392.04,220356.16
HUBB,2024-09-11,2024-09-19,386.6,415.8,KAR (TP),752.21,221105.37
HUBB,2024-09-20,2024-10-09,419.22,442.24,KAR (TP),546.28,221648.65
HUBB,2024-10-24,2024-10-30,443.0,424.78,ZARAR (SL),-414.39,221231.26
HUBB,2024-11-06,2024-11-12,464.59,444.82,ZARAR (SL),-428.53,220799.73
HUBB,2024-11-25,2024-12-10,456.46,442.71,ZARAR (SL),-304.29,220492.44
HUBB,2025-04-09,2025-04-16,348.58,335.54,ZARAR (SL),-377.2,220112.24
HUBB,2025-04-30,2025-05-01,359.7,339.84,ZARAR (SL),-555.34,219553.9
HUBB,2025-05-02,2025-05-12,352.5,374.79,KAR (TP),629.18,220180.08
HUBB,2025-05-14,2025-06-26,381.99,402.72,KAR (TP),539.73,220716.81
HUBB,2025-06-27,2025-07-17,404.07,434.49,KAR (TP),749.79,221463.61
HUBB,2025-07-21,2025-08-13,419.62,441.17,KAR (TP),510.42,221971.02
HUBB,2025-08-26,2025-09-25,439.75,419.05,ZARAR (SL),-473.74,221494.28
HUBB,2025-10-15,2025-10-29,432.61,471.0,KAR (TP),884.46,222375.73
HUBB,2025-11-04,2025-11-13,457.92,436.2,ZARAR (SL),-477.27,221895.46
HUBB,2025-12-12,2025-12-17,448.0,429.68,ZARAR (SL),-411.93,221480.53
APH,2024-02-22,2024-03-04,52.38,55.07,KAR (TP),510.86,221986.89
APH,2024-03-08,2024-04-05,54.32,57.87,KAR (TP),649.72,222633.61
APH,2024-04-09,2024-04-17,56.69,54.97,ZARAR (SL),-306.53,222324.08
APH,2024-04-23,2024-04-26,56.33,59.4,KAR (TP),542.25,222863.33
APH,2024-05-01,2024-05-08,58.8,62.42,KAR (TP),613.3,223473.63
APH,2024-05-29,2024-07-10,65.61,69.15,KAR (TP),537.55,224008.18
APH,2024-10-01,2024-10-14,63.0,66.72,KAR (TP),588.01,224593.18
APH,2024-10-15,2024-10-24,65.06,69.12,KAR (TP),621.05,225211.23
APH,2024-10-29,2024-11-07,68.2,73.22,KAR (TP),733.06,225941.3
APH,2024-11-12,2024-12-30,71.28,68.97,ZARAR (SL),-327.69,225610.6
APH,2025-01-21,2025-01-22,72.16,77.25,KAR (TP),701.07,226308.67
APH,2025-02-10,2025-02-13,71.25,68.84,ZARAR (SL),-341.44,225964.23
APH,2025-03-28,2025-04-03,66.25,62.34,ZARAR (SL),-593.18,225368.05
APH,2025-04-09,2025-04-10,65.84,63.81,ZARAR (SL),-312.76,225052.29
APH,2025-04-23,2025-04-24,70.79,75.64,KAR (TP),682.87,225732.17
APH,2025-06-20,2025-06-30,93.51,98.42,KAR (TP),522.48,226251.64
APH,2025-07-08,2025-07-18,97.09,103.0,KAR (TP),605.77,226854.41
APH,2025-07-22,2025-08-04,101.44,108.27,KAR (TP),670.02,227521.43
APH,2025-08-05,2025-09-09,107.57,116.4,KAR (TP),817.9,228336.33
APH,2025-09-17,2025-09-23,118.18,125.16,KAR (TP),587.32,228920.65
APH,2025-10-15,2025-10-23,125.36,135.05,KAR (TP),770.09,229687.74
APH,2025-10-24,2025-11-03,133.56,141.28,KAR (TP),574.64,230259.38
APH,2025-11-04,2025-11-10,136.44,143.57,KAR (TP),520.04,230776.43
APH,2025-11-24,2025-12-12,137.61,128.99,ZARAR (SL),-629.63,230143.8
ECL,2024-01-29,2024-02-13,195.31,216.81,KAR (TP),1097.63,231238.42
ECL,2024-02-16,2024-03-15,211.12,222.22,KAR (TP),522.58,231758.0
ECL,2024-03-21,2024-04-11,224.86,216.93,ZARAR (SL),-355.68,231399.32
ECL,2024-05-31,2024-06-18,228.18,239.64,KAR (TP),499.22,231895.54
ECL,2024-07-08,2024-07-30,239.24,225.43,ZARAR (SL),-580.24,231312.3
ECL,2024-09-03,2024-10-16,244.21,256.43,KAR (TP),497.39,231806.69
ECL,2024-10-17,2024-10-31,253.82,242.59,ZARAR (SL),-445.24,231358.45
ECL,2024-12-13,2024-12-18,247.0,235.24,ZARAR (SL),-479.28,230876.17
ECL,2025-01-21,2025-02-11,238.62,258.57,KAR (TP),833.27,231706.44
ECL,2025-03-04,2025-03-11,265.04,256.42,ZARAR (SL),-328.28,231375.16
ECL,2025-05-30,2025-08-13,263.6,280.37,KAR (TP),633.25,232005.41
ECL,2025-08-14,2025-09-09,278.53,269.26,ZARAR (SL),-335.88,231666.53
ECL,2025-10-17,2025-10-28,275.98,267.53,ZARAR (SL),-309.05,231354.47
ECL,2025-11-25,2025-12-03,272.7,263.59,ZARAR (SL),-336.87,231014.6
ECL,2025-12-04,2025-12-09,263.68,252.58,ZARAR (SL),-423.92,230587.68
SHW,2024-02-05,2024-02-22,299.29,315.15,KAR (TP),526.74,231111.42
SHW,2024-02-23,2024-03-07,317.24,339.54,KAR (TP),699.73,231808.15
SHW,2024-03-13,2024-04-10,331.8,316.38,ZARAR (SL),-467.65,231337.5
SHW,2024-05-14,2024-05-23,309.38,299.26,ZARAR (SL),-330.13,231004.37
SHW,2024-08-05,2024-08-15,334.8,351.96,KAR (TP),509.55,231510.92
SHW,2024-09-11,2024-10-25,367.64,355.21,ZARAR (SL),-341.0,231166.92
SHW,2024-11-04,2024-11-25,370.41,396.18,KAR (TP),692.7,231856.62
SHW,2025-01-21,2025-02-20,358.33,346.93,ZARAR (SL),-321.1,231532.52
SHW,2025-03-05,2025-03-12,359.91,347.5,ZARAR (SL),-347.72,231181.79
SHW,2025-04-30,2025-06-13,350.57,334.37,ZARAR (SL),-464.98,230713.81
SHW,2025-08-04,2025-08-13,346.29,367.17,KAR (TP),600.13,231310.94
SHW,2025-09-03,2025-09-17,362.18,349.39,ZARAR (SL),-356.14,230951.8
SHW,2025-10-28,2025-11-04,353.62,342.18,ZARAR (SL),-326.6,230622.2
PPG,2024-02-16,2024-04-11,136.06,131.93,ZARAR (SL),-306.71,230312.49
PPG,2024-05-22,2024-05-28,129.78,124.87,ZARAR (SL),-381.62,229927.87
PPG,2024-07-15,2024-07-23,126.1,122.09,ZARAR (SL),-320.85,229604.02
PPG,2024-09-09,2024-09-26,122.23,130.38,KAR (TP),663.72,230264.74
PPG,2024-09-30,2024-10-03,128.35,123.88,ZARAR (SL),-351.78,229909.96
PPG,2024-10-15,2024-10-30,125.84,121.77,ZARAR (SL),-326.4,229580.56
PPG,2024-12-02,2024-12-17,122.73,118.92,ZARAR (SL),-313.39,229264.17
PPG,2025-01-21,2025-01-31,120.19,112.41,ZARAR (SL),-650.65,228610.52
PPG,2025-03-06,2025-03-12,113.05,108.75,ZARAR (SL),-383.51,228224.01
PPG,2025-05-22,2025-06-13,109.66,104.82,ZARAR (SL),-444.51,227776.5
PPG,2025-06-23,2025-07-02,110.76,116.93,KAR (TP),554.29,228327.78
PPG,2025-07-17,2025-07-29,114.4,110.66,ZARAR (SL),-329.67,227995.12
PPG,2025-09-08,2025-09-17,110.71,107.3,ZARAR (SL),-310.54,227681.58
PPG,2025-10-27,2025-10-29,104.67,98.4,ZARAR (SL),-602.34,227076.24
FMC,2024-02-01,2024-02-06,57.06,49.08,ZARAR (SL),-1401.46,225670.28
FMC,2024-02-29,2024-03-05,51.78,54.83,KAR (TP),585.76,226253.04
FMC,2024-03-20,2024-04-02,58.87,55.93,ZARAR (SL),-502.8,225747.24
FMC,2024-05-02,2024-05-07,56.1,61.87,KAR (TP),1024.59,226768.83
FMC,2024-05-08,2024-05-23,60.1,55.66,ZARAR (SL),-741.74,226024.08
FMC,2024-07-18,2024-07-19,56.13,54.14,ZARAR (SL),-358.3,225662.79
FMC,2024-07-23,2024-08-01,53.82,60.24,KAR (TP),1190.46,226850.25
FMC,2024-08-02,2024-08-12,58.23,55.85,ZARAR (SL),-411.43,226435.82
FMC,2024-09-18,2024-10-10,59.46,57.04,ZARAR (SL),-410.14,226022.68
FMC,2024-10-31,2024-11-06,61.39,57.56,ZARAR (SL),-627.71,225391.97
FMC,2025-02-04,2025-02-05,51.67,34.34,ZARAR (SL),-3356.07,222032.9
FMC,2025-03-06,2025-03-17,38.49,40.81,KAR (TP),598.09,222627.99
FMC,2025-05-15,2025-05-22,38.02,36.85,ZARAR (SL),-311.52,222313.47
FMC,2025-05-30,2025-06-06,39.32,41.43,KAR (TP),534.48,222844.95
FMC,2025-06-09,2025-06-13,42.71,40.31,ZARAR (SL),-565.87,222276.08
FMC,2025-06-23,2025-07-02,41.58,43.68,KAR (TP),502.72,222775.81
FMC,2025-12-17,2025-12-19,13.78,13.32,ZARAR (SL),-336.82,222435.99
MOS,2024-02-22,2024-02-27,30.32,29.38,ZARAR (SL),-313.37,222119.62
MOS,2024-02-29,2024-04-03,29.33,30.84,KAR (TP),513.78,222630.4
MOS,2024-04-04,2024-04-12,31.06,29.49,ZARAR (SL),-509.41,222117.99
MOS,2024-05-31,2024-06-04,29.31,28.19,ZARAR (SL),-384.51,221730.49
MOS,2024-07-17,2024-07-19,29.21,28.29,ZARAR (SL),-319.89,221407.6
MOS,2024-08-30,2024-09-03,27.27,26.2,ZARAR (SL),-395.02,221009.58
MOS,2024-10-10,2024-10-15,25.38,24.55,ZARAR (SL),-328.88,220677.7
MOS,2024-10-24,2024-11-04,25.69,27.25,KAR (TP),603.51,221278.21
MOS,2024-11-06,2024-11-12,26.54,24.87,ZARAR (SL),-630.04,220645.17
MOS,2024-12-02,2024-12-04,26.53,25.7,ZARAR (SL),-314.82,220327.35
MOS,2024-12-11,2024-12-16,25.95,25.05,ZARAR (SL),-350.4,219973.95
MOS,2025-02-03,2025-02-12,26.23,25.34,ZARAR (SL),-342.99,219627.96
MOS,2025-03-18,2025-04-03,26.61,25.4,ZARAR (SL),-458.88,219166.08
MOS,2025-04-24,2025-04-30,28.3,29.74,KAR (TP),505.12,219668.2
MOS,2025-06-13,2025-07-02,35.19,37.21,KAR (TP),570.27,220235.47
MOS,2025-07-23,2025-07-31,36.59,35.44,ZARAR (SL),-317.69,219914.78
MOS,2025-09-08,2025-09-18,32.28,33.91,KAR (TP),500.38,220412.16
MOS,2025-09-19,2025-09-24,33.67,35.6,KAR (TP),570.87,220980.02
MOS,2025-09-25,2025-10-09,34.47,33.14,ZARAR (SL),-391.04,220585.98
MOS,2025-12-12,2025-12-15,26.21,24.86,ZARAR (SL),-518.07,220064.91
CF,2024-02-12,2024-03-01,75.08,79.06,KAR (TP),526.94,220588.85
CF,2024-03-04,2024-03-07,76.53,80.38,KAR (TP),500.38,221086.23
CF,2024-03-15,2024-04-08,79.94,76.46,ZARAR (SL),-438.15,220645.08
CF,2024-05-31,2024-06-05,76.92,74.13,ZARAR (SL),-365.48,220276.61
CF,2024-08-02,2024-08-08,70.64,76.73,KAR (TP),858.79,221132.39
CF,2024-08-30,2024-09-03,80.66,76.8,ZARAR (SL),-482.0,220647.39
CF,2024-09-17,2024-09-27,79.09,83.14,KAR (TP),508.85,221153.24
CF,2024-11-15,2024-12-03,85.02,91.92,KAR (TP),808.99,221959.23
CF,2024-12-05,2024-12-16,87.27,84.64,ZARAR (SL),-304.0,221652.24
CF,2025-01-06,2025-01-08,87.65,84.96,ZARAR (SL),-309.37,221339.86
CF,2025-01-21,2025-01-24,91.46,86.03,ZARAR (SL),-596.64,220740.23
CF,2025-01-29,2025-02-05,90.34,87.57,ZARAR (SL),-309.96,220427.27
CF,2025-04-03,2025-04-04,78.46,71.79,ZARAR (SL),-853.24,219571.03
CF,2025-06-12,2025-06-13,92.73,98.76,KAR (TP),647.11,220215.14
CF,2025-06-23,2025-06-25,95.39,90.33,ZARAR (SL),-534.44,219677.7
CF,2025-09-23,2025-09-24,86.62,91.11,KAR (TP),514.56,220189.25
CF,2025-09-25,2025-10-01,89.18,85.92,ZARAR (SL),-368.62,219817.63
CF,2025-10-06,2025-10-09,91.51,88.08,ZARAR (SL),-377.75,219436.88
NUE,2024-01-29,2024-01-30,171.87,183.79,KAR (TP),691.07,220123.44
NUE,2024-02-16,2024-03-21,180.56,191.07,KAR (TP),578.96,220699.4
NUE,2024-07-11,2024-08-02,155.64,147.89,ZARAR (SL),-500.61,220195.79
NUE,2024-09-19,2024-10-17,145.89,155.34,KAR (TP),645.25,220838.04
NUE,2024-10-18,2024-10-22,155.49,143.48,ZARAR (SL),-775.25,220059.8
NUE,2024-11-06,2024-11-07,164.83,158.37,ZARAR (SL),-394.68,219662.12
NUE,2024-11-25,2024-12-05,150.77,143.04,ZARAR (SL),-515.9,219143.22
NUE,2025-01-22,2025-01-30,120.54,127.05,KAR (TP),536.77,219676.98
NUE,2025-02-07,2025-02-10,128.61,135.79,KAR (TP),555.11,220229.1
NUE,2025-02-28,2025-03-04,135.73,127.87,ZARAR (SL),-582.04,219644.06
NUE,2025-05-06,2025-05-21,115.89,110.8,ZARAR (SL),-442.02,219199.04
NUE,2025-06-03,2025-06-11,121.32,116.17,ZARAR (SL),-427.3,218768.74
NUE,2025-06-13,2025-06-24,120.92,127.15,KAR (TP),512.09,219277.83
NUE,2025-07-24,2025-08-04,140.86,136.43,ZARAR (SL),-317.64,218957.19
NUE,2025-08-15,2025-09-09,144.82,140.45,ZARAR (SL),-304.9,218649.28
NUE,2025-10-21,2025-10-28,140.52,151.99,KAR (TP),813.25,219459.54
NUE,2025-10-29,2025-10-30,154.43,149.74,ZARAR (SL),-306.7,219149.84
NUE,2025-10-31,2025-11-04,150.05,144.29,ZARAR (SL),-386.87,218759.97
STLD,2024-02-28,2024-03-05,129.08,125.2,ZARAR (SL),-304.15,218451.31
STLD,2024-03-12,2024-03-18,127.96,136.37,KAR (TP),654.07,219102.39
STLD,2024-04-10,2024-04-16,141.38,136.61,ZARAR (SL),-340.36,218759.03
STLD,2024-05-23,2024-06-04,130.55,124.36,ZARAR (SL),-476.91,218279.12
STLD,2024-07-10,2024-07-24,124.86,120.95,ZARAR (SL),-316.48,217959.63
STLD,2024-07-31,2024-08-01,130.69,123.95,ZARAR (SL),-518.69,217437.94
STLD,2024-09-19,2024-09-30,117.81,124.14,KAR (TP),534.27,217969.21
STLD,2024-10-17,2024-10-23,132.97,126.66,ZARAR (SL),-477.64,217488.57
STLD,2024-10-24,2024-11-06,128.33,151.94,KAR (TP),1836.8,219322.38
STLD,2024-11-07,2024-11-13,145.67,139.72,ZARAR (SL),-411.92,218907.45
STLD,2024-11-14,2024-11-21,135.69,142.73,KAR (TP),515.83,219420.28
STLD,2024-11-22,2024-12-05,141.36,136.56,ZARAR (SL),-342.21,219075.08
STLD,2025-01-21,2025-02-10,123.27,131.36,KAR (TP),653.03,219725.1
STLD,2025-02-12,2025-02-18,130.79,137.47,KAR (TP),507.96,220230.06
STLD,2025-02-24,2025-03-04,131.63,124.93,ZARAR (SL),-512.2,219714.86
STLD,2025-05-19,2025-05-22,135.05,128.93,ZARAR (SL),-456.48,219255.39
STLD,2025-06-02,2025-06-11,134.71,129.07,ZARAR (SL),-421.54,218830.85
STLD,2025-07-21,2025-07-24,134.05,126.37,ZARAR (SL),-575.36,218252.48
STLD,2025-08-13,2025-09-16,128.77,139.17,KAR (TP),804.03,219053.51
STLD,2025-09-17,2025-10-02,136.36,144.39,KAR (TP),586.09,219636.6
STLD,2025-10-06,2025-10-21,141.63,153.82,KAR (TP),857.69,220491.29
STLD,2025-10-22,2025-10-27,148.56,158.02,KAR (TP),633.78,221122.07
STLD,2025-10-28,2025-11-03,161.07,155.97,ZARAR (SL),-319.63,220799.44
STLD,2025-11-04,2025-11-24,151.62,161.19,KAR (TP),628.18,221424.62
STLD,2025-12-05,2025-12-18,165.22,174.58,KAR (TP),563.52,221985.14
ALK,2024-02-20,2024-02-26,38.92,37.71,ZARAR (SL),-313.89,221666.75
ALK,2024-02-29,2024-03-13,37.39,39.37,KAR (TP),526.55,222190.3
ALK,2024-03-15,2024-03-27,38.18,42.01,KAR (TP),1000.14,223187.44
ALK,2024-04-17,2024-04-19,42.72,45.01,KAR (TP),533.05,223717.49
ALK,2024-04-25,2024-04-30,44.55,43.02,ZARAR (SL),-346.43,223368.06
ALK,2024-07-16,2024-07-18,40.5,37.25,ZARAR (SL),-805.47,222559.59
ALK,2024-10-04,2024-10-11,42.48,44.63,KAR (TP),503.12,223059.71
ALK,2024-10-21,2024-11-01,46.04,49.23,KAR (TP),689.88,223746.58
ALK,2024-11-04,2024-11-06,47.23,51.62,KAR (TP),926.49,224670.08
ALK,2024-12-03,2024-12-05,52.55,55.88,KAR (TP),630.68,225297.76
ALK,2024-12-06,2024-12-10,54.34,61.29,KAR (TP),1275.98,226570.75
ALK,2025-01-07,2025-01-21,65.52,68.88,KAR (TP),509.82,227077.57
ALK,2025-01-22,2025-01-28,67.4,71.41,KAR (TP),591.96,227666.52
ALK,2025-01-31,2025-02-21,73.25,70.18,ZARAR (SL),-422.11,227241.41
ALK,2025-05-05,2025-05-08,48.65,52.77,KAR (TP),843.87,228082.27
ALK,2025-05-22,2025-06-13,50.11,47.46,ZARAR (SL),-531.84,227547.44
ALK,2025-07-16,2025-07-28,51.65,54.33,KAR (TP),515.88,228060.31
ALK,2025-07-29,2025-08-01,54.15,51.37,ZARAR (SL),-516.39,227540.93
ALK,2025-08-12,2025-08-22,56.22,59.5,KAR (TP),580.42,228118.35
ALK,2025-08-25,2025-08-28,60.01,63.18,KAR (TP),525.25,228640.59
ALK,2025-11-26,2025-12-03,42.51,45.37,KAR (TP),669.78,229307.38
ALK,2025-12-04,2025-12-10,47.32,51.75,KAR (TP),933.18,230237.56
AAL,2024-01-26,2024-01-30,15.13,14.53,ZARAR (SL),-399.56,229834.99
AAL,2024-02-22,2024-03-05,15.24,14.67,ZARAR (SL),-377.02,229454.98
AAL,2024-05-06,2024-05-21,14.65,14.03,ZARAR (SL),-426.21,229025.77
AAL,2024-09-05,2024-09-26,10.8,11.79,KAR (TP),913.67,229936.43
AAL,2024-10-04,2024-10-16,11.51,12.89,KAR (TP),1195.96,231129.39
AAL,2024-11-06,2024-11-25,14.0,14.92,KAR (TP),654.14,231780.54
AAL,2024-12-27,2025-01-10,17.35,18.38,KAR (TP),590.66,232368.19
AAL,2025-01-13,2025-01-21,17.6,18.64,KAR (TP),587.91,232953.1
AAL,2025-01-22,2025-01-23,18.66,17.03,ZARAR (SL),-876.53,232073.58
AAL,2025-04-09,2025-04-10,11.12,9.51,ZARAR (SL),-1450.84,230619.74
AAL,2025-05-02,2025-05-09,10.52,11.11,KAR (TP),557.84,231174.57
AAL,2025-05-27,2025-06-05,11.64,11.27,ZARAR (SL),-320.87,230850.7
AAL,2025-06-24,2025-07-10,11.37,12.94,KAR (TP),1377.83,232225.53
AAL,2025-07-11,2025-07-24,12.22,11.46,ZARAR (SL),-624.93,231597.6
AAL,2025-08-12,2025-08-21,12.98,12.57,ZARAR (SL),-318.87,231275.73
AAL,2025-08-25,2025-09-15,13.0,12.53,ZARAR (SL),-364.54,230908.19
AAL,2025-10-23,2025-10-24,12.77,13.78,KAR (TP),787.92,231693.1
AAL,2025-11-05,2025-11-11,13.42,12.99,ZARAR (SL),-323.42,231366.69
AAL,2025-11-25,2025-12-02,13.46,14.24,KAR (TP),576.49,231940.18
AAL,2025-12-03,2025-12-15,14.56,15.33,KAR (TP),525.85,232463.03
DAL,2024-02-22,2024-03-20,41.18,44.47,KAR (TP),796.62,233255.15
DAL,2024-04-03,2024-04-22,45.64,48.04,KAR (TP),523.09,233775.24
DAL,2024-08-29,2024-09-09,40.95,43.03,KAR (TP),507.11,234279.34
DAL,2024-10-03,2024-10-08,46.76,49.87,KAR (TP),662.82,234939.17
DAL,2024-10-09,2024-10-16,50.23,55.64,KAR (TP),1075.1,236011.27
DAL,2024-10-28,2024-10-30,54.72,57.77,KAR (TP),553.16,236561.43
DAL,2024-11-01,2024-11-06,57.7,61.58,KAR (TP),670.06,237228.49
DAL,2024-11-19,2024-12-03,63.98,61.83,ZARAR (SL),-339.68,236885.81
DAL,2024-12-05,2024-12-09,64.99,61.52,ZARAR (SL),-536.68,236346.13
DAL,2025-01-13,2025-01-29,64.33,67.62,KAR (TP),508.52,236851.65
DAL,2025-05-27,2025-06-13,49.08,46.73,ZARAR (SL),-480.73,236367.92
DAL,2025-06-24,2025-07-10,49.24,56.41,KAR (TP),1453.82,237818.74
DAL,2025-07-15,2025-07-30,55.35,53.25,ZARAR (SL),-381.75,237433.99
DAL,2025-08-12,2025-08-22,58.26,61.5,KAR (TP),553.13,237984.12
DAL,2025-09-02,2025-09-15,60.94,58.24,ZARAR (SL),-446.32,237534.8
DAL,2025-10-14,2025-10-23,61.08,58.77,ZARAR (SL),-381.71,237150.08
DAL,2025-11-24,2025-11-26,60.67,64.27,KAR (TP),590.37,237737.46
DAL,2025-12-03,2025-12-15,67.49,71.27,KAR (TP),557.08,238291.54
LUV,2024-01-26,2024-02-08,28.91,31.06,KAR (TP),741.44,239029.98
LUV,2024-02-12,2024-02-21,31.5,33.18,KAR (TP),530.7,239557.67
LUV,2024-04-17,2024-04-25,27.79,26.33,ZARAR (SL),-531.14,239023.53
LUV,2024-06-03,2024-06-10,26.74,28.68,KAR (TP),722.89,239743.42
LUV,2024-06-11,2024-07-05,27.09,26.18,ZARAR (SL),-338.25,239402.17
LUV,2024-09-18,2024-10-03,28.26,29.83,KAR (TP),554.09,239953.26
LUV,2024-10-04,2024-10-17,30.55,29.42,ZARAR (SL),-374.2,239576.06
LUV,2024-10-22,2024-10-24,29.81,28.37,ZARAR (SL),-485.13,239087.94
LUV,2024-10-29,2024-11-04,30.34,29.24,ZARAR (SL),-363.94,238721.0
LUV,2024-11-06,2024-12-02,30.69,32.27,KAR (TP),509.9,239227.9
LUV,2024-12-03,2024-12-05,32.25,34.06,KAR (TP),560.98,239785.88
LUV,2024-12-11,2024-12-18,32.83,31.75,ZARAR (SL),-333.56,239449.32
LUV,2024-12-20,2025-01-17,32.54,31.55,ZARAR (SL),-306.76,239139.56
LUV,2025-01-21,2025-01-22,32.7,31.32,ZARAR (SL),-426.81,238709.76
LUV,2025-03-11,2025-03-17,30.01,31.77,KAR (TP),583.49,239290.25
LUV,2025-05-22,2025-05-28,30.86,32.52,KAR (TP),535.29,239822.54
LUV,2025-05-30,2025-06-04,33.0,31.91,ZARAR (SL),-335.53,239484.0
LUV,2025-07-01,2025-07-10,33.22,37.14,KAR (TP),1176.29,240657.29
LUV,2025-09-02,2025-09-09,32.07,30.99,ZARAR (SL),-339.76,240314.53
LUV,2025-09-17,2025-10-20,32.12,34.43,KAR (TP),716.18,241027.71
LUV,2025-10-22,2025-10-23,33.76,31.65,ZARAR (SL),-628.0,240396.71
LUV,2025-12-04,2025-12-05,35.81,37.85,KAR (TP),566.67,240960.38
UAL,2024-02-20,2024-03-20,43.46,45.98,KAR (TP),576.84,241534.22
UAL,2024-03-26,2024-03-28,45.42,47.88,KAR (TP),538.61,242069.83
UAL,2024-04-02,2024-04-04,45.65,43.22,ZARAR (SL),-535.31,241531.52
UAL,2024-04-17,2024-04-18,48.74,51.42,KAR (TP),546.86,242075.38
UAL,2024-04-19,2024-04-23,51.38,54.03,KAR (TP),512.76,242585.14
UAL,2024-06-06,2024-06-14,53.3,49.69,ZARAR (SL),-680.3,241901.84
UAL,2024-07-22,2024-07-24,48.19,46.02,ZARAR (SL),-453.3,241445.54
UAL,2024-08-29,2024-09-05,42.64,45.12,KAR (TP),578.61,242021.16
UAL,2024-09-06,2024-09-09,46.01,48.75,KAR (TP),592.52,242610.68
UAL,2024-12-09,2024-12-18,96.02,91.47,ZARAR (SL),-476.86,242130.82
UAL,2024-12-20,2025-01-08,97.4,103.72,KAR (TP),645.87,242773.69
UAL,2025-01-13,2025-01-21,104.71,110.52,KAR (TP),551.87,243322.56
UAL,2025-01-22,2025-01-23,107.97,103.0,ZARAR (SL),-463.31,242856.24
UAL,2025-01-24,2025-02-13,105.0,100.89,ZARAR (SL),-394.43,242458.82
UAL,2025-05-14,2025-05-15,78.99,76.54,ZARAR (SL),-313.17,242142.65
UAL,2025-05-20,2025-05-21,76.33,73.33,ZARAR (SL),-396.03,241743.62
UAL,2025-05-22,2025-06-02,76.0,81.23,KAR (TP),685.16,242425.78
UAL,2025-07-16,2025-08-01,88.47,84.57,ZARAR (SL),-443.83,241978.95
UAL,2025-08-12,2025-08-26,98.47,104.13,KAR (TP),571.79,242547.75
UAL,2025-09-02,2025-09-24,104.68,101.39,ZARAR (SL),-317.29,242227.45
UAL,2025-11-25,2025-12-02,98.91,104.38,KAR (TP),550.03,242774.48
UAL,2025-12-03,2025-12-04,108.48,104.73,ZARAR (SL),-348.69,242422.8
UAL,2025-12-05,2025-12-16,104.95,112.48,KAR (TP),714.49,243134.28
CAR,2024-02-12,2024-02-13,168.36,129.81,ZARAR (SL),-2292.74,240838.54
CAR,2024-03-19,2024-03-27,115.71,123.23,KAR (TP),646.9,241482.45
CAR,2024-03-28,2024-04-12,122.46,114.73,ZARAR (SL),-634.23,240845.22
CAR,2024-06-24,2024-06-26,112.5,108.06,ZARAR (SL),-397.67,240444.55
CAR,2024-09-20,2024-09-25,85.9,82.35,ZARAR (SL),-416.27,240025.28
CAR,2024-10-29,2024-10-31,87.1,83.0,ZARAR (SL),-473.72,239548.56
CAR,2024-11-01,2024-11-05,92.06,88.51,ZARAR (SL),-388.62,239156.94
CAR,2024-11-07,2024-11-13,94.79,105.63,KAR (TP),1140.58,240294.52
CAR,2024-12-02,2024-12-04,105.93,101.47,ZARAR (SL),-424.03,239867.49
CAR,2025-01-17,2025-02-07,90.19,87.01,ZARAR (SL),-355.59,239508.9
CAR,2025-02-10,2025-02-12,90.43,83.59,ZARAR (SL),-759.39,238746.51
CAR,2025-02-14,2025-02-18,90.75,96.5,KAR (TP),630.61,239374.12
CAR,2025-02-20,2025-02-21,93.83,87.1,ZARAR (SL),-720.25,238650.87
CAR,2025-03-31,2025-04-03,75.9,72.61,ZARAR (SL),-436.47,238211.4
CAR,2025-04-10,2025-04-17,70.87,84.59,KAR (TP),1932.94,240141.34
CAR,2025-04-21,2025-04-22,80.66,84.89,KAR (TP),521.42,240659.76
CAR,2025-06-04,2025-06-06,112.27,123.0,KAR (TP),952.73,241609.49
CAR,2025-06-20,2025-06-23,134.44,147.0,KAR (TP),931.25,242537.74
CAR,2025-09-19,2025-10-06,157.66,148.41,ZARAR (SL),-589.71,241945.03
CAR,2025-10-14,2025-10-17,155.49,150.39,ZARAR (SL),-331.0,241611.04
CAR,2025-12-16,2025-12-18,132.67,128.11,ZARAR (SL),-346.71,241261.33
RCL,2024-01-31,2024-02-02,125.73,121.72,ZARAR (SL),-321.43,240935.4
RCL,2024-03-15,2024-03-20,127.13,133.64,KAR (TP),509.72,241442.12
RCL,2024-04-02,2024-04-09,135.54,131.33,ZARAR (SL),-313.66,241125.46
RCL,2024-05-14,2024-05-21,138.84,148.65,KAR (TP),703.68,241826.14
RCL,2024-05-23,2024-06-04,144.27,153.0,KAR (TP),601.88,242425.02
RCL,2024-06-24,2024-07-09,152.37,160.86,KAR (TP),554.21,242976.23
RCL,2024-07-17,2024-07-25,162.17,149.9,ZARAR (SL),-759.41,242213.81
RCL,2024-08-30,2024-09-03,162.33,157.43,ZARAR (SL),-304.91,241905.9
RCL,2024-09-09,2024-09-16,158.03,167.38,KAR (TP),588.54,242491.44
RCL,2024-09-19,2024-09-26,169.17,180.69,KAR (TP),677.65,243166.09
RCL,2024-10-01,2024-10-08,171.22,181.26,KAR (TP),583.5,243746.59
RCL,2024-10-31,2024-11-06,203.95,224.01,KAR (TP),980.28,244723.87
RCL,2024-12-02,2024-12-18,243.55,226.86,ZARAR (SL),-688.04,244032.84
RCL,2025-01-17,2025-01-24,239.56,229.94,ZARAR (SL),-404.55,243625.28
RCL,2025-02-03,2025-02-20,258.43,241.62,ZARAR (SL),-653.54,242968.74
RCL,2025-04-09,2025-04-10,208.28,191.38,ZARAR (SL),-814.42,242151.32
RCL,2025-05-21,2025-05-27,236.36,254.04,KAR (TP),745.26,242893.59
RCL,2025-05-28,2025-06-03,249.33,265.2,KAR (TP),633.36,243523.95
RCL,2025-06-05,2025-06-13,270.57,257.29,ZARAR (SL),-493.79,243027.16
RCL,2025-06-16,2025-06-24,263.9,279.61,KAR (TP),592.37,243616.53
RCL,2025-06-25,2025-06-27,283.47,308.56,KAR (TP),882.21,244495.74
RCL,2025-09-11,2025-09-12,349.16,335.39,ZARAR (SL),-397.31,244095.43
RCL,2025-12-11,2025-12-22,279.7,300.73,KAR (TP),748.88,244841.31
CCL,2024-03-08,2024-03-27,16.37,17.19,KAR (TP),497.92,245336.22
CCL,2024-05-13,2024-05-20,14.56,16.09,KAR (TP),1047.82,246381.05
CCL,2024-05-22,2024-05-23,15.65,14.78,ZARAR (SL),-558.91,245819.14
CCL,2024-05-29,2024-06-03,15.22,16.01,KAR (TP),516.05,246332.19
CCL,2024-06-04,2024-06-11,16.94,16.34,ZARAR (SL),-357.19,245972.0
CCL,2024-06-24,2024-06-25,16.39,17.82,KAR (TP),869.48,246838.48
CCL,2024-06-26,2024-07-01,18.37,17.71,ZARAR (SL),-362.28,246473.2
CCL,2024-07-23,2024-07-24,19.07,18.19,ZARAR (SL),-464.46,246005.74
CCL,2024-09-11,2024-09-16,16.54,17.83,KAR (TP),776.93,246779.67
CCL,2024-09-17,2024-09-20,18.03,19.0,KAR (TP),534.99,247311.66
CCL,2024-09-25,2024-10-03,18.04,17.34,ZARAR (SL),-391.03,246917.63
CCL,2024-10-04,2024-10-09,18.02,20.2,KAR (TP),1206.77,248121.4
CCL,2024-10-10,2024-10-15,20.39,21.55,KAR (TP),565.91,248684.31
CCL,2024-10-31,2024-11-06,22.0,24.23,KAR (TP),1010.64,249691.94
CCL,2024-12-20,2024-12-23,26.8,25.73,ZARAR (SL),-402.25,249286.69
CCL,2025-01-21,2025-01-28,25.6,27.77,KAR (TP),844.66,250128.35
CCL,2025-06-05,2025-06-13,24.02,22.41,ZARAR (SL),-673.28,249452.07
CCL,2025-06-16,2025-06-24,23.84,25.7,KAR (TP),777.2,250226.27
CCL,2025-06-25,2025-06-27,25.48,27.26,KAR (TP),695.59,250918.86
CCL,2025-07-29,2025-08-08,29.7,28.37,ZARAR (SL),-450.81,250465.05
CCL,2025-08-13,2025-08-19,30.64,29.57,ZARAR (SL),-352.22,250109.83
CCL,2025-08-22,2025-09-29,31.3,29.4,ZARAR (SL),-610.03,249496.8
CCL,2025-10-31,2025-11-04,28.83,26.11,ZARAR (SL),-946.46,248547.34
CCL,2025-12-11,2025-12-19,27.84,31.12,KAR (TP),1175.16,249719.5
NCLH,2024-02-01,2024-02-05,17.79,17.14,ZARAR (SL),-368.37,249348.13
NCLH,2024-02-27,2024-03-20,19.09,20.18,KAR (TP),567.98,249913.11
NCLH,2024-03-27,2024-04-02,21.34,19.26,ZARAR (SL),-977.7,248932.41
NCLH,2024-06-25,2024-07-01,18.29,17.68,ZARAR (SL),-336.52,248592.9
NCLH,2024-07-24,2024-07-25,19.22,18.36,ZARAR (SL),-450.45,248139.45
NCLH,2024-09-04,2024-09-11,17.29,18.7,KAR (TP),812.5,248948.95
NCLH,2024-10-09,2024-10-15,23.07,24.3,KAR (TP),530.16,249476.11
NCLH,2024-10-29,2024-10-31,24.11,25.34,KAR (TP),507.16,249980.27
NCLH,2024-11-18,2024-12-02,26.1,28.35,KAR (TP),859.07,250836.34
NCLH,2024-12-03,2024-12-09,27.38,25.96,ZARAR (SL),-521.63,250311.71
NCLH,2024-12-20,2024-12-27,26.91,25.75,ZARAR (SL),-434.07,249874.64
NCLH,2025-01-17,2025-01-22,27.17,26.26,ZARAR (SL),-337.93,249533.72
NCLH,2025-02-03,2025-02-10,27.66,26.49,ZARAR (SL),-425.99,249104.72
NCLH,2025-05-02,2025-05-12,17.37,19.15,KAR (TP),1021.75,250123.48
NCLH,2025-05-27,2025-05-28,18.09,17.54,ZARAR (SL),-307.03,249813.44
NCLH,2025-06-04,2025-06-05,18.4,19.35,KAR (TP),513.3,250323.75
NCLH,2025-06-06,2025-06-12,19.56,18.72,ZARAR (SL),-432.45,249888.3
NCLH,2025-06-20,2025-06-27,18.86,20.18,KAR (TP),696.89,250582.19
NCLH,2025-07-01,2025-07-10,20.98,23.15,KAR (TP),1031.32,251610.51
NCLH,2025-07-22,2025-07-31,23.6,25.56,KAR (TP),827.51,252435.02
NCLH,2025-08-01,2025-08-11,24.5,23.73,ZARAR (SL),-317.29,252114.73
NCLH,2025-08-22,2025-09-11,25.05,26.94,KAR (TP),751.49,252863.23
NCLH,2025-12-04,2025-12-11,18.8,20.55,KAR (TP),927.85,253788.08
MGM,2024-02-01,2024-02-12,44.71,47.02,KAR (TP),513.66,254298.74
MGM,2024-02-13,2024-02-14,45.66,42.8,ZARAR (SL),-629.37,253666.37
MGM,2024-03-18,2024-03-26,44.12,46.46,KAR (TP),527.37,254190.74
MGM,2024-06-21,2024-06-28,42.0,44.44,KAR (TP),577.95,254765.69
MGM,2024-07-02,2024-07-11,42.33,45.84,KAR (TP),826.2,255588.89
MGM,2024-10-29,2024-10-31,41.99,36.87,ZARAR (SL),-1222.34,254363.55
MGM,2024-12-03,2024-12-13,37.51,36.25,ZARAR (SL),-338.91,254021.64
MGM,2025-01-30,2025-02-13,34.55,40.37,KAR (TP),1681.52,255700.16
MGM,2025-05-01,2025-05-09,30.86,32.58,KAR (TP),554.36,256251.52
MGM,2025-06-16,2025-06-23,34.3,33.25,ZARAR (SL),-309.12,255939.39
MGM,2025-07-01,2025-07-10,36.89,38.84,KAR (TP),525.6,256461.99
MGM,2025-07-22,2025-07-31,38.14,36.45,ZARAR (SL),-446.1,256012.89
MGM,2025-09-04,2025-09-11,37.03,35.34,ZARAR (SL),-459.39,255550.5
MGM,2025-11-25,2025-12-05,34.14,36.07,KAR (TP),562.32,256109.82
WYNN,2024-02-01,2024-02-08,95.31,103.95,KAR (TP),903.57,257008.89
WYNN,2024-02-29,2024-03-01,103.3,99.38,ZARAR (SL),-382.28,256623.61
WYNN,2024-04-01,2024-04-12,104.64,99.35,ZARAR (SL),-507.88,256112.73
WYNN,2024-08-30,2024-09-24,75.94,83.13,KAR (TP),943.93,257053.66
WYNN,2024-12-09,2024-12-16,95.02,88.82,ZARAR (SL),-655.49,256395.17
WYNN,2025-01-31,2025-02-03,86.01,82.76,ZARAR (SL),-381.81,256010.36
WYNN,2025-02-14,2025-02-20,87.96,92.57,KAR (TP),520.53,256527.89
WYNN,2025-07-24,2025-08-22,107.98,114.07,KAR (TP),561.47,257086.36
WYNN,2025-09-05,2025-09-18,120.65,128.41,KAR (TP),640.51,257723.87
WYNN,2025-09-19,2025-10-03,129.25,123.4,ZARAR (SL),-455.44,257265.43
WYNN,2025-11-03,2025-11-04,125.47,121.09,ZARAR (SL),-352.16,256910.27
WYNN,2025-11-05,2025-11-14,124.93,120.48,ZARAR (SL),-359.26,256548.01
WYNN,2025-11-25,2025-12-10,127.47,123.6,ZARAR (SL),-306.6,256238.41
LVS,2024-02-01,2024-02-08,48.92,51.78,KAR (TP),581.71,256815.62
LVS,2024-02-29,2024-03-01,52.66,49.53,ZARAR (SL),-597.28,256215.34
LVS,2024-04-01,2024-04-12,51.37,48.71,ZARAR (SL),-520.11,255692.23
LVS,2024-05-17,2024-05-23,45.62,43.46,ZARAR (SL),-477.16,255212.06
LVS,2024-06-21,2024-06-25,44.53,43.04,ZARAR (SL),-338.44,254870.62
LVS,2024-08-27,2024-08-29,38.95,37.68,ZARAR (SL),-328.49,254539.13
LVS,2024-09-09,2024-09-19,39.01,41.06,KAR (TP),522.0,255058.13
LVS,2024-10-24,2024-11-05,51.17,49.28,ZARAR (SL),-371.45,254683.69
LVS,2024-12-02,2024-12-16,53.85,51.39,ZARAR (SL),-459.36,254221.32
LVS,2024-12-17,2024-12-18,52.51,49.95,ZARAR (SL),-491.44,253726.88
LVS,2025-05-22,2025-06-03,39.74,41.76,KAR (TP),505.86,254229.74
LVS,2025-06-16,2025-07-01,42.43,46.96,KAR (TP),1064.51,255291.24
LVS,2025-07-23,2025-07-25,48.26,51.95,KAR (TP),761.02,256049.26
LVS,2025-07-28,2025-08-22,52.03,54.83,KAR (TP),534.99,256581.25
LVS,2025-09-02,2025-09-04,56.78,54.89,ZARAR (SL),-336.27,256241.98
LVS,2025-10-23,2025-11-03,56.66,61.48,KAR (TP),847.76,257086.74
LVS,2025-11-24,2025-12-01,65.67,69.49,KAR (TP),578.7,257662.44
LVS,2025-12-02,2025-12-04,68.51,66.4,ZARAR (SL),-310.98,257348.45
PENN,2024-02-12,2024-02-14,23.39,22.5,ZARAR (SL),-383.5,256960.45
PENN,2024-04-23,2024-04-26,17.43,16.86,ZARAR (SL),-330.02,256627.43
PENN,2024-05-14,2024-05-15,16.9,15.9,ZARAR (SL),-594.72,256029.71
PENN,2024-05-31,2024-06-04,17.5,16.46,ZARAR (SL),-597.29,255429.42
PENN,2024-06-06,2024-06-12,17.28,18.55,KAR (TP),731.95,256158.38
PENN,2024-06-14,2024-06-17,17.4,18.52,KAR (TP),640.68,256796.05
PENN,2024-06-21,2024-06-25,19.83,18.26,ZARAR (SL),-794.73,255998.33
PENN,2024-07-11,2024-07-15,20.77,19.82,ZARAR (SL),-460.39,255534.93
PENN,2024-07-26,2024-08-01,19.71,18.92,ZARAR (SL),-403.81,255128.12
PENN,2024-09-04,2024-09-06,19.16,18.07,ZARAR (SL),-571.89,254553.23
PENN,2024-09-13,2024-09-24,19.9,18.81,ZARAR (SL),-550.74,253999.49
PENN,2024-10-24,2024-10-29,19.19,20.79,KAR (TP),830.77,254827.26
PENN,2024-11-06,2024-11-07,19.23,20.22,KAR (TP),511.82,255336.08
PENN,2024-11-08,2024-11-12,20.49,21.54,KAR (TP),509.45,255842.52
PENN,2024-11-27,2024-12-02,21.08,22.34,KAR (TP),594.72,256434.25
PENN,2024-12-03,2024-12-06,21.51,20.74,ZARAR (SL),-360.97,256070.27
PENN,2025-01-10,2025-01-14,19.19,20.65,KAR (TP),757.81,256825.09
PENN,2025-01-16,2025-02-10,20.46,21.91,KAR (TP),705.7,257527.79
PENN,2025-02-18,2025-02-20,22.2,21.31,ZARAR (SL),-403.9,257120.89
PENN,2025-02-28,2025-03-03,21.51,20.76,ZARAR (SL),-351.68,256766.21
PENN,2025-05-12,2025-05-19,15.97,15.45,ZARAR (SL),-328.61,256434.6
PENN,2025-06-06,2025-06-09,15.59,16.48,KAR (TP),567.88,256999.48
PENN,2025-06-16,2025-06-24,16.49,17.49,KAR (TP),603.43,257599.91
PENN,2025-07-25,2025-07-29,19.23,18.35,ZARAR (SL),-460.62,257136.29
PENN,2025-08-15,2025-08-22,18.24,19.49,KAR (TP),682.31,257815.6
PENN,2025-09-08,2025-09-15,20.09,18.83,ZARAR (SL),-630.18,257182.42
PENN,2025-09-24,2025-10-03,19.69,19.0,ZARAR (SL),-353.43,256825.99
DKNG,2024-03-04,2024-03-05,44.87,42.62,ZARAR (SL),-504.45,256317.04
DKNG,2024-03-20,2024-03-26,46.27,48.68,KAR (TP),517.86,256831.89
DKNG,2024-03-27,2024-04-15,45.35,43.72,ZARAR (SL),-362.43,256466.47
DKNG,2024-05-21,2024-05-22,43.38,41.9,ZARAR (SL),-344.17,256119.3
DKNG,2024-07-15,2024-07-18,39.48,36.67,ZARAR (SL),-714.75,255401.54
DKNG,2024-09-05,2024-09-11,35.73,38.44,KAR (TP),755.47,256154.01
DKNG,2024-09-12,2024-09-25,38.59,41.1,KAR (TP),647.43,256798.44
DKNG,2024-11-07,2024-11-11,38.98,43.21,KAR (TP),1082.17,257877.61
DKNG,2024-11-15,2024-11-18,39.84,42.35,KAR (TP),627.02,258501.63
DKNG,2024-12-04,2024-12-09,44.77,42.48,ZARAR (SL),-514.5,257984.12
DKNG,2025-01-16,2025-01-28,39.68,42.0,KAR (TP),581.68,258562.8
DKNG,2025-02-04,2025-02-12,41.75,45.44,KAR (TP),880.83,259440.63
DKNG,2025-02-20,2025-02-21,49.44,45.57,ZARAR (SL),-785.77,258651.87
DKNG,2025-05-15,2025-05-22,36.61,34.87,ZARAR (SL),-478.28,258170.59
DKNG,2025-06-18,2025-06-24,39.6,42.81,KAR (TP),807.61,258975.19
DKNG,2025-07-02,2025-07-10,41.32,44.57,KAR (TP),783.54,259755.74
DKNG,2025-07-30,2025-08-01,45.75,43.73,ZARAR (SL),-444.53,259308.21
DKNG,2025-08-05,2025-08-08,44.94,42.88,ZARAR (SL),-461.39,258843.82
DKNG,2025-08-18,2025-08-28,45.7,48.23,KAR (TP),550.61,259391.43
DKNG,2025-09-05,2025-09-12,46.56,43.98,ZARAR (SL),-557.12,258831.3
DKNG,2025-11-25,2025-12-01,31.67,33.87,KAR (TP),691.66,259519.97
BYND,2024-02-21,2024-02-23,7.33,7.81,KAR (TP),651.84,260167.31
BYND,2024-02-26,2024-02-28,7.45,9.83,KAR (TP),3191.63,263355.94
BYND,2024-03-01,2024-03-04,9.77,8.51,ZARAR (SL),-1292.66,262060.28
BYND,2024-05-09,2024-05-13,7.03,7.96,KAR (TP),1319.9,263377.18
BYND,2024-05-15,2024-05-16,7.68,7.2,ZARAR (SL),-628.0,262746.18
BYND,2024-07-16,2024-07-17,7.49,7.17,ZARAR (SL),-430.24,262312.95
BYND,2024-08-23,2024-08-26,6.74,6.52,ZARAR (SL),-329.41,261980.54
BYND,2024-09-18,2024-09-24,6.29,6.79,KAR (TP),791.91,262769.45
BYND,2024-09-30,2024-10-01,6.78,6.4,ZARAR (SL),-563.47,262202.98
BYND,2024-10-02,2024-10-03,6.71,6.47,ZARAR (SL),-360.68,261839.3
BYND,2024-11-06,2024-11-07,6.58,5.84,ZARAR (SL),-1127.62,260708.68
BYND,2025-01-15,2025-01-16,3.97,4.18,KAR (TP),525.97,261231.65
BYND,2025-01-17,2025-01-22,4.08,3.9,ZARAR (SL),-444.18,260784.47
BYND,2025-01-27,2025-01-28,4.13,3.98,ZARAR (SL),-366.2,260415.28
BYND,2025-02-18,2025-02-20,4.4,4.08,ZARAR (SL),-730.27,259682.0
BYND,2025-05-16,2025-05-20,2.77,2.97,KAR (TP),719.02,260398.02
BYND,2025-05-21,2025-05-23,2.96,2.85,ZARAR (SL),-374.62,260020.4
BYND,2025-05-28,2025-05-30,3.03,2.93,ZARAR (SL),-333.03,259684.37
BYND,2025-06-06,2025-06-13,3.32,3.16,ZARAR (SL),-484.93,259196.44
BYND,2025-06-16,2025-06-30,3.3,3.49,KAR (TP),572.76,259766.2
BYND,2025-07-17,2025-07-21,3.5,4.1,KAR (TP),1711.29,261474.49
BYND,2025-07-24,2025-07-25,3.85,3.64,ZARAR (SL),-548.45,260923.03
BYND,2025-09-15,2025-09-16,2.8,2.71,ZARAR (SL),-324.43,260595.6
BYND,2025-09-17,2025-09-24,2.73,2.9,KAR (TP),619.71,261212.31
BYND,2025-10-21,2025-10-23,3.62,2.84,ZARAR (SL),-2157.7,259051.62
BYND,2025-10-28,2025-10-29,1.98,1.85,ZARAR (SL),-661.23,258387.39
BYND,2025-12-19,2025-12-22,1.11,1.07,ZARAR (SL),-363.36,258021.03
RBLX,2024-02-07,2024-02-13,44.74,42.32,ZARAR (SL),-543.9,257474.13
RBLX,2024-05-03,2024-05-09,39.24,30.42,ZARAR (SL),-2250.71,255220.42
RBLX,2024-06-24,2024-06-27,35.19,37.22,KAR (TP),573.87,255791.29
RBLX,2024-06-28,2024-07-08,37.21,39.82,KAR (TP),698.42,256486.71
RBLX,2024-07-29,2024-08-01,40.57,38.85,ZARAR (SL),-426.96,256056.76
RBLX,2024-08-21,2024-09-13,43.35,45.87,KAR (TP),578.32,256632.07
RBLX,2024-09-16,2024-09-27,46.24,44.18,ZARAR (SL),-448.5,256180.57
RBLX,2024-11-20,2024-11-21,51.52,49.35,ZARAR (SL),-424.2,255753.37
RBLX,2024-12-05,2024-12-09,58.94,56.93,ZARAR (SL),-344.02,255406.35
RBLX,2024-12-20,2024-12-31,60.11,57.86,ZARAR (SL),-377.31,255026.03
RBLX,2025-01-06,2025-01-16,61.93,65.26,KAR (TP),534.7,255557.74
RBLX,2025-04-23,2025-04-30,63.48,67.05,KAR (TP),559.38,256114.12
RBLX,2025-07-01,2025-07-07,100.65,107.76,KAR (TP),703.41,256814.53
RBLX,2025-07-14,2025-07-16,111.83,119.02,KAR (TP),639.94,257451.47
RBLX,2025-08-01,2025-08-06,125.03,134.14,KAR (TP),725.63,258174.09
RBLX,2025-09-03,2025-09-05,133.46,127.69,ZARAR (SL),-435.34,257735.75
RBLX,2025-09-19,2025-10-03,135.18,122.69,ZARAR (SL),-926.95,256805.8
RBLX,2025-10-15,2025-10-17,138.56,132.92,ZARAR (SL),-410.04,256392.76
UBER,2024-02-05,2024-02-14,68.99,79.15,KAR (TP),1469.68,257859.44
UBER,2024-03-21,2024-03-28,80.25,76.99,ZARAR (SL),-409.23,257447.2
UBER,2024-06-06,2024-06-12,68.9,73.15,KAR (TP),613.84,258058.04
UBER,2024-06-21,2024-07-16,70.21,74.3,KAR (TP),579.54,258634.58
UBER,2024-09-19,2024-10-02,75.28,72.87,ZARAR (SL),-323.14,258308.44
UBER,2024-10-07,2024-10-11,74.59,86.34,KAR (TP),1572.28,259877.72
UBER,2024-10-17,2024-10-31,79.9,72.05,ZARAR (SL),-985.48,258889.24
UBER,2025-01-10,2025-02-04,65.97,69.75,KAR (TP),569.99,259456.23
UBER,2025-02-06,2025-02-07,69.99,74.6,KAR (TP),655.67,260108.9
UBER,2025-02-12,2025-02-24,79.35,76.42,ZARAR (SL),-372.25,259733.64
UBER,2025-04-09,2025-04-24,72.68,78.1,KAR (TP),742.73,260473.38
UBER,2025-05-08,2025-05-12,82.3,88.1,KAR (TP),701.74,261172.12
UBER,2025-05-21,2025-05-29,88.67,84.3,ZARAR (SL),-495.84,260673.28
UBER,2025-06-27,2025-07-07,91.53,96.68,KAR (TP),559.66,261229.94
UBER,2025-08-29,2025-09-15,93.75,98.85,KAR (TP),541.0,261767.94
UBER,2025-09-16,2025-09-17,97.83,92.95,ZARAR (SL),-501.82,261263.11
UBER,2025-09-19,2025-10-10,98.51,93.4,ZARAR (SL),-521.73,260738.38
LYFT,2024-02-16,2024-02-20,17.91,16.73,ZARAR (SL),-661.85,260073.53
LYFT,2024-02-23,2024-03-04,16.01,17.08,KAR (TP),665.33,260735.86
LYFT,2024-03-27,2024-04-02,19.48,18.58,ZARAR (SL),-465.01,260267.85
LYFT,2024-04-11,2024-04-12,19.52,18.76,ZARAR (SL),-392.34,259872.51
LYFT,2024-09-10,2024-09-11,11.27,11.95,KAR (TP),600.37,260469.88
LYFT,2024-09-16,2024-09-19,11.68,12.53,KAR (TP),724.74,261191.62
LYFT,2024-09-20,2024-09-24,12.47,13.33,KAR (TP),686.65,261875.27
LYFT,2024-10-11,2024-10-31,13.6,12.97,ZARAR (SL),-466.24,261406.04
LYFT,2024-11-01,2024-11-06,13.48,14.4,KAR (TP),679.49,262082.53
LYFT,2024-11-18,2024-11-19,17.3,16.57,ZARAR (SL),-424.97,261654.57
LYFT,2024-11-27,2024-12-05,17.18,15.5,ZARAR (SL),-980.88,260670.68
LYFT,2025-01-28,2025-01-29,13.96,13.43,ZARAR (SL),-382.66,260285.03
LYFT,2025-02-03,2025-02-10,13.81,15.12,KAR (TP),945.59,261227.62
LYFT,2025-02-11,2025-02-12,14.39,13.25,ZARAR (SL),-795.22,260429.4
LYFT,2025-02-18,2025-02-19,14.01,13.39,ZARAR (SL),-445.54,259980.86
LYFT,2025-04-02,2025-04-03,12.95,11.48,ZARAR (SL),-1138.14,258839.72
LYFT,2025-06-27,2025-07-11,15.72,14.91,ZARAR (SL),-518.27,258318.45
LYFT,2025-08-15,2025-08-22,15.82,17.01,KAR (TP),749.21,259064.67
LYFT,2025-09-08,2025-09-10,17.71,18.96,KAR (TP),702.82,259764.48
LYFT,2025-09-12,2025-09-15,18.62,20.44,KAR (TP),974.44,260735.93
LYFT,2025-11-06,2025-11-10,21.25,23.72,KAR (TP),1159.35,261892.28
LYFT,2025-11-13,2025-11-17,23.8,21.58,ZARAR (SL),-935.77,260953.51
ABNB,2024-02-09,2024-02-15,147.6,157.69,KAR (TP),680.97,261631.47
ABNB,2024-02-16,2024-03-06,152.51,163.87,KAR (TP),741.87,262370.34
ABNB,2024-03-13,2024-04-03,164.76,159.34,ZARAR (SL),-331.96,262035.38
ABNB,2024-06-13,2024-07-02,146.1,154.34,KAR (TP),561.0,262593.38
ABNB,2024-07-05,2024-07-11,152.5,146.0,ZARAR (SL),-429.23,262161.15
ABNB,2024-07-16,2024-07-24,151.26,144.23,ZARAR (SL),-467.76,261690.38
ABNB,2024-09-17,2024-09-19,122.12,128.75,KAR (TP),539.91,262227.29
ABNB,2024-10-17,2024-10-23,136.02,131.92,ZARAR (SL),-304.43,261919.87
ABNB,2024-10-28,2024-11-07,135.78,147.37,KAR (TP),850.59,262767.45
ABNB,2024-11-11,2024-11-12,137.4,133.2,ZARAR (SL),-308.68,262455.78
ABNB,2024-11-22,2024-12-13,137.34,130.95,ZARAR (SL),-468.27,261984.51
ABNB,2025-01-21,2025-01-24,133.07,127.09,ZARAR (SL),-452.39,261529.12
ABNB,2025-02-07,2025-02-14,134.98,161.42,KAR (TP),1955.81,263481.93
ABNB,2025-02-21,2025-02-25,146.07,141.55,ZARAR (SL),-312.44,263166.49
ABNB,2025-04-30,2025-05-12,121.92,134.21,KAR (TP),1005.04,264168.52
ABNB,2025-05-20,2025-05-21,132.13,127.52,ZARAR (SL),-351.9,263813.63
ABNB,2025-05-27,2025-06-05,129.4,137.29,KAR (TP),606.74,264417.36
ABNB,2025-06-06,2025-06-13,140.64,135.54,ZARAR (SL),-365.63,264048.73
ABNB,2025-09-19,2025-09-24,127.04,123.08,ZARAR (SL),-314.71,263731.02
ABNB,2025-10-14,2025-10-27,122.89,129.07,KAR (TP),499.89,264227.91
ABNB,2025-10-29,2025-11-04,126.48,122.35,ZARAR (SL),-329.53,263895.38
DOX,2024-02-01,2024-02-08,88.99,85.93,ZARAR (SL),-347.16,263545.22
DOX,2024-03-12,2024-03-22,89.57,86.7,ZARAR (SL),-323.51,263218.72
DOX,2024-06-28,2024-07-17,76.65,81.47,KAR (TP),625.49,263841.2
DOX,2024-09-09,2024-10-14,82.94,87.12,KAR (TP),500.42,264338.62
DOX,2024-11-06,2024-11-13,88.92,85.69,ZARAR (SL),-366.5,263969.12
DOX,2024-12-16,2025-01-10,85.13,80.73,ZARAR (SL),-519.83,263446.3
DOX,2025-01-21,2025-03-07,84.16,88.84,KAR (TP),552.42,263995.72
DOX,2025-03-10,2025-03-12,88.87,85.86,ZARAR (SL),-341.16,263651.56
DOX,2025-03-31,2025-04-03,90.38,87.25,ZARAR (SL),-349.45,263299.11
DOX,2025-05-21,2025-07-11,90.6,87.69,ZARAR (SL),-324.19,262971.93
DOX,2025-08-08,2025-08-11,88.83,85.89,ZARAR (SL),-334.06,262634.87
DOX,2025-08-27,2025-09-02,86.57,83.87,ZARAR (SL),-314.03,262317.84
DOX,2025-10-14,2025-11-12,83.66,77.36,ZARAR (SL),-756.05,261558.79
GPN,2024-01-26,2024-02-29,131.14,127.02,ZARAR (SL),-316.67,261239.12
GPN,2024-03-19,2024-04-03,128.84,124.71,ZARAR (SL),-323.62,260912.51
GPN,2024-07-11,2024-07-16,95.27,101.44,KAR (TP),644.46,261553.97
GPN,2024-07-22,2024-08-02,98.73,94.07,ZARAR (SL),-474.35,261076.62
GPN,2024-08-07,2024-08-14,97.85,103.38,KAR (TP),562.05,261635.67
GPN,2024-08-15,2024-09-24,107.02,102.36,ZARAR (SL),-438.02,261194.65
GPN,2024-10-30,2024-11-06,101.89,113.44,KAR (TP),1130.26,262321.91
GPN,2024-11-08,2024-11-22,109.34,115.45,KAR (TP),556.16,262875.08
GPN,2024-12-02,2024-12-13,116.49,112.86,ZARAR (SL),-313.92,262558.16
GPN,2025-06-20,2025-07-01,76.18,81.48,KAR (TP),693.86,263249.02
GPN,2025-07-16,2025-07-31,82.17,79.48,ZARAR (SL),-330.85,262915.17
GPN,2025-08-06,2025-08-07,85.03,81.53,ZARAR (SL),-414.5,262497.66
GPN,2025-08-12,2025-08-14,81.9,86.67,KAR (TP),579.6,263074.26
GPN,2025-09-04,2025-09-15,86.76,83.9,ZARAR (SL),-332.58,262738.68
PRU,2024-01-30,2024-02-01,96.98,93.4,ZARAR (SL),-372.5,262361.68
PRU,2024-02-08,2024-02-13,98.78,95.72,ZARAR (SL),-313.28,262045.4
PRU,2024-02-15,2024-03-19,99.4,104.75,KAR (TP),535.01,262577.41
PRU,2024-05-31,2024-06-11,111.98,106.35,ZARAR (SL),-505.7,262068.71
PRU,2024-06-24,2024-07-15,110.87,116.81,KAR (TP),532.42,262598.12
PRU,2024-07-19,2024-08-02,115.15,102.59,ZARAR (SL),-1093.82,261501.3
PRU,2024-09-19,2024-11-18,114.61,120.58,KAR (TP),517.52,262015.83
PRU,2024-11-25,2024-12-09,122.36,116.51,ZARAR (SL),-480.82,261532.01
PRU,2025-01-17,2025-02-05,113.13,108.43,ZARAR (SL),-418.93,261110.08
PRU,2025-03-21,2025-04-03,106.11,100.84,ZARAR (SL),-499.96,260607.12
PRU,2025-05-12,2025-05-21,103.3,99.2,ZARAR (SL),-399.94,260204.18
PRU,2025-05-27,2025-08-01,101.87,98.14,ZARAR (SL),-369.37,259831.81
PRU,2025-08-26,2025-09-05,107.95,104.33,ZARAR (SL),-338.53,259490.28
PRU,2025-10-14,2025-10-16,102.35,98.55,ZARAR (SL),-374.26,259113.02
PRU,2025-10-30,2025-11-24,101.75,107.19,KAR (TP),532.11,259642.13
MET,2024-01-29,2024-02-01,66.31,61.59,ZARAR (SL),-715.05,258924.08
MET,2024-02-12,2024-03-13,65.12,69.03,KAR (TP),598.02,259519.1
MET,2024-03-14,2024-04-15,68.3,65.96,ZARAR (SL),-345.14,259170.96
MET,2024-05-31,2024-06-06,69.28,67.05,ZARAR (SL),-324.96,258843.0
MET,2024-07-10,2024-07-16,68.57,72.43,KAR (TP),561.09,259401.09
MET,2024-08-01,2024-08-02,72.55,67.55,ZARAR (SL),-691.84,258706.25
MET,2024-09-06,2024-09-17,71.49,75.55,KAR (TP),563.96,259267.2
MET,2024-09-18,2024-10-04,76.48,81.11,KAR (TP),601.42,259865.62
MET,2024-10-09,2024-10-31,81.59,75.68,ZARAR (SL),-726.92,259135.7
MET,2024-12-03,2024-12-09,83.31,79.96,ZARAR (SL),-404.31,258728.39
MET,2025-01-08,2025-01-10,80.49,77.99,ZARAR (SL),-313.31,258412.08
MET,2025-01-13,2025-01-17,79.6,84.34,KAR (TP),591.55,259000.64
MET,2025-01-22,2025-02-13,83.34,80.53,ZARAR (SL),-340.19,258657.45
MET,2025-03-21,2025-03-28,80.55,77.49,ZARAR (SL),-383.04,258271.41
MET,2025-05-07,2025-05-12,75.61,79.45,KAR (TP),505.21,258773.62
MET,2025-05-21,2025-07-30,76.75,73.69,ZARAR (SL),-402.23,258368.39
MET,2025-08-12,2025-08-22,76.01,80.91,KAR (TP),640.94,259006.33
MET,2025-09-05,2025-11-06,78.94,75.97,ZARAR (SL),-379.22,258624.11
MET,2025-11-13,2025-11-17,79.47,75.53,ZARAR (SL),-498.78,258122.33
L,2024-01-31,2024-03-15,72.43,76.58,KAR (TP),570.06,258689.38
L,2024-03-18,2024-04-11,76.58,73.44,ZARAR (SL),-413.55,258272.83
L,2024-04-22,2024-05-23,76.09,73.79,ZARAR (SL),-306.35,257963.49
L,2024-05-31,2024-06-11,76.48,73.86,ZARAR (SL),-345.45,257615.04
L,2024-06-21,2024-07-05,76.24,73.45,ZARAR (SL),-368.73,257243.31
L,2024-07-29,2024-08-05,78.53,75.68,ZARAR (SL),-365.67,256874.65
L,2024-09-09,2024-09-11,80.21,77.45,ZARAR (SL),-345.94,256525.7
L,2024-10-16,2024-11-04,80.32,76.25,ZARAR (SL),-509.27,256013.43
L,2024-11-06,2024-11-27,82.48,86.82,KAR (TP),523.02,256533.46
L,2025-01-31,2025-02-21,85.22,82.54,ZARAR (SL),-317.8,256212.65
L,2025-02-28,2025-03-12,86.5,83.83,ZARAR (SL),-312.22,255897.43
L,2025-03-19,2025-04-04,87.63,82.96,ZARAR (SL),-536.03,255358.41
L,2025-05-06,2025-06-30,86.61,91.55,KAR (TP),566.82,255922.22
L,2025-07-10,2025-08-13,90.39,95.29,KAR (TP),539.54,256458.77
L,2025-08-18,2025-09-24,94.47,99.2,KAR (TP),497.61,256953.37
L,2025-09-25,2025-11-12,98.96,103.98,KAR (TP),503.97,257454.34
VLO,2024-01-26,2024-02-26,129.92,137.72,KAR (TP),597.57,258047.41
VLO,2024-02-29,2024-03-07,134.28,141.46,KAR (TP),532.13,258576.54
VLO,2024-05-17,2024-05-29,157.63,147.79,ZARAR (SL),-627.47,257946.07
VLO,2024-06-28,2024-07-08,149.83,141.42,ZARAR (SL),-564.37,257378.7
VLO,2024-07-25,2024-08-02,150.06,142.94,ZARAR (SL),-477.56,256898.15
VLO,2024-10-03,2024-10-08,138.58,131.18,ZARAR (SL),-536.92,256358.23
VLO,2024-11-14,2024-12-04,134.72,129.98,ZARAR (SL),-355.25,255999.98
VLO,2025-01-30,2025-02-04,132.36,139.76,KAR (TP),556.0,256552.99
VLO,2025-05-22,2025-06-16,126.88,135.79,KAR (TP),699.3,257249.29
VLO,2025-06-23,2025-07-03,135.1,142.51,KAR (TP),545.67,257791.95
VLO,2025-07-08,2025-07-16,146.54,141.14,ZARAR (SL),-371.6,257417.35
VLO,2025-10-02,2025-10-10,163.67,157.03,ZARAR (SL),-408.59,257005.76
VLO,2025-10-27,2025-11-04,173.26,168.05,ZARAR (SL),-303.55,256699.22
VLO,2025-11-07,2025-11-18,174.52,184.27,KAR (TP),555.59,257251.81
VLO,2025-11-19,2025-11-20,179.2,170.82,ZARAR (SL),-470.63,256778.18
VLO,2025-11-24,2025-12-12,174.37,168.3,ZARAR (SL),-351.11,256424.07
PSX,2024-01-26,2024-02-05,130.86,137.41,KAR (TP),497.64,256918.71
PSX,2024-03-06,2024-03-13,137.96,145.2,KAR (TP),521.63,257437.34
PSX,2024-03-14,2024-03-28,145.12,153.54,KAR (TP),577.39,258011.73
PSX,2024-06-28,2024-07-08,133.75,128.81,ZARAR (SL),-372.77,257635.96
PSX,2024-07-31,2024-08-01,137.84,133.55,ZARAR (SL),-314.38,257318.58
PSX,2024-08-30,2024-09-03,134.05,128.97,ZARAR (SL),-381.45,256934.14
PSX,2025-01-27,2025-01-31,118.63,113.61,ZARAR (SL),-426.3,256504.84
PSX,2025-02-04,2025-02-18,119.14,125.57,KAR (TP),536.6,257038.44
PSX,2025-02-19,2025-03-04,125.26,118.93,ZARAR (SL),-508.4,256527.04
PSX,2025-05-21,2025-06-10,109.75,116.55,KAR (TP),616.07,257140.11
PSX,2025-06-23,2025-07-03,118.84,124.98,KAR (TP),514.23,257651.34
PSX,2025-07-08,2025-07-16,127.64,121.43,ZARAR (SL),-489.92,257158.42
PSX,2025-07-28,2025-07-31,125.38,121.34,ZARAR (SL),-324.87,256830.55
PSX,2025-09-10,2025-09-25,130.31,137.91,KAR (TP),579.86,257407.41
PSX,2025-10-29,2025-11-20,136.84,131.99,ZARAR (SL),-357.18,257047.23
PSX,2025-12-03,2025-12-16,139.85,131.78,ZARAR (SL),-580.05,256464.19
MPC,2024-01-26,2024-01-30,153.9,162.88,KAR (TP),580.73,257041.91
MPC,2024-01-31,2024-03-01,158.77,166.87,KAR (TP),507.55,257546.46
MPC,2024-03-04,2024-03-13,167.39,181.98,KAR (TP),868.37,258411.82
MPC,2024-08-06,2024-08-15,165.42,174.97,KAR (TP),573.98,258982.8
MPC,2024-08-16,2024-08-20,174.27,166.12,ZARAR (SL),-470.7,258509.11
MPC,2024-08-30,2024-09-04,172.28,167.06,ZARAR (SL),-306.18,258199.92
MPC,2024-11-13,2024-12-04,154.76,147.13,ZARAR (SL),-495.94,257700.98
MPC,2025-01-24,2025-01-31,148.32,142.54,ZARAR (SL),-392.16,257305.83
MPC,2025-02-04,2025-02-06,153.5,148.63,ZARAR (SL),-320.38,256982.45
MPC,2025-02-11,2025-02-12,151.93,145.97,ZARAR (SL),-395.14,256584.3
MPC,2025-02-13,2025-02-26,150.74,143.95,ZARAR (SL),-453.91,256127.4
MPC,2025-05-30,2025-06-17,159.05,168.29,KAR (TP),578.06,256702.46
MPC,2025-06-18,2025-07-03,165.66,174.2,KAR (TP),512.47,257211.93
MPC,2025-07-11,2025-07-16,177.97,170.56,ZARAR (SL),-419.44,256789.49
MPC,2025-08-22,2025-08-29,170.02,178.81,KAR (TP),513.74,257300.23
MPC,2025-09-19,2025-09-25,184.53,195.46,KAR (TP),589.04,257886.27
MPC,2025-10-29,2025-11-04,194.77,182.86,ZARAR (SL),-614.49,257268.78
MPC,2025-11-06,2025-12-12,191.75,185.77,ZARAR (SL),-315.09,256950.68
DVN,2024-02-15,2024-03-06,40.59,42.72,KAR (TP),520.27,257467.96
DVN,2024-06-28,2024-07-10,45.31,43.89,ZARAR (SL),-317.35,257147.61
DVN,2024-07-15,2024-07-23,45.94,43.94,ZARAR (SL),-437.96,256706.65
DVN,2024-10-03,2024-10-21,40.39,38.74,ZARAR (SL),-412.19,256291.46
DVN,2025-02-19,2025-02-25,36.55,34.91,ZARAR (SL),-452.83,255835.63
DVN,2025-05-08,2025-05-12,31.29,32.87,KAR (TP),504.36,256336.99
DVN,2025-06-11,2025-06-23,33.78,32.39,ZARAR (SL),-411.72,255922.27
DVN,2025-07-08,2025-07-14,34.46,32.76,ZARAR (SL),-495.55,255423.71
DVN,2025-07-24,2025-08-01,32.86,31.71,ZARAR (SL),-351.35,255069.36
DVN,2025-08-20,2025-08-25,33.33,35.3,KAR (TP),586.11,255652.47
DVN,2025-09-05,2025-09-26,34.3,36.75,KAR (TP),712.51,256361.98
DVN,2025-11-07,2025-11-14,33.48,35.61,KAR (TP),632.01,256990.99
DVN,2025-11-20,2025-11-28,34.94,36.82,KAR (TP),537.39,257525.38
DVN,2025-12-03,2025-12-15,37.45,36.17,ZARAR (SL),-344.51,257177.87
DVN,2025-12-17,2025-12-18,36.95,35.72,ZARAR (SL),-335.88,256838.99
APA,2024-02-15,2024-02-22,28.93,27.98,ZARAR (SL),-332.6,256503.39
APA,2024-03-26,2024-04-01,30.44,32.8,KAR (TP),772.55,257272.93
APA,2024-04-03,2024-04-12,32.6,31.22,ZARAR (SL),-426.17,256843.76
APA,2024-05-31,2024-06-03,28.48,27.47,ZARAR (SL),-360.03,256480.73
APA,2024-07-15,2024-08-02,29.35,26.88,ZARAR (SL),-843.73,255634.0
APA,2024-12-11,2024-12-17,21.26,19.99,ZARAR (SL),-597.28,255033.72
APA,2025-01-06,2025-01-14,22.47,23.6,KAR (TP),499.96,255530.68
APA,2025-01-21,2025-01-31,22.51,21.05,ZARAR (SL),-651.19,254876.49
APA,2025-02-19,2025-02-21,22.64,21.88,ZARAR (SL),-342.13,254531.36
APA,2025-05-12,2025-05-21,17.28,16.3,ZARAR (SL),-567.65,253960.71
APA,2025-05-30,2025-06-03,16.6,17.82,KAR (TP),737.74,254695.45
APA,2025-06-09,2025-06-11,18.18,19.13,KAR (TP),523.03,255215.49
APA,2025-07-28,2025-08-01,19.35,18.26,ZARAR (SL),-570.19,254642.29
APA,2025-08-08,2025-08-22,19.79,21.4,KAR (TP),811.59,255450.88
APA,2025-09-03,2025-09-09,22.43,21.42,ZARAR (SL),-452.74,254995.15
APA,2025-09-10,2025-09-16,23.03,24.24,KAR (TP),520.83,255512.98
APA,2025-09-17,2025-10-10,23.89,21.7,ZARAR (SL),-921.87,254588.1
APA,2025-10-23,2025-10-24,24.62,23.83,ZARAR (SL),-323.88,254261.23
APA,2025-11-06,2025-11-18,23.64,24.92,KAR (TP),538.46,254796.68
EOG,2024-02-15,2024-03-11,108.15,114.37,KAR (TP),572.05,255365.74
EOG,2024-03-12,2024-03-25,114.39,120.46,KAR (TP),527.45,255890.19
EOG,2024-04-25,2024-05-01,129.0,123.85,ZARAR (SL),-402.68,255484.52
EOG,2024-06-28,2024-07-15,119.96,126.42,KAR (TP),535.65,256017.17
EOG,2024-07-19,2024-07-23,124.04,119.86,ZARAR (SL),-339.56,255674.61
EOG,2024-08-29,2024-09-03,124.74,118.64,ZARAR (SL),-491.54,255180.07
EOG,2024-09-19,2024-09-26,120.15,115.52,ZARAR (SL),-388.78,254788.29
EOG,2024-11-08,2024-12-04,129.64,125.2,ZARAR (SL),-345.23,254440.06
EOG,2025-01-27,2025-01-31,128.46,122.45,ZARAR (SL),-470.57,253966.49
EOG,2025-02-20,2025-02-25,132.07,127.83,ZARAR (SL),-323.63,253639.86
EOG,2025-02-27,2025-03-03,127.14,117.34,ZARAR (SL),-774.0,252862.87
EOG,2025-05-09,2025-06-10,109.16,115.8,KAR (TP),605.35,253465.22
EOG,2025-06-23,2025-07-21,119.84,115.38,ZARAR (SL),-374.84,253087.38
EOG,2025-08-15,2025-09-02,117.86,124.9,KAR (TP),594.53,253678.91
EOG,2025-09-16,2025-09-19,119.69,114.9,ZARAR (SL),-403.53,253272.38
EOG,2025-11-11,2025-11-25,109.34,105.47,ZARAR (SL),-356.94,252912.44
EOG,2025-12-01,2025-12-15,109.71,105.93,ZARAR (SL),-347.54,252561.89
OXY,2024-02-13,2024-02-16,55.47,58.27,KAR (TP),502.12,253061.01
OXY,2024-02-20,2024-03-14,57.35,60.47,KAR (TP),542.03,253600.04
OXY,2024-04-15,2024-04-17,66.04,63.76,ZARAR (SL),-348.33,253248.71
OXY,2024-06-24,2024-07-08,61.35,59.12,ZARAR (SL),-366.64,252879.07
OXY,2024-07-15,2024-07-24,60.14,58.26,ZARAR (SL),-314.29,252561.78
OXY,2024-10-03,2024-10-15,53.37,50.22,ZARAR (SL),-592.52,251966.26
OXY,2025-01-21,2025-01-28,49.46,47.94,ZARAR (SL),-309.63,251653.63
OXY,2025-02-19,2025-02-25,49.89,47.84,ZARAR (SL),-414.85,251235.78
OXY,2025-05-08,2025-05-12,40.75,43.13,KAR (TP),580.98,251813.76
OXY,2025-06-03,2025-06-11,41.98,44.34,KAR (TP),559.26,252370.02
OXY,2025-06-16,2025-06-23,44.83,43.46,ZARAR (SL),-307.44,252059.58
OXY,2025-07-08,2025-07-15,45.24,42.22,ZARAR (SL),-671.85,251384.73
OXY,2025-07-29,2025-07-31,44.96,43.45,ZARAR (SL),-337.36,251044.37
OXY,2025-09-03,2025-10-02,45.79,43.97,ZARAR (SL),-399.02,250642.35
OXY,2025-11-12,2025-12-15,41.69,40.19,ZARAR (SL),-362.29,250277.06
SLB,2024-04-03,2024-04-12,52.17,49.45,ZARAR (SL),-524.33,249749.73
SLB,2024-07-15,2024-08-02,45.89,43.0,ZARAR (SL),-634.78,249111.96
SLB,2024-10-17,2024-10-18,42.37,40.38,ZARAR (SL),-473.56,248635.39
SLB,2024-11-25,2024-12-05,42.14,40.73,ZARAR (SL),-337.54,248294.86
SLB,2025-01-23,2025-01-31,40.74,39.04,ZARAR (SL),-419.37,247872.49
SLB,2025-02-21,2025-03-03,40.74,38.87,ZARAR (SL),-462.99,247406.5
SLB,2025-03-07,2025-03-11,40.38,39.12,ZARAR (SL),-314.82,247088.68
SLB,2025-03-27,2025-04-03,41.09,38.27,ZARAR (SL),-689.46,246396.22
SLB,2025-06-16,2025-06-23,35.35,33.2,ZARAR (SL),-610.07,245783.14
SLB,2025-07-01,2025-07-11,34.65,36.72,KAR (TP),596.43,246376.58
SLB,2025-07-23,2025-07-31,34.59,33.27,ZARAR (SL),-384.33,245989.24
SLB,2025-09-03,2025-09-22,34.73,33.65,ZARAR (SL),-311.57,245674.67
SLB,2025-10-22,2025-10-29,34.63,36.54,KAR (TP),550.01,246221.68
SLB,2025-12-03,2025-12-10,37.55,39.93,KAR (TP),630.82,246849.5
HAL,2024-01-26,2024-01-31,35.69,33.9,ZARAR (SL),-503.93,246341.07
HAL,2024-02-15,2024-03-14,33.61,35.94,KAR (TP),691.01,247029.08
HAL,2024-04-12,2024-04-16,37.91,36.73,ZARAR (SL),-313.06,246713.02
HAL,2024-07-15,2024-07-22,33.84,32.07,ZARAR (SL),-525.28,246184.74
HAL,2024-07-25,2024-08-02,32.81,30.56,ZARAR (SL),-688.01,245493.72
HAL,2024-10-01,2024-10-17,28.91,27.95,ZARAR (SL),-333.77,245156.95
HAL,2024-11-06,2024-11-07,29.46,28.54,ZARAR (SL),-314.48,244839.48
HAL,2024-11-13,2024-11-21,29.16,30.78,KAR (TP),553.48,245389.95
HAL,2024-11-26,2024-12-04,30.73,29.72,ZARAR (SL),-331.55,245055.41
HAL,2025-01-22,2025-01-27,27.66,26.46,ZARAR (SL),-434.88,244617.52
HAL,2025-05-12,2025-05-20,20.78,20.03,ZARAR (SL),-365.35,244249.17
HAL,2025-06-03,2025-06-10,19.98,21.45,KAR (TP),732.44,244978.61
HAL,2025-07-08,2025-07-15,21.86,21.1,ZARAR (SL),-350.47,244625.14
HAL,2025-07-22,2025-07-28,21.1,22.53,KAR (TP),674.89,245297.02
HAL,2025-07-29,2025-08-01,22.76,21.3,ZARAR (SL),-644.25,244649.78
HAL,2025-08-28,2025-09-03,22.32,21.45,ZARAR (SL),-390.55,244256.23
HAL,2025-09-04,2025-09-08,22.33,21.63,ZARAR (SL),-314.53,243938.7
HAL,2025-09-09,2025-09-23,21.61,24.12,KAR (TP),1155.62,245091.32
HAL,2025-09-24,2025-10-09,24.29,23.25,ZARAR (SL),-428.53,244659.79
HAL,2025-10-21,2025-10-23,25.08,27.05,KAR (TP),781.47,245438.26
HAL,2025-12-03,2025-12-10,27.4,29.04,KAR (TP),595.54,246030.8
BKR,2024-02-29,2024-03-11,28.45,30.09,KAR (TP),574.9,246601.2
BKR,2024-04-25,2024-05-01,32.01,30.66,ZARAR (SL),-426.42,246171.77
BKR,2024-05-15,2024-05-23,31.87,30.78,ZARAR (SL),-343.12,245825.66
BKR,2024-05-30,2024-06-14,31.43,30.09,ZARAR (SL),-430.96,245391.7
BKR,2024-06-21,2024-06-25,31.87,33.72,KAR (TP),580.05,245968.76
BKR,2024-07-11,2024-07-16,33.4,35.13,KAR (TP),515.69,246481.45
BKR,2024-07-25,2024-07-26,34.43,36.43,KAR (TP),578.79,247057.23
BKR,2024-08-01,2024-08-02,36.43,34.59,ZARAR (SL),-510.3,246543.93
BKR,2024-09-19,2024-09-26,35.4,33.85,ZARAR (SL),-440.29,246100.63
BKR,2024-09-27,2024-10-31,35.23,37.08,KAR (TP),522.15,246619.79
BKR,2025-01-03,2025-01-13,41.77,43.89,KAR (TP),505.67,247122.46
BKR,2025-01-30,2025-02-03,43.67,46.41,KAR (TP),624.8,247744.27
BKR,2025-02-04,2025-02-07,46.96,45.23,ZARAR (SL),-369.97,247371.29
BKR,2025-03-31,2025-04-03,43.24,40.2,ZARAR (SL),-706.07,246662.22
BKR,2025-06-04,2025-06-17,36.92,39.21,KAR (TP),616.47,247275.69
BKR,2025-06-20,2025-06-25,38.61,37.21,ZARAR (SL),-367.1,246905.59
BKR,2025-06-26,2025-07-11,37.94,40.29,KAR (TP),618.09,247520.68
BKR,2025-07-18,2025-07-23,39.32,44.23,KAR (TP),1245.74,248763.42
BKR,2025-09-15,2025-09-23,46.06,48.7,KAR (TP),569.6,249330.02
BKR,2025-09-30,2025-10-10,48.49,44.83,ZARAR (SL),-758.34,248568.68
BKR,2025-11-14,2025-12-12,48.73,46.86,ZARAR (SL),-386.75,248178.94
FTI,2024-02-15,2024-02-22,19.43,21.23,KAR (TP),926.41,249102.34
FTI,2024-03-13,2024-03-15,22.92,24.22,KAR (TP),565.23,249664.57
FTI,2024-04-09,2024-04-16,25.89,24.99,ZARAR (SL),-350.46,249311.11
FTI,2024-04-25,2024-04-30,26.29,25.33,ZARAR (SL),-367.8,248940.31
FTI,2024-05-21,2024-05-22,26.34,25.15,ZARAR (SL),-454.3,248483.01
FTI,2024-07-17,2024-07-26,27.16,28.59,KAR (TP),525.81,249005.82
FTI,2024-07-30,2024-08-02,28.73,26.8,ZARAR (SL),-675.18,248327.64
FTI,2024-09-19,2024-09-24,26.15,27.59,KAR (TP),547.29,248871.92
FTI,2024-09-25,2024-09-26,26.62,25.07,ZARAR (SL),-588.16,248280.76
FTI,2024-11-06,2024-11-21,28.04,29.84,KAR (TP),638.45,248916.21
FTI,2024-12-09,2024-12-18,30.13,28.68,ZARAR (SL),-484.69,248428.52
FTI,2025-01-03,2025-01-29,31.16,30.0,ZARAR (SL),-376.21,248049.32
FTI,2025-03-21,2025-03-27,29.24,31.1,KAR (TP),633.92,248680.24
FTI,2025-04-03,2025-04-04,29.37,25.05,ZARAR (SL),-1471.29,247205.94
FTI,2025-05-27,2025-06-03,30.17,31.74,KAR (TP),516.01,247718.95
FTI,2025-06-24,2025-07-16,33.96,32.86,ZARAR (SL),-326.05,247389.9
FTI,2025-07-24,2025-07-31,37.44,36.28,ZARAR (SL),-314.67,247072.23
FTI,2025-08-29,2025-09-04,36.72,39.6,KAR (TP),783.18,247852.41
FTI,2025-09-19,2025-10-03,39.36,38.0,ZARAR (SL),-350.63,247498.78
FTI,2025-10-23,2025-10-24,40.87,39.44,ZARAR (SL),-352.46,247143.32
FTI,2025-11-12,2025-11-25,42.86,45.03,KAR (TP),503.35,247643.67
FTI,2025-12-01,2025-12-16,45.64,43.82,ZARAR (SL),-401.77,247238.9
NOV,2024-01-26,2024-01-30,19.85,18.77,ZARAR (SL),-546.37,246689.52
NOV,2024-03-13,2024-03-28,17.55,18.52,KAR (TP),548.35,247234.87
NOV,2024-05-16,2024-05-22,17.92,17.31,ZARAR (SL),-347.1,246884.78
NOV,2024-05-31,2024-06-03,17.86,16.84,ZARAR (SL),-571.55,246310.23
NOV,2024-07-02,2024-07-09,17.61,16.86,ZARAR (SL),-425.08,245882.16
NOV,2024-07-16,2024-07-22,18.59,17.9,ZARAR (SL),-372.04,245507.12
NOV,2024-07-26,2024-08-02,18.91,17.81,ZARAR (SL),-587.38,244916.73
NOV,2024-11-06,2024-11-08,16.07,15.58,ZARAR (SL),-306.75,244606.98
NOV,2024-11-12,2024-11-15,15.83,15.29,ZARAR (SL),-347.62,244256.36
NOV,2024-11-19,2024-12-06,15.31,14.39,ZARAR (SL),-602.07,243651.29
NOV,2025-02-05,2025-02-06,15.8,14.89,ZARAR (SL),-581.21,243067.08
NOV,2025-02-07,2025-02-21,15.02,14.53,ZARAR (SL),-329.51,242734.57
NOV,2025-05-14,2025-05-19,12.68,12.16,ZARAR (SL),-414.9,242316.67
NOV,2025-06-10,2025-06-25,13.1,12.7,ZARAR (SL),-309.3,242004.38
NOV,2025-07-25,2025-07-29,13.83,12.9,ZARAR (SL),-675.87,241325.51
NOV,2025-09-03,2025-10-03,12.85,13.64,KAR (TP),611.51,241934.02
NOV,2025-10-06,2025-10-09,13.53,13.09,ZARAR (SL),-326.77,241604.25
NOV,2025-10-23,2025-10-28,14.02,14.88,KAR (TP),614.9,242216.15
NOV,2025-11-12,2025-11-20,15.33,14.31,ZARAR (SL),-665.34,241547.81
NOV,2025-12-03,2025-12-16,16.24,15.32,ZARAR (SL),-572.35,240972.46
TDW,2024-02-15,2024-02-22,69.55,73.03,KAR (TP),497.36,241465.32
TDW,2024-02-29,2024-03-01,70.03,80.09,KAR (TP),1433.53,242895.85
TDW,2024-03-06,2024-03-13,79.32,86.26,KAR (TP),871.94,243764.78
TDW,2024-05-03,2024-05-13,106.51,103.26,ZARAR (SL),-308.14,243453.65
TDW,2024-06-10,2024-06-14,105.86,96.99,ZARAR (SL),-840.9,242609.75
TDW,2024-07-25,2024-07-29,100.06,95.89,ZARAR (SL),-419.75,242187.0
TDW,2024-12-17,2024-12-18,52.54,49.42,ZARAR (SL),-596.83,241587.16
TDW,2024-12-30,2025-01-03,53.2,56.46,KAR (TP),609.78,242193.95
TDW,2025-01-22,2025-01-28,55.05,53.26,ZARAR (SL),-328.16,241862.79
TDW,2025-05-27,2025-05-30,41.33,39.71,ZARAR (SL),-394.97,241464.82
TDW,2025-06-03,2025-06-09,42.73,45.51,KAR (TP),647.6,242109.42
TDW,2025-06-23,2025-07-01,44.82,47.7,KAR (TP),639.57,242745.99
TDW,2025-07-02,2025-07-08,47.72,51.83,KAR (TP),858.27,243601.26
TDW,2025-07-17,2025-07-23,48.62,51.65,KAR (TP),620.2,244218.46
TDW,2025-07-30,2025-08-01,50.93,47.53,ZARAR (SL),-670.58,243544.88
TDW,2025-08-07,2025-08-11,56.88,54.84,ZARAR (SL),-361.65,243180.23
TDW,2025-08-13,2025-08-22,56.22,60.83,KAR (TP),816.99,243994.22
TDW,2025-11-07,2025-11-11,52.9,58.92,KAR (TP),1135.0,245126.22
TDW,2025-11-12,2025-11-13,54.69,57.46,KAR (TP),503.49,245626.71
TDW,2025-11-21,2025-12-03,53.75,59.75,KAR (TP),1113.28,246736.99
PAGP,2024-01-26,2024-01-31,14.67,14.2,ZARAR (SL),-325.71,246408.28
PAGP,2024-02-20,2024-03-20,14.83,15.72,KAR (TP),594.63,246999.91
PAGP,2024-03-22,2024-04-03,15.64,16.56,KAR (TP),586.23,247583.14
PAGP,2024-04-22,2024-05-01,16.4,15.87,ZARAR (SL),-327.35,247252.79
PAGP,2024-06-26,2024-07-03,16.6,17.67,KAR (TP),636.78,247886.57
PAGP,2024-07-22,2024-07-24,17.83,17.24,ZARAR (SL),-338.34,247545.23
PAGP,2024-08-29,2024-09-10,17.24,16.64,ZARAR (SL),-350.37,247191.87
PAGP,2024-10-11,2024-10-21,17.12,16.59,ZARAR (SL),-315.67,246873.2
PAGP,2024-11-07,2024-11-12,17.39,16.54,ZARAR (SL),-491.84,246378.36
PAGP,2024-12-02,2024-12-16,18.11,17.41,ZARAR (SL),-390.76,245984.6
PAGP,2025-01-08,2025-01-16,18.42,19.86,KAR (TP),779.74,246761.34
PAGP,2025-01-31,2025-03-05,19.89,19.11,ZARAR (SL),-390.71,246367.63
PAGP,2025-03-27,2025-04-03,20.18,19.42,ZARAR (SL),-380.45,245984.19
PAGP,2025-05-08,2025-05-29,17.51,16.95,ZARAR (SL),-320.98,245660.21
PAGP,2025-06-03,2025-06-18,17.62,18.96,KAR (TP),754.08,246411.29
PAGP,2025-06-24,2025-09-19,18.54,17.89,ZARAR (SL),-355.78,246052.51
PAGP,2025-09-24,2025-09-30,18.52,17.85,ZARAR (SL),-367.5,245682.01
PAGP,2025-11-06,2025-11-24,17.25,18.19,KAR (TP),541.93,246220.94
PAA,2024-01-30,2024-02-02,13.77,13.31,ZARAR (SL),-338.44,245878.0
PAA,2024-02-12,2024-03-01,13.74,14.46,KAR (TP),516.98,246391.97
PAA,2024-03-14,2024-03-28,14.45,15.3,KAR (TP),588.07,246977.04
PAA,2024-04-10,2024-04-15,15.8,15.26,ZARAR (SL),-344.97,246629.07
PAA,2024-04-23,2024-05-01,15.73,15.02,ZARAR (SL),-455.1,246170.97
PAA,2024-06-24,2024-07-02,15.59,16.46,KAR (TP),554.77,246722.75
PAA,2024-09-13,2024-10-21,15.98,15.44,ZARAR (SL),-341.79,246377.95
PAA,2024-11-06,2024-11-12,16.03,15.55,ZARAR (SL),-307.07,246067.88
PAA,2025-01-31,2025-03-05,18.55,17.75,ZARAR (SL),-432.29,245632.59
PAA,2025-05-12,2025-05-29,16.41,15.9,ZARAR (SL),-312.4,245317.19
PAA,2025-06-06,2025-06-18,16.7,17.63,KAR (TP),553.19,245867.38
PAA,2025-06-24,2025-09-08,17.36,16.78,ZARAR (SL),-336.26,245528.12
PAA,2025-09-24,2025-09-30,17.38,16.68,ZARAR (SL),-407.95,245117.17
PAA,2025-11-10,2025-12-03,16.67,17.71,KAR (TP),620.87,245735.05
WES,2024-01-31,2024-02-20,24.42,26.19,KAR (TP),720.98,246451.53
WES,2024-02-21,2024-02-22,25.66,28.56,KAR (TP),1130.2,247578.73
WES,2024-03-15,2024-05-03,29.35,30.96,KAR (TP),542.93,248118.66
WES,2024-05-08,2024-05-14,30.93,33.02,KAR (TP),673.06,248788.71
WES,2024-05-31,2024-06-10,32.52,34.25,KAR (TP),530.23,249315.94
WES,2024-06-21,2024-07-01,33.5,35.36,KAR (TP),550.97,249863.91
WES,2024-09-13,2024-09-26,35.23,33.78,ZARAR (SL),-414.93,249445.98
WES,2024-10-07,2024-10-17,35.48,34.29,ZARAR (SL),-339.26,249103.72
WES,2024-11-14,2024-11-29,34.43,37.1,KAR (TP),772.54,249873.26
WES,2024-12-09,2024-12-18,36.08,34.85,ZARAR (SL),-343.99,249526.27
WES,2025-01-13,2025-01-21,36.42,39.09,KAR (TP),730.23,250253.5
WES,2025-01-27,2025-03-04,37.52,36.05,ZARAR (SL),-396.25,249854.25
WES,2025-03-10,2025-04-04,37.71,34.46,ZARAR (SL),-864.94,248986.31
WES,2025-05-09,2025-05-13,35.42,37.58,KAR (TP),606.0,249589.31
WES,2025-06-26,2025-07-17,36.64,38.74,KAR (TP),572.82,250159.13
WES,2025-07-21,2025-10-10,37.6,36.38,ZARAR (SL),-327.58,249828.56
WMB,2024-02-21,2024-03-05,32.08,33.94,KAR (TP),576.58,250400.64
WMB,2024-04-10,2024-04-16,36.44,35.29,ZARAR (SL),-319.36,250078.29
WMB,2024-05-06,2024-05-17,36.61,38.68,KAR (TP),562.79,250638.08
WMB,2024-05-31,2024-06-24,38.91,40.88,KAR (TP),502.93,251138.01
WMB,2024-06-28,2024-07-22,40.3,42.45,KAR (TP),531.12,251666.13
WMB,2024-07-23,2024-07-24,41.79,40.29,ZARAR (SL),-363.71,251299.42
WMB,2024-07-29,2024-08-05,40.7,39.1,ZARAR (SL),-396.66,250899.76
WMB,2024-08-07,2024-08-23,40.77,42.94,KAR (TP),529.56,251426.31
WMB,2024-09-04,2024-09-23,42.15,44.29,KAR (TP),505.91,251929.22
WMB,2024-09-24,2024-10-04,44.11,47.56,KAR (TP),779.1,252705.32
WMB,2024-10-31,2024-11-06,50.18,53.02,KAR (TP),562.21,253264.53
WMB,2024-11-13,2024-11-19,53.28,56.15,KAR (TP),536.57,253798.1
WMB,2024-11-26,2024-12-02,55.93,54.09,ZARAR (SL),-331.94,253463.16
WMB,2025-01-13,2025-01-16,54.16,57.2,KAR (TP),559.2,254019.36
WMB,2025-02-28,2025-03-05,56.24,54.34,ZARAR (SL),-339.88,253676.47
WMB,2025-03-21,2025-04-04,58.12,53.22,ZARAR (SL),-846.96,252826.51
WMB,2025-05-06,2025-06-26,57.25,61.83,KAR (TP),797.27,253620.79
WMB,2025-06-27,2025-07-01,61.63,57.75,ZARAR (SL),-633.28,252984.5
WMB,2025-07-31,2025-08-07,58.96,56.93,ZARAR (SL),-346.62,252634.88
WMB,2025-09-16,2025-09-23,57.47,60.89,KAR (TP),590.62,253222.5
WMB,2025-11-21,2025-12-04,59.12,63.14,KAR (TP),676.42,253895.91
WMB,2025-12-05,2025-12-10,62.29,60.0,ZARAR (SL),-370.78,253522.14
KMI,2024-02-16,2024-03-11,15.74,16.53,KAR (TP),499.63,254018.77
KMI,2024-03-14,2024-04-03,16.15,17.06,KAR (TP),560.78,254576.55
KMI,2024-04-18,2024-05-09,16.75,17.76,KAR (TP),599.79,255173.33
KMI,2024-05-31,2024-07-17,18.21,19.18,KAR (TP),530.61,255700.94
KMI,2024-07-24,2024-08-05,19.66,19.01,ZARAR (SL),-335.62,255362.32
KMI,2024-08-30,2024-09-11,20.42,19.72,ZARAR (SL),-346.07,255013.25
KMI,2024-09-19,2024-10-02,20.44,21.72,KAR (TP),622.29,255632.54
KMI,2024-11-05,2024-11-06,23.67,25.24,KAR (TP),660.7,256290.24
KMI,2024-12-05,2024-12-09,26.79,25.96,ZARAR (SL),-314.05,255973.19
KMI,2025-01-02,2025-01-16,26.92,28.79,KAR (TP),690.7,256660.89
KMI,2025-03-21,2025-04-04,27.03,24.48,ZARAR (SL),-948.22,255709.67
KMI,2025-05-05,2025-06-02,26.29,28.03,KAR (TP),659.45,256366.12
KMI,2025-06-20,2025-07-21,27.41,26.53,ZARAR (SL),-324.31,256038.8
KMI,2025-08-04,2025-08-06,27.96,26.45,ZARAR (SL),-544.02,255491.79
KMI,2025-09-19,2025-10-23,27.11,25.96,ZARAR (SL),-429.7,255059.09
ETN,2024-01-29,2024-02-01,243.23,258.73,KAR (TP),634.26,255688.85
ETN,2024-03-13,2024-03-21,294.53,309.52,KAR (TP),505.93,256191.78
ETN,2024-03-26,2024-04-05,306.15,324.23,KAR (TP),587.55,256776.33
ETN,2024-04-09,2024-04-19,307.9,297.26,ZARAR (SL),-348.69,256424.65
ETN,2024-04-24,2024-05-15,312.73,332.53,KAR (TP),630.04,257051.68
ETN,2024-05-31,2024-06-04,327.5,311.09,ZARAR (SL),-504.13,256544.56
ETN,2024-07-10,2024-07-17,321.81,306.49,ZARAR (SL),-479.04,256062.52
ETN,2024-07-22,2024-07-24,315.17,294.78,ZARAR (SL),-649.85,255409.66
ETN,2024-09-11,2024-09-18,293.35,310.63,KAR (TP),586.28,255992.95
ETN,2024-09-19,2024-10-14,324.72,341.2,KAR (TP),504.42,256494.36
ETN,2024-10-15,2024-11-06,333.72,355.59,KAR (TP),652.27,257143.63
ETN,2024-11-07,2024-12-17,356.96,343.61,ZARAR (SL),-376.86,256763.77
ETN,2025-05-02,2025-05-12,297.8,321.15,KAR (TP),781.14,257541.91
ETN,2025-05-30,2025-06-16,319.27,337.03,KAR (TP),553.21,258092.13
ETN,2025-06-18,2025-06-27,333.89,352.2,KAR (TP),545.59,258634.71
ETN,2025-07-21,2025-07-28,372.57,391.62,KAR (TP),508.16,259139.87
ETN,2025-08-01,2025-08-05,380.18,355.41,ZARAR (SL),-654.47,258482.4
ETN,2025-09-11,2025-09-22,360.08,378.31,KAR (TP),503.28,258982.68
ETN,2025-09-23,2025-10-29,368.52,387.75,KAR (TP),518.82,259498.5
ETN,2025-10-30,2025-11-11,383.09,367.91,ZARAR (SL),-399.25,259096.24
AOS,2024-02-29,2024-03-15,80.25,84.31,KAR (TP),502.43,259595.67
AOS,2024-03-18,2024-04-25,83.12,80.17,ZARAR (SL),-357.07,259235.61
AOS,2024-06-24,2024-06-28,82.05,79.47,ZARAR (SL),-316.87,258915.73
AOS,2024-07-10,2024-07-12,80.65,85.35,KAR (TP),580.2,259492.94
AOS,2024-07-15,2024-07-23,85.32,78.2,ZARAR (SL),-837.85,258652.09
AOS,2024-07-31,2024-08-02,82.95,80.38,ZARAR (SL),-313.44,258335.64
AOS,2024-09-16,2024-09-25,79.69,83.73,KAR (TP),503.73,258836.38
AOS,2024-10-08,2024-10-11,84.33,78.88,ZARAR (SL),-648.46,258184.92
AOS,2025-01-17,2025-01-29,70.36,67.82,ZARAR (SL),-363.67,257818.24
AOS,2025-03-05,2025-04-03,65.49,62.69,ZARAR (SL),-430.07,257385.18
AOS,2025-04-30,2025-05-28,67.17,63.58,ZARAR (SL),-537.92,256844.25
AOS,2025-07-16,2025-07-24,67.36,73.19,KAR (TP),862.54,257703.79
AOS,2025-07-25,2025-10-10,71.33,67.38,ZARAR (SL),-555.76,257145.03
EMR,2024-02-08,2024-03-01,98.8,104.88,KAR (TP),612.07,257752.59
EMR,2024-05-31,2024-06-04,109.28,104.12,ZARAR (SL),-474.65,257274.95
EMR,2024-07-02,2024-07-15,106.46,113.96,KAR (TP),701.68,257973.63
EMR,2024-07-19,2024-08-02,112.71,106.4,ZARAR (SL),-562.3,257408.32
EMR,2024-09-17,2024-09-27,101.74,106.95,KAR (TP),509.03,257914.36
EMR,2025-01-21,2025-02-05,127.31,122.67,ZARAR (SL),-367.53,257543.82
EMR,2025-02-06,2025-02-21,125.34,120.32,ZARAR (SL),-404.19,257136.63
EMR,2025-05-06,2025-05-12,105.92,117.91,KAR (TP),1128.73,258262.36
EMR,2025-05-30,2025-06-09,118.4,124.57,KAR (TP),518.03,258777.38
EMR,2025-07-30,2025-08-05,144.86,139.41,ZARAR (SL),-378.87,258395.51
EMR,2025-09-05,2025-10-10,131.98,125.47,ZARAR (SL),-496.4,257896.11
EMR,2025-10-27,2025-11-07,133.88,128.93,ZARAR (SL),-372.63,257520.48
EMR,2025-12-04,2025-12-17,136.64,131.64,ZARAR (SL),-368.93,257148.56
PCAR,2024-03-14,2024-03-19,108.2,113.64,KAR (TP),499.56,257645.12
PCAR,2024-04-03,2024-04-17,113.1,108.88,ZARAR (SL),-375.86,257266.26
PCAR,2024-05-31,2024-06-27,101.25,97.92,ZARAR (SL),-331.37,256931.88
PCAR,2024-07-17,2024-07-23,102.86,91.45,ZARAR (SL),-1111.87,255817.01
PCAR,2024-09-03,2024-09-05,90.29,87.47,ZARAR (SL),-315.89,255498.12
PCAR,2024-09-09,2024-10-03,89.73,95.67,KAR (TP),658.26,256153.38
PCAR,2024-10-22,2024-11-06,99.01,109.61,KAR (TP),1067.71,257218.09
PCAR,2024-11-25,2024-12-12,110.4,106.86,ZARAR (SL),-323.92,256891.17
PCAR,2025-01-21,2025-02-07,107.3,103.32,ZARAR (SL),-374.45,256513.73
PCAR,2025-03-06,2025-03-12,104.49,100.03,ZARAR (SL),-429.61,256081.12
PCAR,2025-05-15,2025-06-02,94.14,90.02,ZARAR (SL),-440.64,255637.48
PCAR,2025-06-26,2025-07-23,93.07,99.18,KAR (TP),653.62,256288.1
PCAR,2025-07-24,2025-08-01,99.49,94.64,ZARAR (SL),-491.02,255794.08
PCAR,2025-08-22,2025-09-03,99.89,94.69,ZARAR (SL),-523.2,255267.88
PCAR,2025-09-11,2025-09-22,100.14,95.53,ZARAR (SL),-463.89,254800.99
PCAR,2025-10-20,2025-11-17,95.93,92.97,ZARAR (SL),-311.98,254486.01
PCAR,2025-11-21,2025-12-03,101.7,107.18,KAR (TP),535.89,255018.9
ROK,2024-03-04,2024-03-18,279.57,269.87,ZARAR (SL),-350.02,254664.38
ROK,2024-03-21,2024-04-02,281.44,271.87,ZARAR (SL),-342.9,254318.49
ROK,2024-04-12,2024-04-18,276.32,265.34,ZARAR (SL),-400.44,253915.04
ROK,2024-06-24,2024-07-12,259.14,276.17,KAR (TP),654.47,254566.51
ROK,2024-08-21,2024-09-04,260.08,251.38,ZARAR (SL),-337.78,254225.73
ROK,2024-09-19,2024-09-25,262.71,252.73,ZARAR (SL),-382.9,253839.84
ROK,2024-09-26,2024-11-06,265.58,287.95,KAR (TP),839.31,254676.14
ROK,2024-11-07,2024-11-22,271.39,286.18,KAR (TP),542.23,255215.37
ROK,2024-11-25,2024-12-18,293.9,283.06,ZARAR (SL),-371.6,254840.77
ROK,2025-01-21,2025-01-29,286.1,274.42,ZARAR (SL),-411.23,254426.55
ROK,2025-02-10,2025-02-25,297.48,285.38,ZARAR (SL),-409.81,254013.74
ROK,2025-06-20,2025-07-01,318.99,336.08,KAR (TP),532.8,254543.54
ROK,2025-07-07,2025-07-17,336.4,353.83,KAR (TP),515.1,255055.64
ROK,2025-07-22,2025-08-06,350.98,326.21,ZARAR (SL),-708.56,254344.08
ROK,2025-09-08,2025-10-10,343.41,332.53,ZARAR (SL),-319.83,254021.25
ROK,2025-10-15,2025-11-06,350.8,371.14,KAR (TP),576.68,254594.94
ROK,2025-11-07,2025-11-12,372.12,393.1,KAR (TP),560.6,255152.54
ROK,2025-11-13,2025-11-18,378.3,366.01,ZARAR (SL),-327.89,254821.65
ROK,2025-11-19,2025-11-25,372.48,391.3,KAR (TP),502.26,255320.91
ROK,2025-12-04,2025-12-17,403.89,389.54,ZARAR (SL),-358.29,254959.61
SWK,2024-03-08,2024-03-15,85.11,82.01,ZARAR (SL),-367.01,254589.6
SWK,2024-03-19,2024-03-21,84.35,89.14,KAR (TP),565.06,255151.66
SWK,2024-03-25,2024-04-12,87.85,85.11,ZARAR (SL),-315.4,254833.26
SWK,2024-07-11,2024-07-26,81.64,89.62,KAR (TP),974.8,255805.06
SWK,2024-08-01,2024-08-05,95.32,89.88,ZARAR (SL),-573.44,255228.61
SWK,2024-09-05,2024-09-18,93.12,99.28,KAR (TP),658.86,255884.47
SWK,2024-09-19,2024-10-23,102.26,97.78,ZARAR (SL),-440.88,255440.59
SWK,2025-01-17,2025-01-23,80.51,84.54,KAR (TP),497.77,255935.36
SWK,2025-01-28,2025-02-03,84.88,81.37,ZARAR (SL),-416.1,255516.26
SWK,2025-02-04,2025-03-04,82.8,78.58,ZARAR (SL),-511.64,255001.62
SWK,2025-03-07,2025-03-11,85.84,79.94,ZARAR (SL),-689.75,254308.87
SWK,2025-06-30,2025-07-02,66.22,69.94,KAR (TP),559.36,254865.23
SWK,2025-07-22,2025-07-29,71.15,67.06,ZARAR (SL),-578.55,254283.68
SWK,2025-08-13,2025-08-21,74.26,71.47,ZARAR (SL),-378.1,253902.58
SWK,2025-08-26,2025-09-02,73.49,70.89,ZARAR (SL),-356.73,253542.86
SWK,2025-09-03,2025-09-05,72.0,77.51,KAR (TP),761.59,254301.44
SWK,2025-09-08,2025-09-22,77.51,74.15,ZARAR (SL),-436.56,253861.88
SWK,2025-12-03,2025-12-11,72.53,76.54,KAR (TP),549.87,254408.76
TDY,2024-03-28,2024-04-08,429.32,414.57,ZARAR (SL),-346.57,254057.69
TDY,2024-05-23,2024-05-29,400.98,385.94,ZARAR (SL),-378.08,253676.61
TDY,2024-07-11,2024-07-24,393.99,417.0,KAR (TP),581.03,254254.63
TDY,2024-08-02,2024-08-30,410.54,432.8,KAR (TP),539.21,254790.84
TDY,2024-09-03,2024-10-02,420.0,443.17,KAR (TP),548.67,255336.51
TDY,2024-10-07,2024-10-23,436.59,470.09,KAR (TP),764.31,256097.82
TDY,2024-10-31,2024-11-06,455.32,480.74,KAR (TP),555.29,256650.11
TDY,2024-11-15,2025-01-06,470.15,455.51,ZARAR (SL),-314.39,256332.72
TDY,2025-01-17,2025-01-22,473.89,511.67,KAR (TP),794.23,257123.95
TDY,2025-03-03,2025-03-04,512.96,492.96,ZARAR (SL),-392.89,256728.06
TDY,2025-03-21,2025-04-03,501.82,471.6,ZARAR (SL),-605.21,256119.85
TDY,2025-05-02,2025-06-09,478.83,505.36,KAR (TP),551.06,256667.91
TDY,2025-06-10,2025-07-10,500.56,527.52,KAR (TP),535.6,257200.51
TDY,2025-08-04,2025-09-30,552.26,586.04,KAR (TP),608.67,257806.17
TDY,2025-10-01,2025-10-22,575.07,543.73,ZARAR (SL),-547.98,257255.2
RSG,2024-02-13,2024-02-23,172.33,181.52,KAR (TP),530.57,257781.26
RSG,2024-03-15,2024-07-05,182.83,192.32,KAR (TP),516.02,258294.28
RSG,2024-07-23,2024-07-25,196.41,186.84,ZARAR (SL),-490.34,257800.94
RSG,2024-08-02,2024-11-08,197.36,209.4,KAR (TP),607.07,258405.01
RSG,2024-11-11,2024-12-18,209.63,201.36,ZARAR (SL),-397.68,258004.34
RSG,2025-01-29,2025-02-11,210.72,221.58,KAR (TP),512.29,258513.62
RSG,2025-02-18,2025-03-31,226.84,240.35,KAR (TP),592.49,259103.12
RSG,2025-04-09,2025-05-07,238.04,250.52,KAR (TP),521.53,259621.65
RSG,2025-05-22,2025-07-02,249.72,237.04,ZARAR (SL),-510.78,259107.88
WM,2024-02-09,2024-02-13,183.46,193.79,KAR (TP),559.85,259663.23
WM,2024-04-02,2024-05-29,205.8,199.03,ZARAR (SL),-332.21,259328.01
WM,2024-05-31,2024-06-03,205.43,196.24,ZARAR (SL),-450.49,258874.52
WM,2024-09-03,2024-09-18,204.9,198.25,ZARAR (SL),-327.21,258544.32
WM,2024-10-23,2024-11-08,208.0,220.09,KAR (TP),578.68,259120.0
WM,2024-11-12,2024-11-15,220.74,213.99,ZARAR (SL),-309.08,258807.92
WM,2024-11-21,2024-12-13,217.55,210.07,ZARAR (SL),-346.7,258458.22
WM,2025-01-29,2025-01-30,206.48,219.17,KAR (TP),611.65,259066.87
WM,2025-01-31,2025-02-28,217.03,229.37,KAR (TP),565.42,259629.29
WM,2025-03-04,2025-03-12,226.59,219.59,ZARAR (SL),-311.75,259314.54
WM,2025-03-17,2025-04-07,225.68,218.13,ZARAR (SL),-337.37,258974.17
WM,2025-04-28,2025-05-30,226.56,238.32,KAR (TP),516.03,259487.2
WM,2025-07-29,2025-08-14,233.77,224.44,ZARAR (SL),-402.47,259081.73
WM,2025-10-10,2025-10-28,218.41,203.44,ZARAR (SL),-688.06,258390.66
CARR,2024-02-02,2024-02-06,55.54,53.12,ZARAR (SL),-438.01,257948.15
CARR,2024-02-29,2024-03-07,54.37,58.25,KAR (TP),711.29,258656.44
CARR,2024-03-08,2024-04-04,56.78,54.63,ZARAR (SL),-381.98,258271.45
CARR,2024-04-25,2024-05-06,58.5,62.86,KAR (TP),740.98,259009.44
CARR,2024-06-24,2024-07-01,63.6,60.92,ZARAR (SL),-425.4,258581.03
CARR,2024-07-11,2024-07-16,65.36,68.77,KAR (TP),519.51,259097.54
CARR,2024-07-17,2024-07-25,66.51,63.8,ZARAR (SL),-409.93,258684.62
CARR,2024-08-15,2024-08-30,67.31,71.63,KAR (TP),637.35,259318.97
CARR,2024-09-03,2024-09-11,68.95,72.5,KAR (TP),512.27,259828.24
CARR,2024-09-12,2024-09-19,74.17,79.29,KAR (TP),686.93,260512.17
CARR,2024-10-09,2024-10-24,80.78,71.74,ZARAR (SL),-1121.42,259387.75
CARR,2024-11-21,2024-12-06,75.0,72.69,ZARAR (SL),-310.85,259073.89
CARR,2025-01-21,2025-01-27,69.85,66.76,ZARAR (SL),-445.24,258625.65
CARR,2025-03-07,2025-03-13,66.72,63.61,ZARAR (SL),-468.94,258153.71
CARR,2025-03-21,2025-03-28,65.51,62.7,ZARAR (SL),-432.2,257718.51
CARR,2025-06-27,2025-07-23,73.17,79.31,KAR (TP),835.12,258550.63
CARR,2025-10-21,2025-10-22,59.59,56.52,ZARAR (SL),-517.88,258029.76
CARR,2025-10-29,2025-10-30,60.75,58.85,ZARAR (SL),-315.76,257711.0
